CD_CAT_PRO,CD_CAT_QUALIF,CD_CAT_QUALIF_2,CD_CAT_SS_QUALIF,CD_CATEGO,CD_GRADE,CD_GRADE_SAE,CD_GROUPE_SAE,Somme de CD_LIGNE_SAE_Q23,Somme de CD_LIGNE_SAE_Q24,CD_QUALIF,CD_QUALIF_TENSION,CD_SC,Année,Trimestre,Mois,Jour,Année,Trimestre,Mois,Jour,FL_ACTIF_FAG,FL_ACTIF_FNG,LB_CAT_PRO,LB_CAT_QUALIF,LB_CAT_QUALIF_2,LB_CAT_SS_QUALIF,LB_CATEGO,LB_GRADE,LB_GRADE_L,LB_GRADE_SAE,LB_GROUPE_SAE,LB_LIGNE_SAE_Q23,LB_LIGNE_SAE_Q24,LB_QUALIF,LB_QUALIF_GRP,LB_QUALIF_GRP,LB_QUALIF,LB_QUALIF_L,LB_SC,LB_TYPE_PERSONNEL,Somme de NB_MATRIC_FAG,Somme de NB_MATRIC_FNG
,,PH,,B,4145,,,,,32166201,N,,2025,Qtr 4,octobre,6,2025,Qtr 2,avril,7,O,O,,,Personnel Hospitalier,,CATEGORIE B,ERGO 2E GRD,ERGOTHERAPEUTE 2E GRADE,,,,,ERGOTHERAPEUTE,REEDUCATION HORS CADRES,REEDUCATION HORS CADRES,ERGOTHERAPEUTE,ERGOTHERAPEUTE,,Personnel non médical,1,1
,,PH,,B,4147,,,,,32169201,N,,2025,Qtr 4,octobre,6,2025,Qtr 2,avril,7,O,O,,,Personnel Hospitalier,,CATEGORIE B,PSYCHOMOT 2E GRD,PSYCHOMOTRICIEN 2E GRADE,,,,,PSYCHOMOTRICIEN,REEDUCATION HORS CADRES,REEDUCATION HORS CADRES,PSYCHOMOTRICIEN,PSYCHOMOTRICIEN,,Personnel non médical,1,1
ING,PTO,PT,Z,A,1862,5110,5100,46,19,62210101,N,70,,,,,2024,Qtr 1,février,15,N,O,PTO INGENIEUR,PERSONNEL TECHNIQUE ET OUVRIER,Personnel Technique,MANQUANT,CATEGORIE A,INGENIEUR GENERAL,INGENIEUR GENERAL,Ingénieurs,Personnels techniques et ouvriers,Personnels techniques et ouvriers,MANQUANT,INGEN. GENERAL,INGENIEUR TRVX ET TECHNIQUE,INGENIEUR TRVX ET TECHNIQUE,INGEN. GENERAL,INGENIEUR GENERAL,INGENIEUR TRVX ET TECHNIQUE,Personnel non médical,0,23
ING,PTO,PT,Z,A,1866,5110,5100,46,19,62250101,N,70,,,,,2024,Qtr 1,février,15,N,O,PTO INGENIEUR,PERSONNEL TECHNIQUE ET OUVRIER,Personnel Technique,MANQUANT,CATEGORIE A,INGENIEUR HOSPITAL,INGENIEUR HOSPITALIER,Ingénieurs,Personnels techniques et ouvriers,Personnels techniques et ouvriers,MANQUANT,INGENIEUR SUBDIV.,INGENIEUR TRVX ET TECHNIQUE,INGENIEUR TRVX ET TECHNIQUE,INGENIEUR SUBDIV.,INGENIEUR SUBDIVISIONNAIRE,INGENIEUR TRVX ET TECHNIQUE,Personnel non médical,0,13
ING,PTO,PT,Z,A,1868,5110,5100,46,19,62230101,N,70,,,,,2024,Qtr 1,février,15,N,O,PTO INGENIEUR,PERSONNEL TECHNIQUE ET OUVRIER,Personnel Technique,MANQUANT,CATEGORIE A,ING HOSP CH CL NOR,INGENIEUR HOSPITALIER EN CHEF CLASSE NORMALE,Ingénieurs,Personnels techniques et ouvriers,Personnels techniques et ouvriers,MANQUANT,INGENIEUR EN CHEF,INGENIEUR TRVX ET TECHNIQUE,INGENIEUR TRVX ET TECHNIQUE,INGENIEUR EN CHEF,INGENIEUR EN CHEF,INGENIEUR TRVX ET TECHNIQUE,Personnel non médical,0,132
ING,PTO,PT,Z,A,1869,5110,5100,46,19,62230100,N,70,,,,,2024,Qtr 1,février,15,N,O,PTO INGENIEUR,PERSONNEL TECHNIQUE ET OUVRIER,Personnel Technique,MANQUANT,CATEGORIE A,ING HOSP CH CL EXC,INGENIEUR HOSPITALIER EN CHEF CLASSE EXCEP.,Ingénieurs,Personnels techniques et ouvriers,Personnels techniques et ouvriers,MANQUANT,ING HOS CHEF CL EX,INGENIEUR TRVX ET TECHNIQUE,INGENIEUR TRVX ET TECHNIQUE,ING HOS CHEF CL EX,INGENIEUR HOSPITALIER CHEF CL EXECPT,INGENIEUR TRVX ET TECHNIQUE,Personnel non médical,0,79
ING,PTO,PT,Z,A,1870,5110,5100,46,19,62250101,N,70,,,,,2024,Qtr 1,février,15,N,O,PTO INGENIEUR,PERSONNEL TECHNIQUE ET OUVRIER,Personnel Technique,MANQUANT,CATEGORIE A,INGENIEUR HOSPITAL,INGENIEUR HOSPITALIER,Ingénieurs,Personnels techniques et ouvriers,Personnels techniques et ouvriers,MANQUANT,INGENIEUR SUBDIV.,INGENIEUR TRVX ET TECHNIQUE,INGENIEUR TRVX ET TECHNIQUE,INGENIEUR SUBDIV.,INGENIEUR SUBDIVISIONNAIRE,INGENIEUR TRVX ET TECHNIQUE,Personnel non médical,0,370
ING,PTO,PT,Z,A,1871,5110,5100,46,19,62240101,N,70,,,,,2024,Qtr 1,février,15,N,O,PTO INGENIEUR,PERSONNEL TECHNIQUE ET OUVRIER,Personnel Technique,MANQUANT,CATEGORIE A,INGENIEUR HOS PPAL,INGENIEUR HOSPITALIER PRINCIPAL,Ingénieurs,Personnels techniques et ouvriers,Personnels techniques et ouvriers,MANQUANT,INGENIEUR PRINCIP,INGENIEUR TRVX ET TECHNIQUE,INGENIEUR TRVX ET TECHNIQUE,INGENIEUR PRINCIP,INGENIEUR PRINCIPAL,INGENIEUR TRVX ET TECHNIQUE,Personnel non médical,0,280
ING,PTO,PT,Z,A,1872,5110,5100,46,19,62250101,N,70,,,,,2024,Qtr 2,mai,6,O,O,PTO INGENIEUR,PERSONNEL TECHNIQUE ET OUVRIER,Personnel Technique,MANQUANT,CATEGORIE A,INGENIEUR,INGENIEUR,Ingénieurs,Personnels techniques et ouvriers,Personnels techniques et ouvriers,MANQUANT,INGENIEUR SUBDIV.,INGENIEUR TRVX ET TECHNIQUE,INGENIEUR TRVX ET TECHNIQUE,INGENIEUR SUBDIV.,INGENIEUR SUBDIVISIONNAIRE,INGENIEUR TRVX ET TECHNIQUE,Personnel non médical,208,236
ING,PTO,PT,Z,A,1873,5110,5100,46,19,62240101,N,70,,,,,2024,Qtr 2,mai,6,O,O,PTO INGENIEUR,PERSONNEL TECHNIQUE ET OUVRIER,Personnel Technique,MANQUANT,CATEGORIE A,INGENIEUR PPAL,INGENIEUR PRINCIPAL,Ingénieurs,Personnels techniques et ouvriers,Personnels techniques et ouvriers,MANQUANT,INGENIEUR PRINCIP,INGENIEUR TRVX ET TECHNIQUE,INGENIEUR TRVX ET TECHNIQUE,INGENIEUR PRINCIP,INGENIEUR PRINCIPAL,INGENIEUR TRVX ET TECHNIQUE,Personnel non médical,169,184
ING,PTO,PT,Z,A,1875,5110,5100,46,19,62230101,N,70,,,,,2024,Qtr 2,mai,6,O,O,PTO INGENIEUR,PERSONNEL TECHNIQUE ET OUVRIER,Personnel Technique,MANQUANT,CATEGORIE A,INGE EN CHEF,INGENIEUR EN CHEF,Ingénieurs,Personnels techniques et ouvriers,Personnels techniques et ouvriers,MANQUANT,INGENIEUR EN CHEF,INGENIEUR TRVX ET TECHNIQUE,INGENIEUR TRVX ET TECHNIQUE,INGENIEUR EN CHEF,INGENIEUR EN CHEF,INGENIEUR TRVX ET TECHNIQUE,Personnel non médical,67,73
ING,PTO,PT,Z,A,1876,5110,5100,46,19,62220101,N,70,,,,,2024,Qtr 2,mai,6,O,O,PTO INGENIEUR,PERSONNEL TECHNIQUE ET OUVRIER,Personnel Technique,MANQUANT,CATEGORIE A,INGE CHEF HC,INGENIEUR EN CHEF HORS CLASSE,Ingénieurs,Personnels techniques et ouvriers,Personnels techniques et ouvriers,MANQUANT,INGEN. EN CHEF HC,INGENIEUR TRVX ET TECHNIQUE,INGENIEUR TRVX ET TECHNIQUE,INGEN. EN CHEF HC,INGENIEUR EN CHEF HORS CLASSE,INGENIEUR TRVX ET TECHNIQUE,Personnel non médical,47,56
ING,PTO,PT,Z,A,1877,5110,5100,46,19,62230100,N,70,2025,Qtr 2,mai,5,2025,Qtr 2,avril,7,O,O,PTO INGENIEUR,PERSONNEL TECHNIQUE ET OUVRIER,Personnel Technique,MANQUANT,CATEGORIE A,INGE CHEF CL EX,INGENIEUR EN CHEF DE CLASSE EXCEPTIONNELLE,Ingénieurs,Personnels techniques et ouvriers,Personnels techniques et ouvriers,MANQUANT,ING HOS CHEF CL EX,INGENIEUR TRVX ET TECHNIQUE,INGENIEUR TRVX ET TECHNIQUE,ING HOS CHEF CL EX,INGENIEUR HOSPITALIER CHEF CL EXECPT,INGENIEUR TRVX ET TECHNIQUE,Personnel non médical,1,1
ING,PTO,PT,Z,A,1878,5110,5100,46,19,62210101,N,70,,,,,2024,Qtr 2,mai,6,O,O,PTO INGENIEUR,PERSONNEL TECHNIQUE ET OUVRIER,Personnel Technique,MANQUANT,CATEGORIE A,INGENIEUR GENERAL,INGENIEUR GENERAL,Ingénieurs,Personnels techniques et ouvriers,Personnels techniques et ouvriers,MANQUANT,INGEN. GENERAL,INGENIEUR TRVX ET TECHNIQUE,INGENIEUR TRVX ET TECHNIQUE,INGEN. GENERAL,INGENIEUR GENERAL,INGENIEUR TRVX ET TECHNIQUE,Personnel non médical,14,19
MISSION,PA,PA,E,A,1151,1100,1100,1,1,11123001,N,43,,,,,2024,Qtr 4,octobre,25,O,O,PA CHARGE DE MISSION,PERSONNEL ADMINISTRATIF,Personnel Administratif,PERSONNEL HOSPITALIER ENCADREMENT,CATEGORIE A,CHARG MISS ADM N1,CHARGE MISSION ADMINISTRATIF N 1,Personnel de direction,Personnels de direction,Personnels de direction et administratif,MANQUANT,CHARG.MISS.A1 ADM,CHARGE DE MISSION PA,CHARGE DE MISSION PA,CHARG.MISS.A1 ADM,CHARGE DE MISSION A1 ADMINISTRATIF,CHARGE DE MISSION PA,Personnel non médical,70,142
MISSION,PA,PA,E,A,1152,1100,1100,1,1,11125001,N,43,,,,,2024,Qtr 1,février,15,O,O,PA CHARGE DE MISSION,PERSONNEL ADMINISTRATIF,Personnel Administratif,PERSONNEL HOSPITALIER ENCADREMENT,CATEGORIE A,CHARG MISS ADM N2,CHARGE MISSION ADMINISTRATIF N 2,Personnel de direction,Personnels de direction,Personnels de direction et administratif,MANQUANT,CHARG.MISS.A2 ADM,CHARGE DE MISSION PA,CHARGE DE MISSION PA,CHARG.MISS.A2 ADM,CHARGE DE MISSION A2 ADMINISTRATIF,CHARGE DE MISSION PA,Personnel non médical,75,454
MISSION,PA,PA,E,A,1153,1220,1200,5,3,11127001,N,43,,,,,2024,Qtr 1,février,7,O,O,PA CHARGE DE MISSION,PERSONNEL ADMINISTRATIF,Personnel Administratif,PERSONNEL HOSPITALIER ENCADREMENT,CATEGORIE A,CHARG MISS ADM N3,CHARGE MISSION ADMINISTRATIF N 3,Autres personnels administratifs,Autres personnels administratifs,Personnels de direction et administratif,MANQUANT,CHARG.MISS.A3 ADM,CHARGE DE MISSION PA,CHARGE DE MISSION PA,CHARG.MISS.A3 ADM,CHARGE DE MISSION A3 ADMINISTRATIF,CHARGE DE MISSION PA,Personnel non médical,178,534
MISSION,PA,PA,E,A,1154,1220,1200,5,3,11129001,N,43,,,,,2024,Qtr 1,février,7,O,O,PA CHARGE DE MISSION,PERSONNEL ADMINISTRATIF,Personnel Administratif,PERSONNEL HOSPITALIER ENCADREMENT,CATEGORIE A,CHARG MISS ADM N4,CHARGE MISSION ADMINISTRATIF N 4,Autres personnels administratifs,Autres personnels administratifs,Personnels de direction et administratif,MANQUANT,CHARG.MISS.A4 ADM,CHARGE DE MISSION PA,CHARGE DE MISSION PA,CHARG.MISS.A4 ADM,CHARGE DE MISSION A4 ADMINISTRATIF,CHARGE DE MISSION PA,Personnel non médical,170,1337
MISSION,PA,PA,E,A,1155,1220,1200,5,3,11129301,N,43,,,,,2024,Qtr 1,février,7,O,O,PA CHARGE DE MISSION,PERSONNEL ADMINISTRATIF,Personnel Administratif,PERSONNEL HOSPITALIER ENCADREMENT,CATEGORIE A,CHARG MISS ADM N5,CHARGE MISSION ADMINISTRATIF N 5,Autres personnels administratifs,Autres personnels administratifs,Personnels de direction et administratif,MANQUANT,CHARG.MISS.A5 ADM,CHARGE DE MISSION PA,CHARGE DE MISSION PA,CHARG.MISS.A5 ADM,CHARGE DE MISSION A5 ADMINISTRATIF,CHARGE DE MISSION PA,Personnel non médical,260,637
MISSION,PA,PA,E,B,1156,1220,1200,5,3,11129501,N,43,,,,,2024,Qtr 1,février,7,O,O,PA CHARGE DE MISSION,PERSONNEL ADMINISTRATIF,Personnel Administratif,PERSONNEL HOSPITALIER ENCADREMENT,CATEGORIE B,CHARG MISS ADM N6,CHARGE MISSION ADMINISTRATIF N 6,Autres personnels administratifs,Autres personnels administratifs,Personnels de direction et administratif,MANQUANT,CHARG.MISS.A6 ADM,CHARGE DE MISSION PA,CHARGE DE MISSION PA,CHARG.MISS.A6 ADM,CHARGE DE MISSION A6 ADMINISTRATIF,CHARGE DE MISSION PA,Personnel non médical,107,431
MISSION,PA,PA,E,B,1157,1220,1200,5,3,11129701,N,43,,,,,2024,Qtr 1,février,7,O,O,PA CHARGE DE MISSION,PERSONNEL ADMINISTRATIF,Personnel Administratif,PERSONNEL HOSPITALIER ENCADREMENT,CATEGORIE B,CHARG MISS ADM N7,CHARGE MISSION ADMINISTRATIF N 7,Autres personnels administratifs,Autres personnels administratifs,Personnels de direction et administratif,MANQUANT,CHARG.MISS.A7 ADM,CHARGE DE MISSION PA,CHARGE DE MISSION PA,CHARG.MISS.A7 ADM,CHARGE DE MISSION A7 ADMINISTRATIF,CHARGE DE MISSION PA,Personnel non médical,3,4
PA,PA,PA,D,A,1605,1100,1100,1,1,19100001,N,46,,,,,2024,Qtr 1,février,15,N,O,PERSONNEL ADMINISTRATIF,PERSONNEL ADMINISTRATIF,Personnel Administratif,PERSONNEL HOSPITALIER DIPLOME,CATEGORIE A,PRAT. ATT MED TRAV,PRATICIEN ATTACHE MEDECIN DU TRAVAIL,Personnel de direction,Personnels de direction,Personnels de direction et administratif,MANQUANT,MEDECINS TRAVAIL,MEDECIN DU TRAVAIL ET CONTROLE,MEDECIN DU TRAVAIL ET CONTROLE,MEDECINS TRAVAIL,MEDECINS DU TRAVAIL,MEDECIN DU TRAVAIL ET CONTROLE,Personnel non médical,0,1
PA,PA,PA,D,A,1614,1100,1100,1,1,19200001,N,46,,,,,2024,Qtr 1,février,15,N,O,PERSONNEL ADMINISTRATIF,PERSONNEL ADMINISTRATIF,Personnel Administratif,PERSONNEL HOSPITALIER DIPLOME,CATEGORIE A,MEDECINS EXPERTS,MEDECINS EXPERTS MEDECINE CONTROLE,Personnel de direction,Personnels de direction,Personnels de direction et administratif,MANQUANT,MEDECINS DE CONTR,MEDECIN DU TRAVAIL ET CONTROLE,MEDECIN DU TRAVAIL ET CONTROLE,MEDECINS DE CONTR,MEDECINS DE CONTROLE,MEDECIN DU TRAVAIL ET CONTROLE,Personnel non médical,0,1
PA,PA,PA,D,A,1617,1100,1100,1,1,19200001,N,46,,,,,2024,Qtr 1,février,26,N,O,PERSONNEL ADMINISTRATIF,PERSONNEL ADMINISTRATIF,Personnel Administratif,PERSONNEL HOSPITALIER DIPLOME,CATEGORIE A,MED CONTRÔLE SECT,MEDECIN STATUTAIRE ET DE CONTRÔLE DE SECTEUR,Personnel de direction,Personnels de direction,Personnels de direction et administratif,MANQUANT,MEDECINS DE CONTR,MEDECIN DU TRAVAIL ET CONTROLE,MEDECIN DU TRAVAIL ET CONTROLE,MEDECINS DE CONTR,MEDECINS DE CONTROLE,MEDECIN DU TRAVAIL ET CONTROLE,Personnel non médical,0,1
PA,PA,PA,D,A,1618,1100,1100,1,1,19200001,N,46,,,,,2024,Qtr 1,février,15,O,O,PERSONNEL ADMINISTRATIF,PERSONNEL ADMINISTRATIF,Personnel Administratif,PERSONNEL HOSPITALIER DIPLOME,CATEGORIE A,MED CONTRÔLE ADJT,MEDECIN STATUTAIRE ET DE CONTRÔLE ADJOINT,Personnel de direction,Personnels de direction,Personnels de direction et administratif,MANQUANT,MEDECINS DE CONTR,MEDECIN DU TRAVAIL ET CONTROLE,MEDECIN DU TRAVAIL ET CONTROLE,MEDECINS DE CONTR,MEDECINS DE CONTROLE,MEDECIN DU TRAVAIL ET CONTROLE,Personnel non médical,16,22
PA,PA,PA,D,A,1619,1100,1100,1,1,19200001,N,46,,,,,2024,Qtr 1,février,15,O,O,PERSONNEL ADMINISTRATIF,PERSONNEL ADMINISTRATIF,Personnel Administratif,PERSONNEL HOSPITALIER DIPLOME,CATEGORIE A,MED CONTRÔLE CHEF,MEDECIN STATUTAIRE ET DE CONTRÔLE CHEF,Personnel de direction,Personnels de direction,Personnels de direction et administratif,MANQUANT,MEDECINS DE CONTR,MEDECIN DU TRAVAIL ET CONTROLE,MEDECIN DU TRAVAIL ET CONTROLE,MEDECINS DE CONTR,MEDECINS DE CONTROLE,MEDECIN DU TRAVAIL ET CONTROLE,Personnel non médical,1,2
PA,PA,PA,D,A,1622,1100,1100,1,1,19100001,N,46,,,,,2024,Qtr 1,février,15,O,O,PERSONNEL ADMINISTRATIF,PERSONNEL ADMINISTRATIF,Personnel Administratif,PERSONNEL HOSPITALIER DIPLOME,CATEGORIE A,MEDECIN DU TRAVAIL,MEDECIN DU TRAVAIL,Personnel de direction,Personnels de direction,Personnels de direction et administratif,MANQUANT,MEDECINS TRAVAIL,MEDECIN DU TRAVAIL ET CONTROLE,MEDECIN DU TRAVAIL ET CONTROLE,MEDECINS TRAVAIL,MEDECINS DU TRAVAIL,MEDECIN DU TRAVAIL ET CONTROLE,Personnel non médical,32,81
PA,PA,PA,E,A,1101,1100,1100,1,1,11010001,N,41,,,,,2024,Qtr 4,octobre,25,O,O,PERSONNEL ADMINISTRATIF,PERSONNEL ADMINISTRATIF,Personnel Administratif,PERSONNEL HOSPITALIER ENCADREMENT,CATEGORIE A,DIRECTEUR GENERAL,DIRECTEUR GENERAL,Personnel de direction,Personnels de direction,Personnels de direction et administratif,MANQUANT,DIRECTEUR GENERAL,DIRECTEUR,DIRECTEUR,DIRECTEUR GENERAL,DIRECTEUR GENERAL,DIRECTEUR,Personnel non médical,1,2
PA,PA,PA,E,A,1102,1100,1100,1,1,11020001,N,41,,,,,2024,Qtr 1,février,15,O,O,PERSONNEL ADMINISTRATIF,PERSONNEL ADMINISTRATIF,Personnel Administratif,PERSONNEL HOSPITALIER ENCADREMENT,CATEGORIE A,DG ADJOINT APHP,DIRECTEUR GENERAL ADJOINT APHP,Personnel de direction,Personnels de direction,Personnels de direction et administratif,MANQUANT,SECRETAIRE GENERAL,DIRECTEUR,DIRECTEUR,SECRETAIRE GENERAL,SECRETAIRE GENERAL,DIRECTEUR,Cadre Dir.,1,3
PA,PA,PA,E,A,1150,1100,1100,1,1,11140001,N,49,,,,,2024,Qtr 1,février,15,O,O,PERSONNEL ADMINISTRATIF,PERSONNEL ADMINISTRATIF,Personnel Administratif,PERSONNEL HOSPITALIER ENCADREMENT,CATEGORIE A,COL. OCCASIONNEL,COLLABORATEUR OCCASIONNEL,Personnel de direction,Personnels de direction,Personnels de direction et administratif,MANQUANT,CONTRACT. CADRES A,AUTRE PA,AUTRE PA,CONTRACT. CADRES A,CONTRACT. CADRES A,AUTRE PA,Personnel non médical,1,2
PA,PA,PA,E,A,1170,1100,1100,1,1,11070002,N,41,,,,,2024,Qtr 1,février,15,O,O,PERSONNEL ADMINISTRATIF,PERSONNEL ADMINISTRATIF,Personnel Administratif,PERSONNEL HOSPITALIER ENCADREMENT,CATEGORIE A,DIR H CL RESP HOP,DIRECTEUR HORS CLASSE RESPONSABLE HOPITAL,Personnel de direction,Personnels de direction,Personnels de direction et administratif,MANQUANT,DIRECT HOPITAL,DIRECTEUR,DIRECTEUR,DIRECT HOPITAL,DIRECTEUR D'HOPITAL,DIRECTEUR,Cadre Dir.,19,30
PA,PA,PA,E,A,1171,1100,1100,1,1,11070002,N,41,,,,,2024,Qtr 1,février,15,O,O,PERSONNEL ADMINISTRATIF,PERSONNEL ADMINISTRATIF,Personnel Administratif,PERSONNEL HOSPITALIER ENCADREMENT,CATEGORIE A,DIR ADJ HORS CLASS,DIRECTEUR HORS CLASSE,Personnel de direction,Personnels de direction,Personnels de direction et administratif,MANQUANT,DIRECT HOPITAL,DIRECTEUR,DIRECTEUR,DIRECT HOPITAL,DIRECTEUR D'HOPITAL,DIRECTEUR,Cadre Dir.,173,278
PA,PA,PA,E,A,1175,1100,1100,1,1,11070002,N,41,,,,,2024,Qtr 1,février,15,O,O,PERSONNEL ADMINISTRATIF,PERSONNEL ADMINISTRATIF,Personnel Administratif,PERSONNEL HOSPITALIER ENCADREMENT,CATEGORIE A,DIR CL NOR RES HOP,DIRECTEUR CL NORMALE RESPONSABLE HOPITAL,Personnel de direction,Personnels de direction,Personnels de direction et administratif,MANQUANT,DIRECT HOPITAL,DIRECTEUR,DIRECTEUR,DIRECT HOPITAL,DIRECTEUR D'HOPITAL,DIRECTEUR,Cadre Dir.,1,3
PA,PA,PA,E,A,1176,1100,1100,1,1,11070002,N,41,,,,,2024,Qtr 1,février,15,O,O,PERSONNEL ADMINISTRATIF,PERSONNEL ADMINISTRATIF,Personnel Administratif,PERSONNEL HOSPITALIER ENCADREMENT,CATEGORIE A,DIR ADJ CL NORMALE,DIRECTEUR ADJOINT CLASSE NORMALE,Personnel de direction,Personnels de direction,Personnels de direction et administratif,MANQUANT,DIRECT HOPITAL,DIRECTEUR,DIRECTEUR,DIRECT HOPITAL,DIRECTEUR D'HOPITAL,DIRECTEUR,Cadre Dir.,84,141
PA,PA,PA,E,A,1184,1100,1100,1,1,11070002,N,41,,,,,2024,Qtr 1,février,15,O,O,PERSONNEL ADMINISTRATIF,PERSONNEL ADMINISTRATIF,Personnel Administratif,PERSONNEL HOSPITALIER ENCADREMENT,CATEGORIE A,DIRECTEUR CL EXCEP,DIRECTEUR CLASSE EXCEPTIONNELLE,Personnel de direction,Personnels de direction,Personnels de direction et administratif,MANQUANT,DIRECT HOPITAL,DIRECTEUR,DIRECTEUR,DIRECT HOPITAL,DIRECTEUR D'HOPITAL,DIRECTEUR,Cadre Dir.,40,56
PA,PA,PA,E,A,1185,1100,1100,1,1,11070004,N,41,,,,,2024,Qtr 1,février,15,O,O,PERSONNEL ADMINISTRATIF,PERSONNEL ADMINISTRATIF,Personnel Administratif,PERSONNEL HOSPITALIER ENCADREMENT,CATEGORIE A,DIR SCES CENT EFG1,DH EMPLOI FONCTIONNEL GROUPE 1,Personnel de direction,Personnels de direction,Personnels de direction et administratif,MANQUANT,SOUS DIR VER CENTR,DIRECTEUR,DIRECTEUR,SOUS DIR VER CENTR,SOUS-DIRECTEUR DES SERVICES CENTRAUX,DIRECTEUR,Cadre Dir.,1,4
PA,PA,PA,E,A,1186,1100,1100,1,1,11020004,N,41,,,,,2024,Qtr 1,février,15,O,O,PERSONNEL ADMINISTRATIF,PERSONNEL ADMINISTRATIF,Personnel Administratif,PERSONNEL HOSPITALIER ENCADREMENT,CATEGORIE A,DH GH GPE 1,DH EMPLOI FONCTIONNEL GROUPE 1,Personnel de direction,Personnels de direction,Personnels de direction et administratif,MANQUANT,DIRECTEUR GH G1,DIRECTEUR,DIRECTEUR,DIRECTEUR GH G1,DH SUR EMPLOI FONCTIONNEL GROUPE 1,DIRECTEUR,Cadre Dir.,4,9
PA,PA,PA,E,A,1187,1100,1100,1,1,11020005,N,41,,,,,2024,Qtr 1,février,15,O,O,PERSONNEL ADMINISTRATIF,PERSONNEL ADMINISTRATIF,Personnel Administratif,PERSONNEL HOSPITALIER ENCADREMENT,CATEGORIE A,DH GH GPE 2,DH SUR EMPLOI FONCTIONNEL GROUPE 2,Personnel de direction,Personnels de direction,Personnels de direction et administratif,MANQUANT,DIRECTEUR GH G2,DIRECTEUR,DIRECTEUR,DIRECTEUR GH G2,DH SUR EMPLOI FONCTIONNEL GROUPE 2,DIRECTEUR,Cadre Dir.,8,21
PA,PA,PA,E,A,1188,1100,1100,1,1,11020006,N,41,,,,,2024,Qtr 1,février,15,O,O,PERSONNEL ADMINISTRATIF,PERSONNEL ADMINISTRATIF,Personnel Administratif,PERSONNEL HOSPITALIER ENCADREMENT,CATEGORIE A,DG ADJOINT G3,DH SUR EMPLOI FONCTIONNEL GROUPE 3,Personnel de direction,Personnels de direction,Personnels de direction et administratif,MANQUANT,DIR ADJ GH,DIRECTEUR,DIRECTEUR,DIR ADJ GH,DH SUR EMPLOI FONCTIONNEL GROUPE 3,DIRECTEUR,Cadre Dir.,13,22
PA,PA,PA,E,A,1189,1100,1100,1,1,11070004,N,41,,,,,2024,Qtr 1,février,15,O,O,PERSONNEL ADMINISTRATIF,PERSONNEL ADMINISTRATIF,Personnel Administratif,PERSONNEL HOSPITALIER ENCADREMENT,CATEGORIE A,SS DIR SERVICE CEN,DH SUR EMPLOI FONCTIONNEL GROUPE 3,Personnel de direction,Personnels de direction,Personnels de direction et administratif,MANQUANT,SOUS DIR VER CENTR,DIRECTEUR,DIRECTEUR,SOUS DIR VER CENTR,SOUS-DIRECTEUR DES SERVICES CENTRAUX,DIRECTEUR,Cadre Dir.,3,9
PA,PA,PA,E,A,1275,1100,1100,1,1,11110011,N,41,,,,,2024,Qtr 1,février,15,O,O,PERSONNEL ADMINISTRATIF,PERSONNEL ADMINISTRATIF,Personnel Administratif,PERSONNEL HOSPITALIER ENCADREMENT,CATEGORIE A,DIR ET SAN SOC CLN,DIRECTEUR ETAB SANITAIRE ET SOCIAL CL NORMALE,Personnel de direction,Personnels de direction,Personnels de direction et administratif,MANQUANT,D.E.S.S.,DIRECTEUR,DIRECTEUR,D.E.S.S.,DIREC ETAB SANITAIRE ET SOCIAL,DIRECTEUR,Cadre Dir.,2,7
PA,PA,PA,E,A,1276,1100,1100,1,1,11110011,N,41,,,,,2024,Qtr 1,février,15,O,O,PERSONNEL ADMINISTRATIF,PERSONNEL ADMINISTRATIF,Personnel Administratif,PERSONNEL HOSPITALIER ENCADREMENT,CATEGORIE A,DIR ET SAN SOC HCL,DIRECTEUR ETAB SANITAIRE ET SOCIAL HORS CLASS,Personnel de direction,Personnels de direction,Personnels de direction et administratif,MANQUANT,D.E.S.S.,DIRECTEUR,DIRECTEUR,D.E.S.S.,DIREC ETAB SANITAIRE ET SOCIAL,DIRECTEUR,Cadre Dir.,3,6
PA,PA,PA,Z,A,1218,1220,1200,5,3,11120012,N,42,,,,,2024,Qtr 1,février,26,N,O,PERSONNEL ADMINISTRATIF,PERSONNEL ADMINISTRATIF,Personnel Administratif,MANQUANT,CATEGORIE A,ATTACHE ADTION,ATTACHE ADMINISTRATION HOSPITALIERE,Autres personnels administratifs,Autres personnels administratifs,Personnels de direction et administratif,MANQUANT,ATTACHE ADM. HOSP,ATTAC ADM. HOSP ET CHEF DE BUR,ATTAC ADM. HOSP ET CHEF DE BUR,ATTACHE ADM. HOSP,ATTACHE D'ADMINISTRATION HOSPITALIERE,ATTAC ADM. HOSP ET CHEF DE BUR,Personnel non médical,0,8
PA,PA,PA,Z,A,1260,1220,1200,5,3,11120012,N,42,,,,,2025,Qtr 1,janvier,6,N,O,PERSONNEL ADMINISTRATIF,PERSONNEL ADMINISTRATIF,Personnel Administratif,MANQUANT,CATEGORIE A,ATT PAL ADTION.HOS,ATTACHE PRINCIPAL D'ADMINISTRATION HOSP.,Autres personnels administratifs,Autres personnels administratifs,Personnels de direction et administratif,MANQUANT,ATTACHE ADM. HOSP,ATTAC ADM. HOSP ET CHEF DE BUR,ATTAC ADM. HOSP ET CHEF DE BUR,ATTACHE ADM. HOSP,ATTACHE D'ADMINISTRATION HOSPITALIERE,ATTAC ADM. HOSP ET CHEF DE BUR,Personnel non médical,0,1
PA,PA,PA,Z,A,1263,1220,1200,5,3,11120012,N,42,,,,,2024,Qtr 1,février,15,O,O,PERSONNEL ADMINISTRATIF,PERSONNEL ADMINISTRATIF,Personnel Administratif,MANQUANT,CATEGORIE A,ATTACHE ADTION HOS,ATTACHE ADMINISTRATION HOSPITALIERE,Autres personnels administratifs,Autres personnels administratifs,Personnels de direction et administratif,MANQUANT,ATTACHE ADM. HOSP,ATTAC ADM. HOSP ET CHEF DE BUR,ATTAC ADM. HOSP ET CHEF DE BUR,ATTACHE ADM. HOSP,ATTACHE D'ADMINISTRATION HOSPITALIERE,ATTAC ADM. HOSP ET CHEF DE BUR,Personnel non médical,164,363
PA,PA,PA,Z,A,1264,1220,1200,5,3,11120012,N,42,,,,,2024,Qtr 1,février,15,O,O,PERSONNEL ADMINISTRATIF,PERSONNEL ADMINISTRATIF,Personnel Administratif,MANQUANT,CATEGORIE A,ATT PAL ADTION.HOS,ATTACHE PRINCIPAL D'ADMINISTRATION HOSP.,Autres personnels administratifs,Autres personnels administratifs,Personnels de direction et administratif,MANQUANT,ATTACHE ADM. HOSP,ATTAC ADM. HOSP ET CHEF DE BUR,ATTAC ADM. HOSP ET CHEF DE BUR,ATTACHE ADM. HOSP,ATTACHE D'ADMINISTRATION HOSPITALIERE,ATTAC ADM. HOSP ET CHEF DE BUR,Personnel non médical,37,93
PA,PA,PA,Z,A,1265,1220,1200,5,3,11120012,N,42,,,,,2024,Qtr 1,février,15,O,O,PERSONNEL ADMINISTRATIF,PERSONNEL ADMINISTRATIF,Personnel Administratif,MANQUANT,CATEGORIE A,ATT ADTION.HOS HC,ATTACHE D'ADMINISTRATION HOSP HORS CLASSE,Autres personnels administratifs,Autres personnels administratifs,Personnels de direction et administratif,MANQUANT,ATTACHE ADM. HOSP,ATTAC ADM. HOSP ET CHEF DE BUR,ATTAC ADM. HOSP ET CHEF DE BUR,ATTACHE ADM. HOSP,ATTACHE D'ADMINISTRATION HOSPITALIERE,ATTAC ADM. HOSP ET CHEF DE BUR,Personnel non médical,17,38
PA,PA,PA,Z,B,1242,1220,1200,5,3,12015001,N,49,,,,,2024,Qtr 1,février,15,N,O,PERSONNEL ADMINISTRATIF,PERSONNEL ADMINISTRATIF,Personnel Administratif,MANQUANT,CATEGORIE B,AGENT CONTR. NIV B,AGENT CONTRACTUEL NIVEAU B,Autres personnels administratifs,Autres personnels administratifs,Personnels de direction et administratif,MANQUANT,AGENT CONTR. NIV.B,AUTRE PA,AUTRE PA,AGENT CONTR. NIV.B,AGENT CONTR. NIV.B,AUTRE PA,Personnel non médical,0,1
PA,PA,PA,Z,B,1280,1220,1200,5,3,12040001,N,44,,,,,2024,Qtr 1,février,15,N,O,PERSONNEL ADMINISTRATIF,PERSONNEL ADMINISTRATIF,Personnel Administratif,MANQUANT,CATEGORIE B,A.C.H CL NORMALE,A.C.H DE CLASSE NORMALE,Autres personnels administratifs,Autres personnels administratifs,Personnels de direction et administratif,MANQUANT,ADJ. CADRES HOSP.,ADJOINT CADRES HOSP.,ADJOINT CADRES HOSP.,ADJ. CADRES HOSP.,ADJ. DES CAD. HOSP.,ADJOINT CADRES HOSP.,Personnel non médical,0,360
PA,PA,PA,Z,B,1281,1220,1200,5,3,12040001,N,44,,,,,2024,Qtr 1,février,15,N,O,PERSONNEL ADMINISTRATIF,PERSONNEL ADMINISTRATIF,Personnel Administratif,MANQUANT,CATEGORIE B,A.C.H. CL SUP,A.C.H DE CLASSE SUPERIEURE,Autres personnels administratifs,Autres personnels administratifs,Personnels de direction et administratif,MANQUANT,ADJ. CADRES HOSP.,ADJOINT CADRES HOSP.,ADJOINT CADRES HOSP.,ADJ. CADRES HOSP.,ADJ. DES CAD. HOSP.,ADJOINT CADRES HOSP.,Personnel non médical,0,172
PA,PA,PA,Z,B,1282,1220,1200,5,3,12040001,N,44,,,,,2024,Qtr 1,février,15,O,O,PERSONNEL ADMINISTRATIF,PERSONNEL ADMINISTRATIF,Personnel Administratif,MANQUANT,CATEGORIE B,ACH CL EXCEPT,A.C.H DE CLASSE EXCEPTIONNELLE,Autres personnels administratifs,Autres personnels administratifs,Personnels de direction et administratif,MANQUANT,ADJ. CADRES HOSP.,ADJOINT CADRES HOSP.,ADJOINT CADRES HOSP.,ADJ. CADRES HOSP.,ADJ. DES CAD. HOSP.,ADJOINT CADRES HOSP.,Personnel non médical,101,223
PA,PA,PA,Z,B,1283,1210,1200,4,3,12050011,N,45,,,,,2024,Qtr 1,février,15,O,O,PERSONNEL ADMINISTRATIF,PERSONNEL ADMINISTRATIF,Personnel Administratif,MANQUANT,CATEGORIE B,AMA CL NORMALE,A.M.A DE CLASSE NORMALE,Secrétaires médicaux,Autres personnels administratifs,Personnels de direction et administratif,MANQUANT,SECR. MEDICALES,SECR. MEDICALES,SECR. MEDICALES,SECR. MEDICALES,SECR. MEDICALES,SECRETAIRE MEDICALE,Personnel non médical,4,2579
PA,PA,PA,Z,B,1284,1210,1200,4,3,12050011,N,45,,,,,2024,Qtr 1,février,15,N,O,PERSONNEL ADMINISTRATIF,PERSONNEL ADMINISTRATIF,Personnel Administratif,MANQUANT,CATEGORIE B,AMA CL SUP,A.M.A DE CLASSE SUPERIEURE,Secrétaires médicaux,Autres personnels administratifs,Personnels de direction et administratif,MANQUANT,SECR. MEDICALES,SECR. MEDICALES,SECR. MEDICALES,SECR. MEDICALES,SECR. MEDICALES,SECRETAIRE MEDICALE,Personnel non médical,0,969
PA,PA,PA,Z,B,1285,1210,1200,4,3,12050011,N,45,,,,,2024,Qtr 1,février,15,O,O,PERSONNEL ADMINISTRATIF,PERSONNEL ADMINISTRATIF,Personnel Administratif,MANQUANT,CATEGORIE B,A.M.A CL EXCEPT,A.M.A DE CLASSE EXCEPTIONNELLE,Secrétaires médicaux,Autres personnels administratifs,Personnels de direction et administratif,MANQUANT,SECR. MEDICALES,SECR. MEDICALES,SECR. MEDICALES,SECR. MEDICALES,SECR. MEDICALES,SECRETAIRE MEDICALE,Personnel non médical,540,1028
PA,PA,PA,Z,B,1286,1220,1200,5,3,12040001,N,44,,,,,2024,Qtr 1,février,15,O,O,PERSONNEL ADMINISTRATIF,PERSONNEL ADMINISTRATIF,Personnel Administratif,MANQUANT,CATEGORIE B,ACH CL NORMALE,ACH DE CLASSE NORMALE,Autres personnels administratifs,Autres personnels administratifs,Personnels de direction et administratif,MANQUANT,ADJ. CADRES HOSP.,ADJOINT CADRES HOSP.,ADJOINT CADRES HOSP.,ADJ. CADRES HOSP.,ADJ. DES CAD. HOSP.,ADJOINT CADRES HOSP.,Personnel non médical,195,280
PA,PA,PA,Z,B,1287,1220,1200,5,3,12040001,N,44,,,,,2024,Qtr 1,février,15,O,O,PERSONNEL ADMINISTRATIF,PERSONNEL ADMINISTRATIF,Personnel Administratif,MANQUANT,CATEGORIE B,ACH CL SUP,ACH DE CLASSE SUPERIEURE,Autres personnels administratifs,Autres personnels administratifs,Personnels de direction et administratif,MANQUANT,ADJ. CADRES HOSP.,ADJOINT CADRES HOSP.,ADJOINT CADRES HOSP.,ADJ. CADRES HOSP.,ADJ. DES CAD. HOSP.,ADJOINT CADRES HOSP.,Personnel non médical,81,121
PA,PA,PA,Z,B,1288,1210,1200,4,3,12050011,N,45,,,,,2024,Qtr 1,février,15,O,O,PERSONNEL ADMINISTRATIF,PERSONNEL ADMINISTRATIF,Personnel Administratif,MANQUANT,CATEGORIE B,AMA DE CL NORMALE,AMA DE CLASSE NORMALE,Secrétaires médicaux,Autres personnels administratifs,Personnels de direction et administratif,MANQUANT,SECR. MEDICALES,SECR. MEDICALES,SECR. MEDICALES,SECR. MEDICALES,SECR. MEDICALES,SECRETAIRE MEDICALE,Personnel non médical,1602,2657
PA,PA,PA,Z,B,1289,1210,1200,4,3,12050011,N,45,,,,,2024,Qtr 1,février,15,O,O,PERSONNEL ADMINISTRATIF,PERSONNEL ADMINISTRATIF,Personnel Administratif,MANQUANT,CATEGORIE B,AMA DE CL SUP,AMA DE CLASSE SUPERIEURE,Secrétaires médicaux,Autres personnels administratifs,Personnels de direction et administratif,MANQUANT,SECR. MEDICALES,SECR. MEDICALES,SECR. MEDICALES,SECR. MEDICALES,SECR. MEDICALES,SECRETAIRE MEDICALE,Personnel non médical,685,926
PA,PA,PA,Z,C,1466,1220,1200,5,3,13080021,N,49,,,,,2024,Qtr 1,février,15,N,O,PERSONNEL ADMINISTRATIF,PERSONNEL ADMINISTRATIF,Personnel Administratif,MANQUANT,CATEGORIE C,PARM 2EME CL C2,PERMANENCIER AUXIL REGULATION MEDICALE 2CL C2,Autres personnels administratifs,Autres personnels administratifs,Personnels de direction et administratif,MANQUANT,PERMANENCIER,AUTRE PA,AUTRE PA,PERMANENCIER,PERMANENCIER,AUTRE PA,Personnel non médical,0,11
PA,PA,PA,Z,C,1467,1220,1200,5,3,13080021,N,49,,,,,2024,Qtr 1,février,15,O,O,PERSONNEL ADMINISTRATIF,PERSONNEL ADMINISTRATIF,Personnel Administratif,MANQUANT,CATEGORIE C,PARM 1ERE CL C3,PERMANENCIER AUXIL REGULATION MEDICALE 1CL C3,Autres personnels administratifs,Autres personnels administratifs,Personnels de direction et administratif,MANQUANT,PERMANENCIER,AUTRE PA,AUTRE PA,PERMANENCIER,PERMANENCIER,AUTRE PA,Personnel non médical,5,7
PA,PA,PA,Z,C,1468,1220,1200,5,3,13080021,N,49,,,,,2024,Qtr 1,février,15,O,O,PERSONNEL ADMINISTRATIF,PERSONNEL ADMINISTRATIF,Personnel Administratif,MANQUANT,CATEGORIE C,PARM 2EME CL EC2,PERMANENCIER AUXI REGULATION MEDICALE 2CL EC2,Autres personnels administratifs,Autres personnels administratifs,Personnels de direction et administratif,MANQUANT,PERMANENCIER,AUTRE PA,AUTRE PA,PERMANENCIER,PERMANENCIER,AUTRE PA,Personnel non médical,3,6
PA,PA,PA,Z,C,1484,1220,1200,5,3,13130001,N,47,,,,,2024,Qtr 1,février,15,O,O,PERSONNEL ADMINISTRATIF,PERSONNEL ADMINISTRATIF,Personnel Administratif,MANQUANT,CATEGORIE C,ADJOINT ADM  C1,ADJOINT ADMINISTRATIF C1,Autres personnels administratifs,Autres personnels administratifs,Personnels de direction et administratif,MANQUANT,ADJ ADM HOSP 2CL,ADJOINT ADMINISTRATIF HOSP.,ADJOINT ADMINISTRATIF HOSP.,ADJ ADM HOSP 2CL,ADJOINT ADMINISTRATIF HOSPITALIER 2 CLASSE,ADJOINT ADMINISTRATIF HOSP.,Personnel non médical,4,4636
PA,PA,PA,Z,C,1485,1220,1200,5,3,13010004,N,47,,,,,2024,Qtr 1,février,15,N,O,PERSONNEL ADMINISTRATIF,PERSONNEL ADMINISTRATIF,Personnel Administratif,MANQUANT,CATEGORIE C,ADJ ADM PP 2CL C2,ADJOINT ADMINISTRATIF PRINCIPAL 2EME CL C2,Autres personnels administratifs,Autres personnels administratifs,Personnels de direction et administratif,MANQUANT,ADJ ADM HOSP 1CL,ADJOINT ADMINISTRATIF HOSP.,ADJOINT ADMINISTRATIF HOSP.,ADJ ADM HOSP 1CL,ADJOINT ADMINISTRATIF HOSPITALIER 1CLASSE,ADJOINT ADMINISTRATIF HOSP.,Personnel non médical,0,1885
PA,PA,PA,Z,C,1486,1220,1200,5,3,13010002,N,47,,,,,2024,Qtr 1,février,15,O,O,PERSONNEL ADMINISTRATIF,PERSONNEL ADMINISTRATIF,Personnel Administratif,MANQUANT,CATEGORIE C,ADJ ADM PP 1CL C3,ADJOINT ADMINISTRATIF PRINCIPAL 1ERE CL C3,Autres personnels administratifs,Autres personnels administratifs,Personnels de direction et administratif,MANQUANT,ADJ. ADM. HOSP.,ADJOINT ADMINISTRATIF HOSP.,ADJOINT ADMINISTRATIF HOSP.,ADJ. ADM. HOSP.,ADJ. ADM. HOSP.,ADJOINT ADMINISTRATIF HOSP.,Personnel non médical,452,893
PA,PA,PA,Z,C,1487,1220,1200,5,3,13010004,N,47,,,,,2024,Qtr 1,février,15,O,O,PERSONNEL ADMINISTRATIF,PERSONNEL ADMINISTRATIF,Personnel Administratif,MANQUANT,CATEGORIE C,ADJ ADM PP 2CL EC2,ADJOINT ADMINISTRATIF PRINCIPAL 2EME CL EC2,Autres personnels administratifs,Autres personnels administratifs,Personnels de direction et administratif,MANQUANT,ADJ ADM HOSP 1CL,ADJOINT ADMINISTRATIF HOSP.,ADJOINT ADMINISTRATIF HOSP.,ADJ ADM HOSP 1CL,ADJOINT ADMINISTRATIF HOSPITALIER 1CLASSE,ADJOINT ADMINISTRATIF HOSP.,Personnel non médical,1180,1745
PA,PA,PA,Z,C,1488,1220,1200,5,3,13130001,N,47,,,,,2024,Qtr 1,février,15,O,O,PERSONNEL ADMINISTRATIF,PERSONNEL ADMINISTRATIF,Personnel Administratif,MANQUANT,CATEGORIE C,ADJOINT ADM  EC1,ADJOINT ADMINISTRATIF EC1,Autres personnels administratifs,Autres personnels administratifs,Personnels de direction et administratif,MANQUANT,ADJ ADM HOSP 2CL,ADJOINT ADMINISTRATIF HOSP.,ADJOINT ADMINISTRATIF HOSP.,ADJ ADM HOSP 2CL,ADJOINT ADMINISTRATIF HOSPITALIER 2 CLASSE,ADJOINT ADMINISTRATIF HOSP.,Personnel non médical,2571,4656
PA,PA,PA,Z,C,1593,1220,1200,5,3,14050001,N,49,,,,,2024,Qtr 1,février,15,N,O,PERSONNEL ADMINISTRATIF,PERSONNEL ADMINISTRATIF,Personnel Administratif,MANQUANT,CATEGORIE C,AUMONIER C2,AUMONIER C2,Autres personnels administratifs,Autres personnels administratifs,Personnels de direction et administratif,MANQUANT,AUMONIERS,AUTRE PA,AUTRE PA,AUMONIERS,AUMONIERS,AUTRE PA,Personnel non médical,0,107
PA,PA,PA,Z,C,1595,1220,1200,5,3,14050001,N,49,,,,,2024,Qtr 1,février,15,O,O,PERSONNEL ADMINISTRATIF,PERSONNEL ADMINISTRATIF,Personnel Administratif,MANQUANT,CATEGORIE C,AUMONIER EC2,AUMONIER EC2,Autres personnels administratifs,Autres personnels administratifs,Personnels de direction et administratif,MANQUANT,AUMONIERS,AUTRE PA,AUTRE PA,AUMONIERS,AUMONIERS,AUTRE PA,Personnel non médical,80,107
PA,PA,PA,Z,C,1999,1220,1200,5,3,11110001,N,49,,,,,2024,Qtr 1,février,15,O,O,PERSONNEL ADMINISTRATIF,PERSONNEL ADMINISTRATIF,Personnel Administratif,MANQUANT,CATEGORIE C,STAG ENT REMU,STAGIAIRE ENTREP REMU PLUS DE 3 MOIS,Autres personnels administratifs,Autres personnels administratifs,Personnels de direction et administratif,MANQUANT,STAG. HAUTE ECOLE,AUTRE PA,AUTRE PA,STAG. HAUTE ECOLE,STAGIAIRE HAUTES ECOLES,AUTRE PA,Personnel non médical,402,3180
PMT,PH,PH,D,A,4056,4130,4100,39,18,32120201,O,65,,,,,2024,Qtr 1,février,15,O,O,PERSONNEL MEDICO TECHNIQUE,PERSONNEL HOSPITALIER,Personnel Hospitalier,PERSONNEL HOSPITALIER DIPLOME,CATEGORIE A,MANIPULATEUR CLN A,MANIPULATEUR RADIO MED CLASSE NORMALE A,Manipulateur d'électroradiologie médicale,Personnels médico-techniques,Personnels médico-techniques,MANQUANT,MANIPULATEURS,MERM,MERM,MANIPULATEURS,MANIPULATEURS,MANIPULATEUR RADIO ET AIDES,Personnel non médical,1,1287
PMT,PH,PH,D,A,4057,4130,4100,39,18,32120201,O,65,,,,,2024,Qtr 1,février,15,N,O,PERSONNEL MEDICO TECHNIQUE,PERSONNEL HOSPITALIER,Personnel Hospitalier,PERSONNEL HOSPITALIER DIPLOME,CATEGORIE A,MANIPULATEUR CLS A,MANIPULATEUR RADIO MED CLASSE SUP A,Manipulateur d'électroradiologie médicale,Personnels médico-techniques,Personnels médico-techniques,MANQUANT,MANIPULATEURS,MERM,MERM,MANIPULATEURS,MANIPULATEURS,MANIPULATEUR RADIO ET AIDES,Personnel non médical,0,193
PMT,PH,PH,D,A,4058,4130,4100,39,18,32120201,O,65,,,,,2024,Qtr 1,février,15,O,O,PERSONNEL MEDICO TECHNIQUE,PERSONNEL HOSPITALIER,Personnel Hospitalier,PERSONNEL HOSPITALIER DIPLOME,CATEGORIE A,MANIP ERM CLN A,MANIP ELEC RADIO MED CL NORMALE A,Manipulateur d'électroradiologie médicale,Personnels médico-techniques,Personnels médico-techniques,MANQUANT,MANIPULATEURS,MERM,MERM,MANIPULATEURS,MANIPULATEURS,MANIPULATEUR RADIO ET AIDES,Personnel non médical,1202,1524
PMT,PH,PH,D,A,4059,4130,4100,39,18,32120201,O,65,,,,,2024,Qtr 1,février,15,O,O,PERSONNEL MEDICO TECHNIQUE,PERSONNEL HOSPITALIER,Personnel Hospitalier,PERSONNEL HOSPITALIER DIPLOME,CATEGORIE A,MANIP ERM CLS A,MANIP ELEC RADIO MED CL SUPERIEURE A,Manipulateur d'électroradiologie médicale,Personnels médico-techniques,Personnels médico-techniques,MANQUANT,MANIPULATEURS,MERM,MERM,MANIPULATEURS,MANIPULATEURS,MANIPULATEUR RADIO ET AIDES,Personnel non médical,312,356
PMT,PH,PH,D,A,4062,4120,4100,38,18,32220201,O,63,,,,,2024,Qtr 1,février,15,O,O,PERSONNEL MEDICO TECHNIQUE,PERSONNEL HOSPITALIER,Personnel Hospitalier,PERSONNEL HOSPITALIER DIPLOME,CATEGORIE A,PREPA PHARM CLN A,PREPARATEUR PHARMACIE HOSP CLN A,Personnels des services de pharmacie,Personnels médico-techniques,Personnels médico-techniques,MANQUANT,PREPARATEUR PHARM,PPH,PPH,PREPARATEUR PHARM,PREPARATEUR PHARMACI,PREPARATEUR ET AIDE,Personnel non médical,623,1078
PMT,PH,PH,D,A,4063,4120,4100,38,18,32220201,O,63,,,,,2024,Qtr 1,février,15,O,O,PERSONNEL MEDICO TECHNIQUE,PERSONNEL HOSPITALIER,Personnel Hospitalier,PERSONNEL HOSPITALIER DIPLOME,CATEGORIE A,PREPA PHARM CLS A,PREPARATEUR PHARMACIE HOSP CLS A,Personnels des services de pharmacie,Personnels médico-techniques,Personnels médico-techniques,MANQUANT,PREPARATEUR PHARM,PPH,PPH,PREPARATEUR PHARM,PREPARATEUR PHARMACI,PREPARATEUR ET AIDE,Personnel non médical,192,263
PMT,PH,PH,D,A,4064,4110,4100,37,18,32030201,N,61,,,,,2024,Qtr 1,février,15,O,O,PERSONNEL MEDICO TECHNIQUE,PERSONNEL HOSPITALIER,Personnel Hospitalier,PERSONNEL HOSPITALIER DIPLOME,CATEGORIE A,TECH LABO CLN A,TECHNICIEN DE LABORATOIRE CLN A,Technicien de laboratoire,Personnels médico-techniques,Personnels médico-techniques,MANQUANT,TECHN. LABO,TECHNI LABO ET AIDES,TECHNI LABO ET AIDES,TECHN. LABO,TECHNICIEN DE LABORATOIRE,TECHNI LABO ET AIDES,Personnel non médical,2045,2645
PMT,PH,PH,D,A,4065,4110,4100,37,18,32030201,N,61,,,,,2024,Qtr 1,février,15,O,O,PERSONNEL MEDICO TECHNIQUE,PERSONNEL HOSPITALIER,Personnel Hospitalier,PERSONNEL HOSPITALIER DIPLOME,CATEGORIE A,TECH LABO CLS A,TECHNICIEN DE LABORATOIRE CLS A,Technicien de laboratoire,Personnels médico-techniques,Personnels médico-techniques,MANQUANT,TECHN. LABO,TECHNI LABO ET AIDES,TECHNI LABO ET AIDES,TECHN. LABO,TECHNICIEN DE LABORATOIRE,TECHNI LABO ET AIDES,Personnel non médical,1183,1495
PMT,PH,PH,D,B,2740,4110,4100,37,18,32030201,N,61,,,,,2025,Qtr 1,janvier,6,N,O,PERSONNEL MEDICO TECHNIQUE,PERSONNEL HOSPITALIER,Personnel Hospitalier,PERSONNEL HOSPITALIER DIPLOME,CATEGORIE B,TECHNICIEN LABO CN,TECHNICIEN DE LABORATOIRE CLASSE NORMALE,Technicien de laboratoire,Personnels médico-techniques,Personnels médico-techniques,MANQUANT,TECHN. LABO,TECHNI LABO ET AIDES,TECHNI LABO ET AIDES,TECHN. LABO,TECHNICIEN DE LABORATOIRE,TECHNI LABO ET AIDES,Personnel non médical,0,1
PMT,PH,PH,D,B,2761,4150,4100,44,18,32120201,O,65,,,,,2024,Qtr 1,février,15,O,O,PERSONNEL MEDICO TECHNIQUE,PERSONNEL HOSPITALIER,Personnel Hospitalier,PERSONNEL HOSPITALIER DIPLOME,CATEGORIE B,TECH EN PHYSIO EXT,TECHNICIEN EN PHYSIOLOGIE  - EXTINCTION,Autres personnels médico-techniques,Personnels médico-techniques,Personnels médico-techniques,MANQUANT,MANIPULATEURS,MERM,MERM,MANIPULATEURS,MANIPULATEURS,MANIPULATEUR RADIO ET AIDES,Personnel non médical,2,2
PMT,PH,PH,D,B,4050,4120,4100,38,18,32220201,O,63,,,,,2024,Qtr 1,février,15,N,O,PERSONNEL MEDICO TECHNIQUE,PERSONNEL HOSPITALIER,Personnel Hospitalier,PERSONNEL HOSPITALIER DIPLOME,CATEGORIE B,PREPARATEUR PH CN,PREPARATEUR EN PHARM HOSP CLASSE NORMALE,Personnels des services de pharmacie,Personnels médico-techniques,Personnels médico-techniques,MANQUANT,PREPARATEUR PHARM,PPH,PPH,PREPARATEUR PHARM,PREPARATEUR PHARMACI,PREPARATEUR ET AIDE,Personnel non médical,0,1052
PMT,PH,PH,D,B,4051,4120,4100,38,18,32220201,O,63,,,,,2024,Qtr 1,février,15,N,O,PERSONNEL MEDICO TECHNIQUE,PERSONNEL HOSPITALIER,Personnel Hospitalier,PERSONNEL HOSPITALIER DIPLOME,CATEGORIE B,PREPARATEUR PH CS,PREPARATEUR EN PHARM HOSP CLASSE SUP,Personnels des services de pharmacie,Personnels médico-techniques,Personnels médico-techniques,MANQUANT,PREPARATEUR PHARM,PPH,PPH,PREPARATEUR PHARM,PREPARATEUR PHARMACI,PREPARATEUR ET AIDE,Personnel non médical,0,305
PMT,PH,PH,D,B,4052,4110,4100,37,18,32030201,N,61,,,,,2024,Qtr 1,février,15,N,O,PERSONNEL MEDICO TECHNIQUE,PERSONNEL HOSPITALIER,Personnel Hospitalier,PERSONNEL HOSPITALIER DIPLOME,CATEGORIE B,TECHNICIEN LABO CN,TECHNICIEN DE LABORATOIRE CLASSE NORMALE,Technicien de laboratoire,Personnels médico-techniques,Personnels médico-techniques,MANQUANT,TECHN. LABO,TECHNI LABO ET AIDES,TECHNI LABO ET AIDES,TECHN. LABO,TECHNICIEN DE LABORATOIRE,TECHNI LABO ET AIDES,Personnel non médical,0,2632
PMT,PH,PH,D,B,4053,4110,4100,37,18,32030201,N,61,,,,,2024,Qtr 1,février,15,N,O,PERSONNEL MEDICO TECHNIQUE,PERSONNEL HOSPITALIER,Personnel Hospitalier,PERSONNEL HOSPITALIER DIPLOME,CATEGORIE B,TECHNICIEN LABO CS,TECHNICIEN DE LABORATOIRE CLASSE SUPER,Technicien de laboratoire,Personnels médico-techniques,Personnels médico-techniques,MANQUANT,TECHN. LABO,TECHNI LABO ET AIDES,TECHNI LABO ET AIDES,TECHN. LABO,TECHNICIEN DE LABORATOIRE,TECHNI LABO ET AIDES,Personnel non médical,0,1805
PMT,PH,PH,D,B,4054,4130,4100,39,18,32120201,O,65,,,,,2024,Qtr 1,février,15,N,O,PERSONNEL MEDICO TECHNIQUE,PERSONNEL HOSPITALIER,Personnel Hospitalier,PERSONNEL HOSPITALIER DIPLOME,CATEGORIE B,MANIPULAT RADIO CN,MANIPULATEUR ELECT RADIO MED CLASSE NORMALE,Manipulateur d'électroradiologie médicale,Personnels médico-techniques,Personnels médico-techniques,MANQUANT,MANIPULATEURS,MERM,MERM,MANIPULATEURS,MANIPULATEURS,MANIPULATEUR RADIO ET AIDES,Personnel non médical,0,289
PMT,PH,PH,D,B,4055,4130,4100,39,18,32120201,O,65,,,,,2024,Qtr 1,février,15,N,O,PERSONNEL MEDICO TECHNIQUE,PERSONNEL HOSPITALIER,Personnel Hospitalier,PERSONNEL HOSPITALIER DIPLOME,CATEGORIE B,MANIPULAT RADIO CS,MANIPULAT ELECT RADIO MED CLASSE SUP,Manipulateur d'électroradiologie médicale,Personnels médico-techniques,Personnels médico-techniques,MANQUANT,MANIPULATEURS,MERM,MERM,MANIPULATEURS,MANIPULATEURS,MANIPULATEUR RADIO ET AIDES,Personnel non médical,0,412
PMT,PH,PH,D,B,4060,4130,4100,39,18,32120201,O,65,,,,,2024,Qtr 1,février,15,O,O,PERSONNEL MEDICO TECHNIQUE,PERSONNEL HOSPITALIER,Personnel Hospitalier,PERSONNEL HOSPITALIER DIPLOME,CATEGORIE B,MANIP RADIO 1E GRD,MANIPULATEUR ELECT RADIO MED 1ER GRADE,Manipulateur d'électroradiologie médicale,Personnels médico-techniques,Personnels médico-techniques,MANQUANT,MANIPULATEURS,MERM,MERM,MANIPULATEURS,MANIPULATEURS,MANIPULATEUR RADIO ET AIDES,Personnel non médical,94,189
PMT,PH,PH,D,B,4061,4130,4100,39,18,32120201,O,65,,,,,2024,Qtr 1,février,15,O,O,PERSONNEL MEDICO TECHNIQUE,PERSONNEL HOSPITALIER,Personnel Hospitalier,PERSONNEL HOSPITALIER DIPLOME,CATEGORIE B,MANIP RADIO 2E GRD,MANIPULATEUR ELECT RADIO MED 2E GRADE,Manipulateur d'électroradiologie médicale,Personnels médico-techniques,Personnels médico-techniques,MANQUANT,MANIPULATEURS,MERM,MERM,MANIPULATEURS,MANIPULATEURS,MANIPULATEUR RADIO ET AIDES,Personnel non médical,111,359
PMT,PH,PH,E,A,2033,4160,4100,36,18,32110202,N,64,,,,,2024,Qtr 1,février,15,O,O,PERSONNEL MEDICO TECHNIQUE,PERSONNEL HOSPITALIER,Personnel Hospitalier,PERSONNEL HOSPITALIER ENCADREMENT,CATEGORIE A,CADRE MANIP MED,CADRE DE SANTE MANIPULATEUR ELECTRORADIO MED,"Surveillants, cadres et autres personnels d'encadrement médico-techniques",Personnels médico-techniques,Personnels médico-techniques,MANQUANT,CADRE MANIP. RADIO,CADRE ET CADRE SUP RADIO,CADRE ET CADRE SUP RADIO,CADRE MANIP. RADIO,CADRE DE SANTE MANIPULATEUR RADIOLOGIE,CADRE ET CADRE SUP RADIO,Personnel non médical,2,4
PMT,PH,PH,E,A,2047,4160,4100,36,18,32100201,N,64,,,,,2024,Qtr 1,février,15,N,O,PERSONNEL MEDICO TECHNIQUE,PERSONNEL HOSPITALIER,Personnel Hospitalier,PERSONNEL HOSPITALIER ENCADREMENT,CATEGORIE A,CADRE SUP MERM,CADRE SUP DE SANTE MANIPULATEUR RADIO,"Surveillants, cadres et autres personnels d'encadrement médico-techniques",Personnels médico-techniques,Personnels médico-techniques,MANQUANT,CADRE SUP MANIP RA,CADRE ET CADRE SUP RADIO,CADRE ET CADRE SUP RADIO,CADRE SUP MANIP RA,CADRE SUP DE SANTE MANIPULATEUR RADIOLOGIE,CADRE ET CADRE SUP RADIO,Personnel non médical,0,1
PMT,PH,PH,E,A,2066,4160,4100,36,18,32110202,N,64,,,,,2024,Qtr 1,février,15,N,O,PERSONNEL MEDICO TECHNIQUE,PERSONNEL HOSPITALIER,Personnel Hospitalier,PERSONNEL HOSPITALIER ENCADREMENT,CATEGORIE A,CADRE MANIP RADIO,MANIPULATEUR ELECTRORADIO MED CADRE DE SANTE,"Surveillants, cadres et autres personnels d'encadrement médico-techniques",Personnels médico-techniques,Personnels médico-techniques,MANQUANT,CADRE MANIP. RADIO,CADRE ET CADRE SUP RADIO,CADRE ET CADRE SUP RADIO,CADRE MANIP. RADIO,CADRE DE SANTE MANIPULATEUR RADIOLOGIE,CADRE ET CADRE SUP RADIO,Personnel non médical,0,10
PMT,PH,PH,E,A,2084,4160,4100,36,18,32220202,N,62,,,,,2024,Qtr 1,février,15,N,O,PERSONNEL MEDICO TECHNIQUE,PERSONNEL HOSPITALIER,Personnel Hospitalier,PERSONNEL HOSPITALIER ENCADREMENT,CATEGORIE A,PREPA PHARM CS PAR,PREPARATEUR PHARMACIE CADRE DE SANTE PARAM,"Surveillants, cadres et autres personnels d'encadrement médico-techniques",Personnels médico-techniques,Personnels médico-techniques,MANQUANT,CADRE PREP. PHARMA,CADRE ET CADRE SUP PHARMACIE,CADRE ET CADRE SUP PHARMACIE,CADRE PREP. PHARMA,CADRE DE SANTE PREPARATEUR EN PHARMACIE,CADRE ET CADRE SUP PHARMACIE,Personnel non médical,0,79
PMT,PH,PH,E,A,2085,4160,4100,36,18,32020202,N,60,,,,,2024,Qtr 1,février,15,N,O,PERSONNEL MEDICO TECHNIQUE,PERSONNEL HOSPITALIER,Personnel Hospitalier,PERSONNEL HOSPITALIER ENCADREMENT,CATEGORIE A,TECH LABO CS PARAM,TECHNICIEN DE LABORATOIR CADRE DE SANTE PARAM,"Surveillants, cadres et autres personnels d'encadrement médico-techniques",Personnels médico-techniques,Personnels médico-techniques,MANQUANT,CADRE TECH. LABO.,CADRE ET CADRE SUP LABO,CADRE ET CADRE SUP LABO,CADRE TECH. LABO.,CADRE DE SANTE TECHNICIEN DE LABORATOIRE,CADRE ET CADRE SUP LABO,Personnel non médical,0,170
PMT,PH,PH,E,A,2086,4160,4100,36,18,32110202,N,64,,,,,2024,Qtr 1,février,15,N,O,PERSONNEL MEDICO TECHNIQUE,PERSONNEL HOSPITALIER,Personnel Hospitalier,PERSONNEL HOSPITALIER ENCADREMENT,CATEGORIE A,MANIP MED CS PARAM,MANIPULATEUR ELECTR MED CADRE DE SANTE PARAM,"Surveillants, cadres et autres personnels d'encadrement médico-techniques",Personnels médico-techniques,Personnels médico-techniques,MANQUANT,CADRE MANIP. RADIO,CADRE ET CADRE SUP RADIO,CADRE ET CADRE SUP RADIO,CADRE MANIP. RADIO,CADRE DE SANTE MANIPULATEUR RADIOLOGIE,CADRE ET CADRE SUP RADIO,Personnel non médical,0,108
PMT,PH,PH,E,A,2098,4160,4100,36,18,32220202,N,62,,,,,2024,Qtr 1,février,15,O,O,PERSONNEL MEDICO TECHNIQUE,PERSONNEL HOSPITALIER,Personnel Hospitalier,PERSONNEL HOSPITALIER ENCADREMENT,CATEGORIE A,CS PARAM PREP PHAR,CADRE DE SANTE PARAM PREPARATEUR PHARMACIE,"Surveillants, cadres et autres personnels d'encadrement médico-techniques",Personnels médico-techniques,Personnels médico-techniques,MANQUANT,CADRE PREP. PHARMA,CADRE ET CADRE SUP PHARMACIE,CADRE ET CADRE SUP PHARMACIE,CADRE PREP. PHARMA,CADRE DE SANTE PREPARATEUR EN PHARMACIE,CADRE ET CADRE SUP PHARMACIE,Personnel non médical,65,93
PMT,PH,PH,E,A,2099,4160,4100,36,18,32020202,N,60,,,,,2024,Qtr 1,février,15,O,O,PERSONNEL MEDICO TECHNIQUE,PERSONNEL HOSPITALIER,Personnel Hospitalier,PERSONNEL HOSPITALIER ENCADREMENT,CATEGORIE A,CS PARAM TECH LABO,CADRE DE SANTE PARAM TECHNICIEN DE LABORATOI,"Surveillants, cadres et autres personnels d'encadrement médico-techniques",Personnels médico-techniques,Personnels médico-techniques,MANQUANT,CADRE TECH. LABO.,CADRE ET CADRE SUP LABO,CADRE ET CADRE SUP LABO,CADRE TECH. LABO.,CADRE DE SANTE TECHNICIEN DE LABORATOIRE,CADRE ET CADRE SUP LABO,Personnel non médical,120,184
PMT,PH,PH,E,A,2100,4160,4100,36,18,32110202,N,64,,,,,2024,Qtr 1,février,15,O,O,PERSONNEL MEDICO TECHNIQUE,PERSONNEL HOSPITALIER,Personnel Hospitalier,PERSONNEL HOSPITALIER ENCADREMENT,CATEGORIE A,CS PARAM MANIP MED,CADRE DE SANTE PARAM MANIPULATEUR ELECTR MED,"Surveillants, cadres et autres personnels d'encadrement médico-techniques",Personnels médico-techniques,Personnels médico-techniques,MANQUANT,CADRE MANIP. RADIO,CADRE ET CADRE SUP RADIO,CADRE ET CADRE SUP RADIO,CADRE MANIP. RADIO,CADRE DE SANTE MANIPULATEUR RADIOLOGIE,CADRE ET CADRE SUP RADIO,Personnel non médical,73,111
PMT,PH,PH,E,A,2166,4160,4100,36,18,32100201,N,64,,,,,2024,Qtr 1,février,15,N,O,PERSONNEL MEDICO TECHNIQUE,PERSONNEL HOSPITALIER,Personnel Hospitalier,PERSONNEL HOSPITALIER ENCADREMENT,CATEGORIE A,CADR SUP MANIP RAD,MANIP. ELECTRORADIOLOGIE CADRE SUP SANTE,"Surveillants, cadres et autres personnels d'encadrement médico-techniques",Personnels médico-techniques,Personnels médico-techniques,MANQUANT,CADRE SUP MANIP RA,CADRE ET CADRE SUP RADIO,CADRE ET CADRE SUP RADIO,CADRE SUP MANIP RA,CADRE SUP DE SANTE MANIPULATEUR RADIOLOGIE,CADRE ET CADRE SUP RADIO,Personnel non médical,0,1
PMT,PH,PH,E,A,2184,4160,4100,36,18,32220203,N,62,,,,,2024,Qtr 1,février,15,N,O,PERSONNEL MEDICO TECHNIQUE,PERSONNEL HOSPITALIER,Personnel Hospitalier,PERSONNEL HOSPITALIER ENCADREMENT,CATEGORIE A,PREP PHARM CSS PAR,PREPARATEUR PHARM CADRE DE SANTE SUP PARAM,"Surveillants, cadres et autres personnels d'encadrement médico-techniques",Personnels médico-techniques,Personnels médico-techniques,MANQUANT,CADRE SUP PREP PHA,CADRE ET CADRE SUP PHARMACIE,CADRE ET CADRE SUP PHARMACIE,CADRE SUP PREP PHA,CADRE SUP DE SANTE PREPARATEUR EN PHARMACIE,CADRE ET CADRE SUP PHARMACIE,Personnel non médical,0,15
PMT,PH,PH,E,A,2185,4160,4100,36,18,32010201,N,60,,,,,2024,Qtr 1,février,15,N,O,PERSONNEL MEDICO TECHNIQUE,PERSONNEL HOSPITALIER,Personnel Hospitalier,PERSONNEL HOSPITALIER ENCADREMENT,CATEGORIE A,TECH LABO CSS PARA,TECHNICIEN DE LABO CADRE DE SANTE SUP PARAM,"Surveillants, cadres et autres personnels d'encadrement médico-techniques",Personnels médico-techniques,Personnels médico-techniques,MANQUANT,CADRE SUP TECH LAB,CADRE ET CADRE SUP LABO,CADRE ET CADRE SUP LABO,CADRE SUP TECH LAB,CADRE SUP TECHNICIEN DE LABORATOIRE,CADRE ET CADRE SUP LABO,Personnel non médical,0,47
PMT,PH,PH,E,A,2186,4160,4100,36,18,32100201,N,64,,,,,2024,Qtr 1,février,15,N,O,PERSONNEL MEDICO TECHNIQUE,PERSONNEL HOSPITALIER,Personnel Hospitalier,PERSONNEL HOSPITALIER ENCADREMENT,CATEGORIE A,MANIP ME CSS PARAM,MANIPULAT ELEC MED CADRE DE SANTE SUP PARAM,"Surveillants, cadres et autres personnels d'encadrement médico-techniques",Personnels médico-techniques,Personnels médico-techniques,MANQUANT,CADRE SUP MANIP RA,CADRE ET CADRE SUP RADIO,CADRE ET CADRE SUP RADIO,CADRE SUP MANIP RA,CADRE SUP DE SANTE MANIPULATEUR RADIOLOGIE,CADRE ET CADRE SUP RADIO,Personnel non médical,0,38
PMT,PH,PH,E,A,2198,4160,4100,36,18,32220203,N,62,,,,,2024,Qtr 1,février,15,O,O,PERSONNEL MEDICO TECHNIQUE,PERSONNEL HOSPITALIER,Personnel Hospitalier,PERSONNEL HOSPITALIER ENCADREMENT,CATEGORIE A,CSS PARA PREP PHAR,CADRE DE SANTE SUP PARAM PREPARATEUR PHARM,"Surveillants, cadres et autres personnels d'encadrement médico-techniques",Personnels médico-techniques,Personnels médico-techniques,MANQUANT,CADRE SUP PREP PHA,CADRE ET CADRE SUP PHARMACIE,CADRE ET CADRE SUP PHARMACIE,CADRE SUP PREP PHA,CADRE SUP DE SANTE PREPARATEUR EN PHARMACIE,CADRE ET CADRE SUP PHARMACIE,Personnel non médical,12,21
PMT,PH,PH,E,A,2199,4160,4100,36,18,32010201,N,60,,,,,2024,Qtr 1,février,15,O,O,PERSONNEL MEDICO TECHNIQUE,PERSONNEL HOSPITALIER,Personnel Hospitalier,PERSONNEL HOSPITALIER ENCADREMENT,CATEGORIE A,CSS PARA TECH LABO,CADRE DE SANTE SUP PARAM TECHNICIEN DE LABO,"Surveillants, cadres et autres personnels d'encadrement médico-techniques",Personnels médico-techniques,Personnels médico-techniques,MANQUANT,CADRE SUP TECH LAB,CADRE ET CADRE SUP LABO,CADRE ET CADRE SUP LABO,CADRE SUP TECH LAB,CADRE SUP TECHNICIEN DE LABORATOIRE,CADRE ET CADRE SUP LABO,Personnel non médical,28,53
PMT,PH,PH,E,A,2200,4160,4100,36,18,32100201,N,64,,,,,2024,Qtr 1,février,15,O,O,PERSONNEL MEDICO TECHNIQUE,PERSONNEL HOSPITALIER,Personnel Hospitalier,PERSONNEL HOSPITALIER ENCADREMENT,CATEGORIE A,CSS PARAM MANIP ME,CADRE DE SANTE SUP PARAM MANIPULAT ELEC MED,"Surveillants, cadres et autres personnels d'encadrement médico-techniques",Personnels médico-techniques,Personnels médico-techniques,MANQUANT,CADRE SUP MANIP RA,CADRE ET CADRE SUP RADIO,CADRE ET CADRE SUP RADIO,CADRE SUP MANIP RA,CADRE SUP DE SANTE MANIPULATEUR RADIOLOGIE,CADRE ET CADRE SUP RADIO,Personnel non médical,15,41
PMT,PH,PH,E,A,3098,4160,4100,36,18,32220203,N,62,,,,,2024,Qtr 1,février,15,O,O,PERSONNEL MEDICO TECHNIQUE,PERSONNEL HOSPITALIER,Personnel Hospitalier,PERSONNEL HOSPITALIER ENCADREMENT,CATEGORIE A,CS HC PAR PREP PHA,CADRE DE SANTE HORS CLASSE PARAM PREPA PHARM,"Surveillants, cadres et autres personnels d'encadrement médico-techniques",Personnels médico-techniques,Personnels médico-techniques,MANQUANT,CADRE SUP PREP PHA,CADRE ET CADRE SUP PHARMACIE,CADRE ET CADRE SUP PHARMACIE,CADRE SUP PREP PHA,CADRE SUP DE SANTE PREPARATEUR EN PHARMACIE,CADRE ET CADRE SUP PHARMACIE,Personnel non médical,2,2
PMT,PH,PH,E,A,3099,4160,4100,36,18,32010201,N,60,,,,,2024,Qtr 1,février,15,O,O,PERSONNEL MEDICO TECHNIQUE,PERSONNEL HOSPITALIER,Personnel Hospitalier,PERSONNEL HOSPITALIER ENCADREMENT,CATEGORIE A,CS HC PAR TECH LAB,CADRE DE SANTE HORS CLASSE PARAMED TECH LABO,"Surveillants, cadres et autres personnels d'encadrement médico-techniques",Personnels médico-techniques,Personnels médico-techniques,MANQUANT,CADRE SUP TECH LAB,CADRE ET CADRE SUP LABO,CADRE ET CADRE SUP LABO,CADRE SUP TECH LAB,CADRE SUP TECHNICIEN DE LABORATOIRE,CADRE ET CADRE SUP LABO,Personnel non médical,13,18
PMT,PH,PH,E,A,3100,4160,4100,36,18,32100201,N,64,,,,,2024,Qtr 1,février,15,O,O,PERSONNEL MEDICO TECHNIQUE,PERSONNEL HOSPITALIER,Personnel Hospitalier,PERSONNEL HOSPITALIER ENCADREMENT,CATEGORIE A,CS HC PAR MANIP ME,CADRE DE SANTE HORS CLASSE PARAMED MANIP MED,"Surveillants, cadres et autres personnels d'encadrement médico-techniques",Personnels médico-techniques,Personnels médico-techniques,MANQUANT,CADRE SUP MANIP RA,CADRE ET CADRE SUP RADIO,CADRE ET CADRE SUP RADIO,CADRE SUP MANIP RA,CADRE SUP DE SANTE MANIPULATEUR RADIOLOGIE,CADRE ET CADRE SUP RADIO,Personnel non médical,14,18
PMT,PH,PH,Q,B,2686,4140,4100,43,18,32120202,N,59,,,,,2024,Qtr 1,février,15,O,O,PERSONNEL MEDICO TECHNIQUE,PERSONNEL HOSPITALIER,Personnel Hospitalier,PERSONNEL HOSPITALIER QUALIFIE,CATEGORIE B,ETUD MANIP RADIO,ETUDIANT MANIPULATEUR RADIO,Autres personnels des services de radiologie,Personnels médico-techniques,Personnels médico-techniques,MANQUANT,ELEVE MANIP RADIO,AUTRE PH,AUTRE PH,ELEVE MANIP RADIO,ELEVE MANIPULATEUR RADIOLOGIE,AUTRE PH,Personnel non médical,630,1681
PMT,PH,PH,Q,C,2845,4110,4100,37,18,34010201,N,61,,,,,2024,Qtr 1,février,15,N,O,PERSONNEL MEDICO TECHNIQUE,PERSONNEL HOSPITALIER,Personnel Hospitalier,PERSONNEL HOSPITALIER QUALIFIE,CATEGORIE C,A. LABO CL SUP C2,AIDE DE LABORATOIRE CL SUPERIEURE C2,Technicien de laboratoire,Personnels médico-techniques,Personnels médico-techniques,MANQUANT,AIDE LABO,TECHNI LABO ET AIDES,TECHNI LABO ET AIDES,AIDE LABO,AIDE LABO,TECHNI LABO ET AIDES,Personnel non médical,0,9
PMT,PH,PH,Q,C,2846,4110,4100,37,18,34010201,N,61,,,,,2024,Qtr 1,février,15,O,O,PERSONNEL MEDICO TECHNIQUE,PERSONNEL HOSPITALIER,Personnel Hospitalier,PERSONNEL HOSPITALIER QUALIFIE,CATEGORIE C,A. LABO CL SUP EC2,AIDE DE LABORATOIRE CL SUPERIEURE EC2,Technicien de laboratoire,Personnels médico-techniques,Personnels médico-techniques,MANQUANT,AIDE LABO,TECHNI LABO ET AIDES,TECHNI LABO ET AIDES,AIDE LABO,AIDE LABO,TECHNI LABO ET AIDES,Personnel non médical,7,8
PMT,PH,PH,Q,C,2859,4120,4100,38,18,34030201,N,63,,,,,2024,Qtr 1,février,15,N,O,PERSONNEL MEDICO TECHNIQUE,PERSONNEL HOSPITALIER,Personnel Hospitalier,PERSONNEL HOSPITALIER QUALIFIE,CATEGORIE C,A. PHARM CL SUP C2,AIDE DE PHARMACIE CL SUPERIEURE C2,Personnels des services de pharmacie,Personnels médico-techniques,Personnels médico-techniques,MANQUANT,AIDE PREPARATEURS,AIDE PREPARATEURS,AIDE PREPARATEURS,AIDE PREPARATEURS,AIDE PREPARATEURS,PREPARATEUR ET AIDE,Personnel non médical,0,2
PMT,PH,PH,Q,C,2881,4120,4100,38,18,34030201,N,63,,,,,2024,Qtr 1,février,15,O,O,PERSONNEL MEDICO TECHNIQUE,PERSONNEL HOSPITALIER,Personnel Hospitalier,PERSONNEL HOSPITALIER QUALIFIE,CATEGORIE C,A PHARM CL SUP EC2,AIDE DE PHARMACIE CL SUPERIEURE EC2,Personnels des services de pharmacie,Personnels médico-techniques,Personnels médico-techniques,MANQUANT,AIDE PREPARATEURS,AIDE PREPARATEURS,AIDE PREPARATEURS,AIDE PREPARATEURS,AIDE PREPARATEURS,PREPARATEUR ET AIDE,Personnel non médical,1,1
PS,PH,PH,D,A,2398,2800,2800,21,12,33040201,O,53,,,,,2024,Qtr 1,février,15,O,O,PERSONNEL DE SOINS,PERSONNEL HOSPITALIER,Personnel Hospitalier,PERSONNEL HOSPITALIER DIPLOME,CATEGORIE A,SAGE FEMME 1er grd,SAGE FEMME 1er grade,Sages-femmes y compris encadrement et écoles,Sages-femmes,Personnels des services de soins,MANQUANT,SAGE-FEMMES,SAGE FEMME,SAGE FEMME,SAGE-FEMMES,SAGE-FEMMES,SAGE FEMME,Personnel non médical,831,1490
PS,PH,PH,D,A,2817,2320,2300,12,8,32060201,O,55,,,,,2024,Qtr 1,février,15,N,O,PERSONNEL DE SOINS,PERSONNEL HOSPITALIER,Personnel Hospitalier,PERSONNEL HOSPITALIER DIPLOME,CATEGORIE A,INF DE BL OPER CN,INFIRMIER DE BLOC OPERATOIRE CLASSE NORMALE,Infirmiers de bloc opératoire diplômés d'État hors encadrement,Infirmiers spécialisés,Personnels des services de soins,MANQUANT,INF. SALLE OP.,IBODE,IBODE,INF. SALLE OP.,INF. SALLE OP.,INFIRMIER SPECIALISE,Personnel non médical,0,19
PS,PH,PH,D,A,2818,2340,2300,13,8,32200201,O,55,,,,,2024,Qtr 1,février,15,N,O,PERSONNEL DE SOINS,PERSONNEL HOSPITALIER,Personnel Hospitalier,PERSONNEL HOSPITALIER DIPLOME,CATEGORIE A,PUERICULTEUR CN,PUERICULTEUR DE CLASSE NORMALE,Puéricultrices diplômées d'État hors encadrement,Infirmiers spécialisés,Personnels des services de soins,MANQUANT,PUERICULTRICES,PUER,PUER,PUERICULTRICES,PUERICULTRICES,INFIRMIER SPECIALISE,Personnel non médical,0,61
PS,PH,PH,D,A,2819,2310,2300,11,8,32190201,N,55,,,,,2024,Qtr 1,février,15,N,O,PERSONNEL DE SOINS,PERSONNEL HOSPITALIER,Personnel Hospitalier,PERSONNEL HOSPITALIER DIPLOME,CATEGORIE A,INF ANEST DE CN,INFIRMIER ANESTHESISTE DE CLASSE NORMALE,Infirmiers anesthésistes diplômés d'État hors encadrement,Infirmiers spécialisés,Personnels des services de soins,MANQUANT,INF.ANESTHESISTE,IADE,IADE,INF.ANESTHESISTE,INFIRMIER ANESTHESISTE,INFIRMIER SPECIALISE,Personnel non médical,0,19
PS,PH,PH,D,A,2917,2320,2300,12,8,32060201,O,55,,,,,2024,Qtr 1,février,15,O,O,PERSONNEL DE SOINS,PERSONNEL HOSPITALIER,Personnel Hospitalier,PERSONNEL HOSPITALIER DIPLOME,CATEGORIE A,INF DE BLOC OP CS,INFIRMIER DE BLOC OPER CLASSE SUPERIEURE,Infirmiers de bloc opératoire diplômés d'État hors encadrement,Infirmiers spécialisés,Personnels des services de soins,MANQUANT,INF. SALLE OP.,IBODE,IBODE,INF. SALLE OP.,INF. SALLE OP.,INFIRMIER SPECIALISE,Personnel non médical,1,179
PS,PH,PH,D,A,2918,2340,2300,13,8,32200201,O,55,,,,,2024,Qtr 1,février,15,N,O,PERSONNEL DE SOINS,PERSONNEL HOSPITALIER,Personnel Hospitalier,PERSONNEL HOSPITALIER DIPLOME,CATEGORIE A,PUERICULTEUR CS,PUERICULTEUR CLASSE SUPERIEURE,Puéricultrices diplômées d'État hors encadrement,Infirmiers spécialisés,Personnels des services de soins,MANQUANT,PUERICULTRICES,PUER,PUER,PUERICULTRICES,PUERICULTRICES,INFIRMIER SPECIALISE,Personnel non médical,0,141
PS,PH,PH,D,A,2919,2310,2300,11,8,32190201,N,55,,,,,2024,Qtr 1,février,15,N,O,PERSONNEL DE SOINS,PERSONNEL HOSPITALIER,Personnel Hospitalier,PERSONNEL HOSPITALIER DIPLOME,CATEGORIE A,INF ANEST DE CS,INFIRMIER ANESTHESISTE CLASSE SUPERIEURE,Infirmiers anesthésistes diplômés d'État hors encadrement,Infirmiers spécialisés,Personnels des services de soins,MANQUANT,INF.ANESTHESISTE,IADE,IADE,INF.ANESTHESISTE,INFIRMIER ANESTHESISTE,INFIRMIER SPECIALISE,Personnel non médical,0,235
PS,PH,PH,D,A,2934,2320,2300,12,8,32060201,O,55,,,,,2024,Qtr 1,février,15,O,O,PERSONNEL DE SOINS,PERSONNEL HOSPITALIER,Personnel Hospitalier,PERSONNEL HOSPITALIER DIPLOME,CATEGORIE A,IBODE CLN,IBODE DE CLASSE NORMALE,Infirmiers de bloc opératoire diplômés d'État hors encadrement,Infirmiers spécialisés,Personnels des services de soins,MANQUANT,INF. SALLE OP.,IBODE,IBODE,INF. SALLE OP.,INF. SALLE OP.,INFIRMIER SPECIALISE,Personnel non médical,11,15
PS,PH,PH,D,A,2935,2320,2300,12,8,32060201,O,55,,,,,2024,Qtr 1,février,15,O,O,PERSONNEL DE SOINS,PERSONNEL HOSPITALIER,Personnel Hospitalier,PERSONNEL HOSPITALIER DIPLOME,CATEGORIE A,IBODE CLS,IBODE DE CLASSE SUPERIEURE,Infirmiers de bloc opératoire diplômés d'État hors encadrement,Infirmiers spécialisés,Personnels des services de soins,MANQUANT,INF. SALLE OP.,IBODE,IBODE,INF. SALLE OP.,INF. SALLE OP.,INFIRMIER SPECIALISE,Personnel non médical,84,131
PS,PH,PH,D,A,2936,2340,2300,13,8,32200201,O,55,,,,,2024,Qtr 1,février,15,O,O,PERSONNEL DE SOINS,PERSONNEL HOSPITALIER,Personnel Hospitalier,PERSONNEL HOSPITALIER DIPLOME,CATEGORIE A,PUER CLN,PUER DE CLASSE NORMALE,Puéricultrices diplômées d'État hors encadrement,Infirmiers spécialisés,Personnels des services de soins,MANQUANT,PUERICULTRICES,PUER,PUER,PUERICULTRICES,PUERICULTRICES,INFIRMIER SPECIALISE,Personnel non médical,18,40
PS,PH,PH,D,A,2937,2340,2300,13,8,32200201,O,55,,,,,2024,Qtr 1,février,15,O,O,PERSONNEL DE SOINS,PERSONNEL HOSPITALIER,Personnel Hospitalier,PERSONNEL HOSPITALIER DIPLOME,CATEGORIE A,PUER CLS,PUER DE CLASSE SUPERIEURE,Puéricultrices diplômées d'État hors encadrement,Infirmiers spécialisés,Personnels des services de soins,MANQUANT,PUERICULTRICES,PUER,PUER,PUERICULTRICES,PUERICULTRICES,INFIRMIER SPECIALISE,Personnel non médical,78,115
PS,PH,PH,D,A,2938,2310,2300,11,8,32190201,N,55,,,,,2024,Qtr 1,février,15,O,O,PERSONNEL DE SOINS,PERSONNEL HOSPITALIER,Personnel Hospitalier,PERSONNEL HOSPITALIER DIPLOME,CATEGORIE A,IADE CLN,IADE DE CLASSE NORMALE,Infirmiers anesthésistes diplômés d'État hors encadrement,Infirmiers spécialisés,Personnels des services de soins,MANQUANT,INF.ANESTHESISTE,IADE,IADE,INF.ANESTHESISTE,INFIRMIER ANESTHESISTE,INFIRMIER SPECIALISE,Personnel non médical,6,20
PS,PH,PH,D,A,2939,2310,2300,11,8,32190201,N,55,,,,,2024,Qtr 1,février,15,O,O,PERSONNEL DE SOINS,PERSONNEL HOSPITALIER,Personnel Hospitalier,PERSONNEL HOSPITALIER DIPLOME,CATEGORIE A,IADE CLS,IADE DE CLASSE SUPERIEURE,Infirmiers anesthésistes diplômés d'État hors encadrement,Infirmiers spécialisés,Personnels des services de soins,MANQUANT,INF.ANESTHESISTE,IADE,IADE,INF.ANESTHESISTE,INFIRMIER ANESTHESISTE,INFIRMIER SPECIALISE,Personnel non médical,120,192
PS,PH,PH,D,A,2947,2310,2300,11,8,32190201,N,55,,,,,2024,Qtr 1,février,15,O,O,PERSONNEL DE SOINS,PERSONNEL HOSPITALIER,Personnel Hospitalier,PERSONNEL HOSPITALIER DIPLOME,CATEGORIE A,INF ANESTH GRADE 1,INFIRMIER ANESTHESISTE GRADE 1,Infirmiers anesthésistes diplômés d'État hors encadrement,Infirmiers spécialisés,Personnels des services de soins,MANQUANT,INF.ANESTHESISTE,IADE,IADE,INF.ANESTHESISTE,INFIRMIER ANESTHESISTE,INFIRMIER SPECIALISE,Personnel non médical,337,539
PS,PH,PH,D,A,2948,2310,2300,11,8,32190201,N,55,,,,,2024,Qtr 1,février,15,O,O,PERSONNEL DE SOINS,PERSONNEL HOSPITALIER,Personnel Hospitalier,PERSONNEL HOSPITALIER DIPLOME,CATEGORIE A,INF ANESTH GRADE 2,INFIRMIER ANESTHESISTE GRADE 2,Infirmiers anesthésistes diplômés d'État hors encadrement,Infirmiers spécialisés,Personnels des services de soins,MANQUANT,INF.ANESTHESISTE,IADE,IADE,INF.ANESTHESISTE,INFIRMIER ANESTHESISTE,INFIRMIER SPECIALISE,Personnel non médical,584,677
PS,PH,PH,D,A,2956,2210,2200,9,7,33030202,O,56,,,,,2024,Qtr 1,février,15,O,O,PERSONNEL DE SOINS,PERSONNEL HOSPITALIER,Personnel Hospitalier,PERSONNEL HOSPITALIER DIPLOME,CATEGORIE A,IDE ISGS GRADE 1,INFIRMIER ISGS - GRADE 1,Infirmiers diplômés d'État ou autorisés (hors infirmiers de secteur psychiatrique),Infirmiers non spécialisés,Personnels des services de soins,MANQUANT,INFIRMIERS s gener,IDE,IDE,INFIRMIERS s gener,INFIRMIERS soins generaux,INFIRMIER,Personnel non médical,5,23792
PS,PH,PH,D,A,2957,2210,2200,9,7,33030202,O,56,,,,,2024,Qtr 1,février,15,N,O,PERSONNEL DE SOINS,PERSONNEL HOSPITALIER,Personnel Hospitalier,PERSONNEL HOSPITALIER DIPLOME,CATEGORIE A,IDE ISGS GRADE 2,INFIRMIER ISGS - GRADE 2,Infirmiers diplômés d'État ou autorisés (hors infirmiers de secteur psychiatrique),Infirmiers non spécialisés,Personnels des services de soins,MANQUANT,INFIRMIERS s gener,IDE,IDE,INFIRMIERS s gener,INFIRMIERS soins generaux,INFIRMIER,Personnel non médical,0,2976
PS,PH,PH,D,A,2958,2210,2200,9,7,33030202,O,56,,,,,2024,Qtr 1,février,15,O,O,PERSONNEL DE SOINS,PERSONNEL HOSPITALIER,Personnel Hospitalier,PERSONNEL HOSPITALIER DIPLOME,CATEGORIE A,ISGS IDE GRADE 1,ISGS INFIRMIER GRADE 1,Infirmiers diplômés d'État ou autorisés (hors infirmiers de secteur psychiatrique),Infirmiers non spécialisés,Personnels des services de soins,MANQUANT,INFIRMIERS s gener,IDE,IDE,INFIRMIERS s gener,INFIRMIERS soins generaux,INFIRMIER,Personnel non médical,20195,27788
PS,PH,PH,D,A,2959,2210,2200,9,7,33030202,O,56,,,,,2024,Qtr 1,février,15,O,O,PERSONNEL DE SOINS,PERSONNEL HOSPITALIER,Personnel Hospitalier,PERSONNEL HOSPITALIER DIPLOME,CATEGORIE A,ISGS IDE GRADE 2,ISGS INFIRMIER GRADE 2,Infirmiers diplômés d'État ou autorisés (hors infirmiers de secteur psychiatrique),Infirmiers non spécialisés,Personnels des services de soins,MANQUANT,INFIRMIERS s gener,IDE,IDE,INFIRMIERS s gener,INFIRMIERS soins generaux,INFIRMIER,Personnel non médical,3118,3777
PS,PH,PH,D,A,2964,2320,2300,12,8,32060201,O,55,,,,,2024,Qtr 1,février,15,N,O,PERSONNEL DE SOINS,PERSONNEL HOSPITALIER,Personnel Hospitalier,PERSONNEL HOSPITALIER DIPLOME,CATEGORIE A,IBODE ISGS GRADE 2,INFIRMIER BLOC OPERATOIRE ISGS GRADE 2,Infirmiers de bloc opératoire diplômés d'État hors encadrement,Infirmiers spécialisés,Personnels des services de soins,MANQUANT,INF. SALLE OP.,IBODE,IBODE,INF. SALLE OP.,INF. SALLE OP.,INFIRMIER SPECIALISE,Personnel non médical,0,234
PS,PH,PH,D,A,2965,2320,2300,12,8,32060201,O,55,,,,,2024,Qtr 1,février,15,N,O,PERSONNEL DE SOINS,PERSONNEL HOSPITALIER,Personnel Hospitalier,PERSONNEL HOSPITALIER DIPLOME,CATEGORIE A,IBODE ISGS GRADE 3,INFIRMIER BLOC OPERATOIRE ISGS GRADE 3,Infirmiers de bloc opératoire diplômés d'État hors encadrement,Infirmiers spécialisés,Personnels des services de soins,MANQUANT,INF. SALLE OP.,IBODE,IBODE,INF. SALLE OP.,INF. SALLE OP.,INFIRMIER SPECIALISE,Personnel non médical,0,273
PS,PH,PH,D,A,2966,2320,2300,12,8,32060201,O,55,,,,,2024,Qtr 1,février,15,O,O,PERSONNEL DE SOINS,PERSONNEL HOSPITALIER,Personnel Hospitalier,PERSONNEL HOSPITALIER DIPLOME,CATEGORIE A,ISGS IBODE GRADE 2,ISGS INFIRMIER BLOC OPERATOIRE GRADE 2,Infirmiers de bloc opératoire diplômés d'État hors encadrement,Infirmiers spécialisés,Personnels des services de soins,MANQUANT,INF. SALLE OP.,IBODE,IBODE,INF. SALLE OP.,INF. SALLE OP.,INFIRMIER SPECIALISE,Personnel non médical,193,314
PS,PH,PH,D,A,2967,2320,2300,12,8,32060201,O,55,,,,,2024,Qtr 1,février,15,O,O,PERSONNEL DE SOINS,PERSONNEL HOSPITALIER,Personnel Hospitalier,PERSONNEL HOSPITALIER DIPLOME,CATEGORIE A,ISGS IBODE GRADE 3,ISGS INFIRMIER BLOC OPERATOIRE GRADE 3,Infirmiers de bloc opératoire diplômés d'État hors encadrement,Infirmiers spécialisés,Personnels des services de soins,MANQUANT,INF. SALLE OP.,IBODE,IBODE,INF. SALLE OP.,INF. SALLE OP.,INFIRMIER SPECIALISE,Personnel non médical,250,309
PS,PH,PH,D,A,2974,2340,2300,13,8,32200201,O,55,,,,,2024,Qtr 1,février,15,O,O,PERSONNEL DE SOINS,PERSONNEL HOSPITALIER,Personnel Hospitalier,PERSONNEL HOSPITALIER DIPLOME,CATEGORIE A,PUER ISGS GRADE 2,PUERICULTRICE ISGS GRADE 2,Puéricultrices diplômées d'État hors encadrement,Infirmiers spécialisés,Personnels des services de soins,MANQUANT,PUERICULTRICES,PUER,PUER,PUERICULTRICES,PUERICULTRICES,INFIRMIER SPECIALISE,Personnel non médical,1,982
PS,PH,PH,D,A,2975,2340,2300,13,8,32200201,O,55,,,,,2024,Qtr 1,février,15,N,O,PERSONNEL DE SOINS,PERSONNEL HOSPITALIER,Personnel Hospitalier,PERSONNEL HOSPITALIER DIPLOME,CATEGORIE A,PUER ISGS GRADE 3,PUERICULTRICE ISGS GRADE 3,Puéricultrices diplômées d'État hors encadrement,Infirmiers spécialisés,Personnels des services de soins,MANQUANT,PUERICULTRICES,PUER,PUER,PUERICULTRICES,PUERICULTRICES,INFIRMIER SPECIALISE,Personnel non médical,0,355
PS,PH,PH,D,A,2976,2340,2300,13,8,32200201,O,55,,,,,2024,Qtr 1,février,15,O,O,PERSONNEL DE SOINS,PERSONNEL HOSPITALIER,Personnel Hospitalier,PERSONNEL HOSPITALIER DIPLOME,CATEGORIE A,ISGS PUER GRADE 2,ISGS PUERICULTRICE GRADE 2,Puéricultrices diplômées d'État hors encadrement,Infirmiers spécialisés,Personnels des services de soins,MANQUANT,PUERICULTRICES,PUER,PUER,PUERICULTRICES,PUERICULTRICES,INFIRMIER SPECIALISE,Personnel non médical,757,1142
PS,PH,PH,D,A,2977,2340,2300,13,8,32200201,O,55,,,,,2024,Qtr 1,février,15,O,O,PERSONNEL DE SOINS,PERSONNEL HOSPITALIER,Personnel Hospitalier,PERSONNEL HOSPITALIER DIPLOME,CATEGORIE A,ISGS PUER GRADE 3,ISGS PUERICULTRICE GRADE 3,Puéricultrices diplômées d'État hors encadrement,Infirmiers spécialisés,Personnels des services de soins,MANQUANT,PUERICULTRICES,PUER,PUER,PUERICULTRICES,PUERICULTRICES,INFIRMIER SPECIALISE,Personnel non médical,342,435
PS,PH,PH,D,A,2987,2310,2300,11,8,32190201,N,55,,,,,2024,Qtr 1,février,15,N,O,PERSONNEL DE SOINS,PERSONNEL HOSPITALIER,Personnel Hospitalier,PERSONNEL HOSPITALIER DIPLOME,CATEGORIE A,INF ANESTH 1er GR,INFIRMIER ANESTHESISTE - 1er GRADE,Infirmiers anesthésistes diplômés d'État hors encadrement,Infirmiers spécialisés,Personnels des services de soins,MANQUANT,INF.ANESTHESISTE,IADE,IADE,INF.ANESTHESISTE,INFIRMIER ANESTHESISTE,INFIRMIER SPECIALISE,Personnel non médical,0,431
PS,PH,PH,D,A,2988,2310,2300,11,8,32190201,N,55,,,,,2024,Qtr 1,février,15,N,O,PERSONNEL DE SOINS,PERSONNEL HOSPITALIER,Personnel Hospitalier,PERSONNEL HOSPITALIER DIPLOME,CATEGORIE A,INF ANESTH 2e GR,INFIRMIER ANESTHESISTE - 2e GRADE,Infirmiers anesthésistes diplômés d'État hors encadrement,Infirmiers spécialisés,Personnels des services de soins,MANQUANT,INF.ANESTHESISTE,IADE,IADE,INF.ANESTHESISTE,INFIRMIER ANESTHESISTE,INFIRMIER SPECIALISE,Personnel non médical,0,583
PS,PH,PH,D,A,4034,2210,2200,9,7,33030204,N,56,,,,,2024,Qtr 1,février,15,N,O,PERSONNEL DE SOINS,PERSONNEL HOSPITALIER,Personnel Hospitalier,PERSONNEL HOSPITALIER DIPLOME,CATEGORIE A,AUX MED INF CLN,AUX MED PRAT AVANCEE INFIRMIER CLASSE NLE,Infirmiers diplômés d'État ou autorisés (hors infirmiers de secteur psychiatrique),Infirmiers non spécialisés,Personnels des services de soins,MANQUANT,INF. PA,IPA,IPA,INF. PA,INFIRMIERS EN PRATIQUE AVANCEE,INFIRMIER,Personnel non médical,0,6
PS,PH,PH,D,A,4035,2210,2200,9,7,33030204,N,56,2025,Qtr 1,mars,3,2025,Qtr 1,janvier,6,N,O,PERSONNEL DE SOINS,PERSONNEL HOSPITALIER,Personnel Hospitalier,PERSONNEL HOSPITALIER DIPLOME,CATEGORIE A,AUX MED INF CLS,AUX MED PRAT AVANCEE INFIRMIER CLASSE SUP,Infirmiers diplômés d'État ou autorisés (hors infirmiers de secteur psychiatrique),Infirmiers non spécialisés,Personnels des services de soins,MANQUANT,INF. PA,IPA,IPA,INF. PA,INFIRMIERS EN PRATIQUE AVANCEE,INFIRMIER,Personnel non médical,0,6
PS,PH,PH,D,A,4038,2210,2200,9,7,33030204,N,56,,,,,2024,Qtr 1,février,15,O,O,PERSONNEL DE SOINS,PERSONNEL HOSPITALIER,Personnel Hospitalier,PERSONNEL HOSPITALIER DIPLOME,CATEGORIE A,AUXIL MED INF CLN,AUXIL MED PRAT AVANC INFIRMIER CLASSE NLE,Infirmiers diplômés d'État ou autorisés (hors infirmiers de secteur psychiatrique),Infirmiers non spécialisés,Personnels des services de soins,MANQUANT,INF. PA,IPA,IPA,INF. PA,INFIRMIERS EN PRATIQUE AVANCEE,INFIRMIER,Personnel non médical,78,89
PS,PH,PH,D,A,4039,2210,2200,9,7,33030204,N,56,,,,,2024,Qtr 1,février,15,O,O,PERSONNEL DE SOINS,PERSONNEL HOSPITALIER,Personnel Hospitalier,PERSONNEL HOSPITALIER DIPLOME,CATEGORIE A,AUXIL MED INF CLS,AUXIL MED PRAT AVANC INFIRMIER CLASSE SUP,Infirmiers diplômés d'État ou autorisés (hors infirmiers de secteur psychiatrique),Infirmiers non spécialisés,Personnels des services de soins,MANQUANT,INF. PA,IPA,IPA,INF. PA,INFIRMIERS EN PRATIQUE AVANCEE,INFIRMIER,Personnel non médical,46,46
PS,PH,PH,D,B,2723,2210,2200,9,7,33030201,O,56,,,,,2024,Qtr 1,février,26,N,O,PERSONNEL DE SOINS,PERSONNEL HOSPITALIER,Personnel Hospitalier,PERSONNEL HOSPITALIER DIPLOME,CATEGORIE B,INF DE CL NORM,INFIRMIER DIPL ETAT CLASSE NORMALE,Infirmiers diplômés d'État ou autorisés (hors infirmiers de secteur psychiatrique),Infirmiers non spécialisés,Personnels des services de soins,MANQUANT,INFIRMIERS,IDE,IDE,INFIRMIERS,INFIRMIERS,INFIRMIER,Personnel non médical,0,1
PS,PH,PH,D,B,2950,2210,2200,9,7,33030203,O,56,,,,,2024,Qtr 1,février,15,O,O,PERSONNEL DE SOINS,PERSONNEL HOSPITALIER,Personnel Hospitalier,PERSONNEL HOSPITALIER DIPLOME,CATEGORIE B,IDE B NES CL NLE,IDE B NES CLASSE NORMALE,Infirmiers diplômés d'État ou autorisés (hors infirmiers de secteur psychiatrique),Infirmiers non spécialisés,Personnels des services de soins,MANQUANT,INFIRMIERS,IDE,IDE,INFIRMIERS,INFIRMIERS,INFIRMIER,Personnel non médical,1,1
PS,PH,PH,D,B,2954,2210,2200,9,7,33030203,O,56,,,,,2024,Qtr 1,février,15,O,O,PERSONNEL DE SOINS,PERSONNEL HOSPITALIER,Personnel Hospitalier,PERSONNEL HOSPITALIER DIPLOME,CATEGORIE B,IDE CL NORMALE,IDE CLASSE NORMALE,Infirmiers diplômés d'État ou autorisés (hors infirmiers de secteur psychiatrique),Infirmiers non spécialisés,Personnels des services de soins,MANQUANT,INFIRMIERS,IDE,IDE,INFIRMIERS,INFIRMIERS,INFIRMIER,Personnel non médical,5,2210
PS,PH,PH,D,B,2955,2210,2200,9,7,33030203,O,56,,,,,2024,Qtr 1,février,15,N,O,PERSONNEL DE SOINS,PERSONNEL HOSPITALIER,Personnel Hospitalier,PERSONNEL HOSPITALIER DIPLOME,CATEGORIE B,IDE CL SUPERIEURE,IDE CLASSE SUPERIEURE,Infirmiers diplômés d'État ou autorisés (hors infirmiers de secteur psychiatrique),Infirmiers non spécialisés,Personnels des services de soins,MANQUANT,INFIRMIERS,IDE,IDE,INFIRMIERS,INFIRMIERS,INFIRMIER,Personnel non médical,0,3478
PS,PH,PH,D,B,2960,2210,2200,9,7,33030203,O,56,,,,,2024,Qtr 1,février,15,O,O,PERSONNEL DE SOINS,PERSONNEL HOSPITALIER,Personnel Hospitalier,PERSONNEL HOSPITALIER DIPLOME,CATEGORIE B,IDE CLN,IDE DE CLASSE NORMALE,Infirmiers diplômés d'État ou autorisés (hors infirmiers de secteur psychiatrique),Infirmiers non spécialisés,Personnels des services de soins,MANQUANT,INFIRMIERS,IDE,IDE,INFIRMIERS,INFIRMIERS,INFIRMIER,Personnel non médical,595,1340
PS,PH,PH,D,B,2961,2210,2200,9,7,33030203,O,56,,,,,2024,Qtr 1,février,15,O,O,PERSONNEL DE SOINS,PERSONNEL HOSPITALIER,Personnel Hospitalier,PERSONNEL HOSPITALIER DIPLOME,CATEGORIE B,IDE CLS,IDE DE CLASSE SUPERIEURE,Infirmiers diplômés d'État ou autorisés (hors infirmiers de secteur psychiatrique),Infirmiers non spécialisés,Personnels des services de soins,MANQUANT,INFIRMIERS,IDE,IDE,INFIRMIERS,INFIRMIERS,INFIRMIER,Personnel non médical,1401,2982
PS,PH,PH,D,Z,2400,2800,2800,21,12,33040201,O,53,,,,,2025,Qtr 2,mai,12,N,O,PERSONNEL DE SOINS,PERSONNEL HOSPITALIER,Personnel Hospitalier,PERSONNEL HOSPITALIER DIPLOME,MANQUANT,SAGE-FEMME ASSOCIE,SAGE-FEMME ASSOCIEE,Sages-femmes y compris encadrement et écoles,Sages-femmes,Personnels des services de soins,MANQUANT,SAGE-FEMMES,SAGE FEMME,SAGE FEMME,SAGE-FEMMES,SAGE-FEMMES,SAGE FEMME,Personnel non médical,0,3
PS,PH,PH,E,A,2015,1400,1400,55,2,33000101,N,50,,,,,2024,Qtr 1,février,7,O,O,PERSONNEL DE SOINS,PERSONNEL HOSPITALIER,Personnel Hospitalier,PERSONNEL HOSPITALIER ENCADREMENT,CATEGORIE A,DS HORS CLASSE,DIRECTEUR DES SOINS HORS CLASSE,Directeur de soins infirmiers (anciennement infirmiers généraux),Directeurs de soins infirmiers,Personnels de direction et administratif,MANQUANT,DIR. SOINS 1 CL,DIRECTEUR DE SOINS,DIRECTEUR DE SOINS,DIR. SOINS 1 CL,DIRECTEUR DES SOINS 1ERE CLASSE,DIRECTEUR DE SOINS,Cadre Dir.,24,72
PS,PH,PH,E,A,2016,1400,1400,55,2,33000102,N,50,,,,,2024,Qtr 1,février,7,O,O,PERSONNEL DE SOINS,PERSONNEL HOSPITALIER,Personnel Hospitalier,PERSONNEL HOSPITALIER ENCADREMENT,CATEGORIE A,DS CL NORMALE,DIRECTEUR DES SOINS CLASSE NORMALE,Directeur de soins infirmiers (anciennement infirmiers généraux),Directeurs de soins infirmiers,Directeurs de soins infirmiers,MANQUANT,DIR. SOINS 2 CL,DIRECTEUR DE SOINS,DIRECTEUR DE SOINS,DIR. SOINS 2 CL,DIRECTEUR DES SOINS 2EME CLASSE,DIRECTEUR DE SOINS,Cadre Dir.,10,45
PS,PH,PH,E,A,2017,1400,1400,55,2,33000101,N,50,,,,,2024,Qtr 1,février,7,O,O,PERSONNEL DE SOINS,PERSONNEL HOSPITALIER,Personnel Hospitalier,PERSONNEL HOSPITALIER ENCADREMENT,CATEGORIE A,CGS EMPL FONC GRII,CGS SUR EMPLOI FONCTIONNEL GROUPE II,Directeur de soins infirmiers (anciennement infirmiers généraux),Directeurs de soins infirmiers,Personnels de direction et administratif,MANQUANT,DIR. SOINS 1 CL,DIRECTEUR DE SOINS,DIRECTEUR DE SOINS,DIR. SOINS 1 CL,DIRECTEUR DES SOINS 1ERE CLASSE,DIRECTEUR DE SOINS,Cadre Dir.,10,22
PS,PH,PH,E,A,2018,1400,1400,55,2,33000101,N,50,,,,,2024,Qtr 1,février,7,O,O,PERSONNEL DE SOINS,PERSONNEL HOSPITALIER,Personnel Hospitalier,PERSONNEL HOSPITALIER ENCADREMENT,CATEGORIE A,CGS EMPL FONC GRPI,CGS SUR EMPLOI FONCTIONNEL GROUPE I,Directeur de soins infirmiers (anciennement infirmiers généraux),Directeurs de soins infirmiers,Personnels de direction et administratif,MANQUANT,DIR. SOINS 1 CL,DIRECTEUR DE SOINS,DIRECTEUR DE SOINS,DIR. SOINS 1 CL,DIRECTEUR DES SOINS 1ERE CLASSE,DIRECTEUR DE SOINS,Cadre Dir.,1,1
PS,PH,PH,E,A,2019,1400,1400,55,2,33000101,N,50,,,,,2024,Qtr 1,février,7,O,O,PERSONNEL DE SOINS,PERSONNEL HOSPITALIER,Personnel Hospitalier,PERSONNEL HOSPITALIER ENCADREMENT,CATEGORIE A,DS CLASSE EXCEPT,DIRECTEUR DES SOINS CLASSE EXCEPTIONNELLE,Directeur de soins infirmiers (anciennement infirmiers généraux),Driecteurs de soins infirmiers,Personnels de direction et administratif,MANQUANT,DIR. SOINS 1 CL,DIRECTEUR DE SOINS,DIRECTEUR DE SOINS,DIR. SOINS 1 CL,DIRECTEUR DES SOINS 1ERE CLASSE,DIRECTEUR DE SOINS,Cadre Dir.,2,3
PS,PH,PH,E,A,2020,2120,2100,7,6,33020202,O,51,,,,,2024,Qtr 1,février,15,O,O,PERSONNEL DE SOINS,PERSONNEL HOSPITALIER,Personnel Hospitalier,PERSONNEL HOSPITALIER ENCADREMENT,CATEGORIE A,CADRE IDE,CADRE DE SANTE INFIRMIER,Surveillants et autres personnels d'encadrement infirmiers,Personnels d'encadrement (total),Personnels des services de soins,MANQUANT,CADRE I.D.E.,CADRE ET CADRE SUP DE SOINS,CADRE ET CADRE SUP DE SOINS,CADRE I.D.E.,CADRE DE SANTE I.D.E.,CADRE ET CADRE SUP DE SOINS,Personnel non médical,24,67
PS,PH,PH,E,A,2021,2120,2100,7,6,32050202,O,52,,,,,2024,Qtr 1,février,15,O,O,PERSONNEL DE SOINS,PERSONNEL HOSPITALIER,Personnel Hospitalier,PERSONNEL HOSPITALIER ENCADREMENT,CATEGORIE A,CADRE IBODE,CADRE DE SANTE INFIRMIER DE BLOC OPERATOIRE,Surveillants et autres personnels d'encadrement infirmiers,Personnels d'encadrement (total),Personnels des services de soins,MANQUANT,CADRE IBODE,CADRE ET CADRE SUP DE SPE,CADRE ET CADRE SUP DE SPE,CADRE IBODE,CADRE DE SANTE IBODE,CADRE ET CADRE SUP DE SPE,Personnel non médical,2,5
PS,PH,PH,E,A,2022,2120,2100,7,6,32180202,O,52,,,,,2024,Qtr 1,février,15,O,O,PERSONNEL DE SOINS,PERSONNEL HOSPITALIER,Personnel Hospitalier,PERSONNEL HOSPITALIER ENCADREMENT,CATEGORIE A,CADRE IADE,CADRE DE SANTE INFIRMIER ANESTHESISTE,Surveillants et autres personnels d'encadrement infirmiers,Personnels d'encadrement (total),Personnels des services de soins,MANQUANT,CADRE IADE,CADRE ET CADRE SUP DE SPE,CADRE ET CADRE SUP DE SPE,CADRE IADE,CADRE DE SANTE IADE,CADRE ET CADRE SUP DE SPE,Personnel non médical,2,7
PS,PH,PH,E,A,2023,2120,2100,7,6,32193202,O,52,,,,,2024,Qtr 1,février,15,O,O,PERSONNEL DE SOINS,PERSONNEL HOSPITALIER,Personnel Hospitalier,PERSONNEL HOSPITALIER ENCADREMENT,CATEGORIE A,CADRE PUER,CADRE DE SANTE PUERICULTRICE,Surveillants et autres personnels d'encadrement infirmiers,Personnels d'encadrement (total),Personnels des services de soins,MANQUANT,CADRE PUER.,CADRE ET CADRE SUP DE SOINS,CADRE ET CADRE SUP DE SOINS,CADRE PUER.,CADRE DE SANTE PUERICULTRICE,CADRE ET CADRE SUP DE SPE,Personnel non médical,1,3
PS,PH,PH,E,A,2034,2120,2100,7,6,33010201,N,51,,,,,2024,Qtr 1,février,15,O,O,PERSONNEL DE SOINS,PERSONNEL HOSPITALIER,Personnel Hospitalier,PERSONNEL HOSPITALIER ENCADREMENT,CATEGORIE A,CADRE SUP IDE,CADRE SUP DE SANTE INFIRMIER,Surveillants et autres personnels d'encadrement infirmiers,Personnels d'encadrement (total),Personnels des services de soins,MANQUANT,CADRE SUP I.D.E.,CADRE ET CADRE SUP DE SOINS,CADRE ET CADRE SUP DE SOINS,CADRE SUP I.D.E.,CADRE SUP DE SANTE I.D.E.,CADRE ET CADRE SUP DE SOINS,Personnel non médical,4,16
PS,PH,PH,E,A,2035,2120,2100,7,6,32040201,N,52,,,,,2024,Qtr 1,février,15,N,O,PERSONNEL DE SOINS,PERSONNEL HOSPITALIER,Personnel Hospitalier,PERSONNEL HOSPITALIER ENCADREMENT,CATEGORIE A,CADRE SUP IBODE,CADRE SUP DE SANTE INFIRMIER BLOC OPERATOIRE,Surveillants et autres personnels d'encadrement infirmiers,Personnels d'encadrement (total),Personnels des services de soins,MANQUANT,CADRE SUP IBODE,CADRE ET CADRE SUP DE SPE,CADRE ET CADRE SUP DE SPE,CADRE SUP IBODE,CADRE SUPERIEUR DE SANTE IBODE,CADRE ET CADRE SUP DE SPE,Personnel non médical,0,1
PS,PH,PH,E,A,2037,2120,2100,7,6,32192201,N,52,,,,,2024,Qtr 1,février,15,N,O,PERSONNEL DE SOINS,PERSONNEL HOSPITALIER,Personnel Hospitalier,PERSONNEL HOSPITALIER ENCADREMENT,CATEGORIE A,CADRE SUP PUER,CADRE SUP DE SANTE PUERICULTEUR,Surveillants et autres personnels d'encadrement infirmiers,Personnels d'encadrement (total),Personnels des services de soins,MANQUANT,CADRE SUP PUER.,CADRE ET CADRE SUP DE SOINS,CADRE ET CADRE SUP DE SOINS,CADRE SUP PUER.,CADRE SUP DE SANTE PUERICULTRICE,CADRE ET CADRE SUP DE SPE,Personnel non médical,0,1
PS,PH,PH,E,A,2053,2120,2100,7,6,33020202,O,51,,,,,2024,Qtr 1,février,15,N,O,PERSONNEL DE SOINS,PERSONNEL HOSPITALIER,Personnel Hospitalier,PERSONNEL HOSPITALIER ENCADREMENT,CATEGORIE A,CADRE INFIRMIER,INFIRMIER CADRE DE SANTE,Surveillants et autres personnels d'encadrement infirmiers,Personnels d'encadrement (total),Personnels des services de soins,MANQUANT,CADRE I.D.E.,CADRE ET CADRE SUP DE SOINS,CADRE ET CADRE SUP DE SOINS,CADRE I.D.E.,CADRE DE SANTE I.D.E.,CADRE ET CADRE SUP DE SOINS,Personnel non médical,0,126
PS,PH,PH,E,A,2054,2120,2100,7,6,32050202,O,52,,,,,2024,Qtr 1,février,15,N,O,PERSONNEL DE SOINS,PERSONNEL HOSPITALIER,Personnel Hospitalier,PERSONNEL HOSPITALIER ENCADREMENT,CATEGORIE A,CADRE BLOC OPERAT,INFIRMIER DE BLOC OPERATOIRE CADRE DE SANTE,Surveillants et autres personnels d'encadrement infirmiers,Personnels d'encadrement (total),Personnels des services de soins,MANQUANT,CADRE IBODE,CADRE ET CADRE SUP DE SPE,CADRE ET CADRE SUP DE SPE,CADRE IBODE,CADRE DE SANTE IBODE,CADRE ET CADRE SUP DE SPE,Personnel non médical,0,7
PS,PH,PH,E,A,2055,2120,2100,7,6,32180202,O,52,,,,,2024,Qtr 1,février,15,N,O,PERSONNEL DE SOINS,PERSONNEL HOSPITALIER,Personnel Hospitalier,PERSONNEL HOSPITALIER ENCADREMENT,CATEGORIE A,CADRE ANESTH REA,INFIRMIER ANESTHESISTE CADRE DE SANTE,Surveillants et autres personnels d'encadrement infirmiers,Personnels d'encadrement (total),Personnels des services de soins,MANQUANT,CADRE IADE,CADRE ET CADRE SUP DE SPE,CADRE ET CADRE SUP DE SPE,CADRE IADE,CADRE DE SANTE IADE,CADRE ET CADRE SUP DE SPE,Personnel non médical,0,10
PS,PH,PH,E,A,2056,2120,2100,7,6,32193202,O,52,,,,,2024,Qtr 1,février,15,N,O,PERSONNEL DE SOINS,PERSONNEL HOSPITALIER,Personnel Hospitalier,PERSONNEL HOSPITALIER ENCADREMENT,CATEGORIE A,CADRE PUERICULTEUR,PUERICULTRICE CADRE DE SANTE,Surveillants et autres personnels d'encadrement infirmiers,Personnels d'encadrement (total),Personnels des services de soins,MANQUANT,CADRE PUER.,CADRE ET CADRE SUP DE SOINS,CADRE ET CADRE SUP DE SOINS,CADRE PUER.,CADRE DE SANTE PUERICULTRICE,CADRE ET CADRE SUP DE SPE,Personnel non médical,0,7
PS,PH,PH,E,A,2073,2120,2100,7,6,33020202,O,51,,,,,2024,Qtr 1,février,15,N,O,PERSONNEL DE SOINS,PERSONNEL HOSPITALIER,Personnel Hospitalier,PERSONNEL HOSPITALIER ENCADREMENT,CATEGORIE A,INFIRMIER CS PARAM,INFIRMIER CADRE DE SANTE PARAMEDICAL,Surveillants et autres personnels d'encadrement infirmiers,Personnels d'encadrement (total),Personnels des services de soins,MANQUANT,CADRE I.D.E.,CADRE ET CADRE SUP DE SOINS,CADRE ET CADRE SUP DE SOINS,CADRE I.D.E.,CADRE DE SANTE I.D.E.,CADRE ET CADRE SUP DE SOINS,Personnel non médical,0,1596
PS,PH,PH,E,A,2074,2120,2100,7,6,32050202,O,52,,,,,2024,Qtr 1,février,15,N,O,PERSONNEL DE SOINS,PERSONNEL HOSPITALIER,Personnel Hospitalier,PERSONNEL HOSPITALIER ENCADREMENT,CATEGORIE A,IBODE CS PARAM,INFIRMIER BLOC OPERAT CADRE DE SANTE PARAM,Surveillants et autres personnels d'encadrement infirmiers,Personnels d'encadrement (total),Personnels des services de soins,MANQUANT,CADRE IBODE,CADRE ET CADRE SUP DE SPE,CADRE ET CADRE SUP DE SPE,CADRE IBODE,CADRE DE SANTE IBODE,CADRE ET CADRE SUP DE SPE,Personnel non médical,0,111
PS,PH,PH,E,A,2075,2120,2100,7,6,32180202,O,52,,,,,2024,Qtr 1,février,15,N,O,PERSONNEL DE SOINS,PERSONNEL HOSPITALIER,Personnel Hospitalier,PERSONNEL HOSPITALIER ENCADREMENT,CATEGORIE A,IADE CS PARAM,INFIRMIER ANESTHESISTE CADRE DE SANTE PARAM,Surveillants et autres personnels d'encadrement infirmiers,Personnels d'encadrement (total),Personnels des services de soins,MANQUANT,CADRE IADE,CADRE ET CADRE SUP DE SPE,CADRE ET CADRE SUP DE SPE,CADRE IADE,CADRE DE SANTE IADE,CADRE ET CADRE SUP DE SPE,Personnel non médical,0,81
PS,PH,PH,E,A,2076,2120,2100,7,6,32193202,O,52,,,,,2024,Qtr 1,février,15,N,O,PERSONNEL DE SOINS,PERSONNEL HOSPITALIER,Personnel Hospitalier,PERSONNEL HOSPITALIER ENCADREMENT,CATEGORIE A,PUER CS PARAM,PUERICULTRICE CADRE DE SANTE PARAM,Surveillants et autres personnels d'encadrement infirmiers,Personnels d'encadrement (total),Personnels des services de soins,MANQUANT,CADRE PUER.,CADRE ET CADRE SUP DE SOINS,CADRE ET CADRE SUP DE SOINS,CADRE PUER.,CADRE DE SANTE PUERICULTRICE,CADRE ET CADRE SUP DE SPE,Personnel non médical,0,140
PS,PH,PH,E,A,2087,2120,2100,7,6,33020202,O,51,,,,,2024,Qtr 1,février,15,O,O,PERSONNEL DE SOINS,PERSONNEL HOSPITALIER,Personnel Hospitalier,PERSONNEL HOSPITALIER ENCADREMENT,CATEGORIE A,CS PARAM INFIRMIER,CADRE DE SANTE PARAMEDICAL INFIRMIER,Surveillants et autres personnels d'encadrement infirmiers,Personnels d'encadrement (total),Personnels des services de soins,MANQUANT,CADRE I.D.E.,CADRE ET CADRE SUP DE SOINS,CADRE ET CADRE SUP DE SOINS,CADRE I.D.E.,CADRE DE SANTE I.D.E.,CADRE ET CADRE SUP DE SOINS,Personnel non médical,1226,1708
PS,PH,PH,E,A,2088,2120,2100,7,6,32050202,O,52,,,,,2024,Qtr 1,février,15,O,O,PERSONNEL DE SOINS,PERSONNEL HOSPITALIER,Personnel Hospitalier,PERSONNEL HOSPITALIER ENCADREMENT,CATEGORIE A,CS PARAM IBODE,CADRE DE SANTE PARAM INFIRMIER BLOC OPERAT,Surveillants et autres personnels d'encadrement infirmiers,Personnels d'encadrement (total),Personnels des services de soins,MANQUANT,CADRE IBODE,CADRE ET CADRE SUP DE SPE,CADRE ET CADRE SUP DE SPE,CADRE IBODE,CADRE DE SANTE IBODE,CADRE ET CADRE SUP DE SPE,Personnel non médical,65,103
PS,PH,PH,E,A,2089,2120,2100,7,6,32180202,O,52,,,,,2024,Qtr 1,février,15,O,O,PERSONNEL DE SOINS,PERSONNEL HOSPITALIER,Personnel Hospitalier,PERSONNEL HOSPITALIER ENCADREMENT,CATEGORIE A,CS PARAM IADE,CADRE DE SANTE PARAM INFIRMIER ANESTHESISTE,Surveillants et autres personnels d'encadrement infirmiers,Personnels d'encadrement (total),Personnels des services de soins,MANQUANT,CADRE IADE,CADRE ET CADRE SUP DE SPE,CADRE ET CADRE SUP DE SPE,CADRE IADE,CADRE DE SANTE IADE,CADRE ET CADRE SUP DE SPE,Personnel non médical,53,77
PS,PH,PH,E,A,2090,2120,2100,7,6,32193202,O,52,,,,,2024,Qtr 1,février,15,O,O,PERSONNEL DE SOINS,PERSONNEL HOSPITALIER,Personnel Hospitalier,PERSONNEL HOSPITALIER ENCADREMENT,CATEGORIE A,CS PARAM PUER,CADRE DE SANTE PARAM PUERICULTRICE,Surveillants et autres personnels d'encadrement infirmiers,Personnels d'encadrement (total),Personnels des services de soins,MANQUANT,CADRE PUER.,CADRE ET CADRE SUP DE SOINS,CADRE ET CADRE SUP DE SOINS,CADRE PUER.,CADRE DE SANTE PUERICULTRICE,CADRE ET CADRE SUP DE SPE,Personnel non médical,97,142
PS,PH,PH,E,A,2153,2120,2100,7,6,33010201,N,51,,,,,2024,Qtr 1,février,15,N,O,PERSONNEL DE SOINS,PERSONNEL HOSPITALIER,Personnel Hospitalier,PERSONNEL HOSPITALIER ENCADREMENT,CATEGORIE A,CADR SUP INFIRMIER,INFIRMIER CADRE SUPERIEUR DE SANTE,Surveillants et autres personnels d'encadrement infirmiers,Personnels d'encadrement (total),Personnels des services de soins,MANQUANT,CADRE SUP I.D.E.,CADRE ET CADRE SUP DE SOINS,CADRE ET CADRE SUP DE SOINS,CADRE SUP I.D.E.,CADRE SUP DE SANTE I.D.E.,CADRE ET CADRE SUP DE SOINS,Personnel non médical,0,26
PS,PH,PH,E,A,2154,2120,2100,7,6,32040201,N,52,,,,,2024,Qtr 1,février,15,N,O,PERSONNEL DE SOINS,PERSONNEL HOSPITALIER,Personnel Hospitalier,PERSONNEL HOSPITALIER ENCADREMENT,CATEGORIE A,CADR SUP BLOC OPER,INFIRMIER BLOC OPERATOIRE CADRE SUP. SANTE,Surveillants et autres personnels d'encadrement infirmiers,Personnels d'encadrement (total),Personnels des services de soins,MANQUANT,CADRE SUP IBODE,CADRE ET CADRE SUP DE SPE,CADRE ET CADRE SUP DE SPE,CADRE SUP IBODE,CADRE SUPERIEUR DE SANTE IBODE,CADRE ET CADRE SUP DE SPE,Personnel non médical,0,2
PS,PH,PH,E,A,2156,2120,2100,7,6,32192201,N,52,,,,,2024,Qtr 1,février,15,N,O,PERSONNEL DE SOINS,PERSONNEL HOSPITALIER,Personnel Hospitalier,PERSONNEL HOSPITALIER ENCADREMENT,CATEGORIE A,CADR SUP PUERICULT,INFIRMIER PUERICULTEUR CADRE SUPERIEUR SANTE,Surveillants et autres personnels d'encadrement infirmiers,Personnels d'encadrement (total),Personnels des services de soins,MANQUANT,CADRE SUP PUER.,CADRE ET CADRE SUP DE SOINS,CADRE ET CADRE SUP DE SOINS,CADRE SUP PUER.,CADRE SUP DE SANTE PUERICULTRICE,CADRE ET CADRE SUP DE SPE,Personnel non médical,0,3
PS,PH,PH,E,A,2173,2120,2100,7,6,33010201,N,51,,,,,2024,Qtr 1,février,15,N,O,PERSONNEL DE SOINS,PERSONNEL HOSPITALIER,Personnel Hospitalier,PERSONNEL HOSPITALIER ENCADREMENT,CATEGORIE A,INFIRM CSS PARAM,INFIRMIER CADRE DE SANTE SUP PARAMEDICAL,Surveillants et autres personnels d'encadrement infirmiers,Personnels d'encadrement (total),Personnels des services de soins,MANQUANT,CADRE SUP I.D.E.,CADRE ET CADRE SUP DE SOINS,CADRE ET CADRE SUP DE SOINS,CADRE SUP I.D.E.,CADRE SUP DE SANTE I.D.E.,CADRE ET CADRE SUP DE SOINS,Personnel non médical,0,382
PS,PH,PH,E,A,2174,2120,2100,7,6,32040201,N,52,,,,,2024,Qtr 1,février,15,N,O,PERSONNEL DE SOINS,PERSONNEL HOSPITALIER,Personnel Hospitalier,PERSONNEL HOSPITALIER ENCADREMENT,CATEGORIE A,IBODE CSS PARAM,INFIRMIER BLOC OPER CADRE DE SANTE SUP PARAM,Surveillants et autres personnels d'encadrement infirmiers,Personnels d'encadrement (total),Personnels des services de soins,MANQUANT,CADRE SUP IBODE,CADRE ET CADRE SUP DE SPE,CADRE ET CADRE SUP DE SPE,CADRE SUP IBODE,CADRE SUPERIEUR DE SANTE IBODE,CADRE ET CADRE SUP DE SPE,Personnel non médical,0,48
PS,PH,PH,E,A,2175,2120,2100,7,6,32170201,N,52,,,,,2024,Qtr 1,février,15,N,O,PERSONNEL DE SOINS,PERSONNEL HOSPITALIER,Personnel Hospitalier,PERSONNEL HOSPITALIER ENCADREMENT,CATEGORIE A,IADE CSS PARAM,INFIRMIER ANESTHESIST CADRE DE SANTE SUP PARA,Surveillants et autres personnels d'encadrement infirmiers,Personnels d'encadrement (total),Personnels des services de soins,MANQUANT,CADRE SUP IADE,CADRE ET CADRE SUP DE SPE,CADRE ET CADRE SUP DE SPE,CADRE SUP IADE,CADRE SUP DE SANTE IADE,CADRE ET CADRE SUP DE SPE,Personnel non médical,0,45
PS,PH,PH,E,A,2176,2120,2100,7,6,32192201,N,52,,,,,2024,Qtr 1,février,15,N,O,PERSONNEL DE SOINS,PERSONNEL HOSPITALIER,Personnel Hospitalier,PERSONNEL HOSPITALIER ENCADREMENT,CATEGORIE A,PUER CSS PARAM,PUERICULTRICE CADRE DE SANTE SUP PARAM,Surveillants et autres personnels d'encadrement infirmiers,Personnels d'encadrement (total),Personnels des services de soins,MANQUANT,CADRE SUP PUER.,CADRE ET CADRE SUP DE SOINS,CADRE ET CADRE SUP DE SOINS,CADRE SUP PUER.,CADRE SUP DE SANTE PUERICULTRICE,CADRE ET CADRE SUP DE SPE,Personnel non médical,0,30
PS,PH,PH,E,A,2187,2120,2100,7,6,33010201,N,51,,,,,2024,Qtr 1,février,15,O,O,PERSONNEL DE SOINS,PERSONNEL HOSPITALIER,Personnel Hospitalier,PERSONNEL HOSPITALIER ENCADREMENT,CATEGORIE A,CSS PARAM INFIRM,CADRE DE SANTE SUP PARAMEDICAL INFIRMIER,Surveillants et autres personnels d'encadrement infirmiers,Personnels d'encadrement (total),Personnels des services de soins,MANQUANT,CADRE SUP I.D.E.,CADRE ET CADRE SUP DE SOINS,CADRE ET CADRE SUP DE SOINS,CADRE SUP I.D.E.,CADRE SUP DE SANTE I.D.E.,CADRE ET CADRE SUP DE SOINS,Personnel non médical,203,439
PS,PH,PH,E,A,2188,2120,2100,7,6,32040201,N,52,,,,,2024,Qtr 1,février,15,O,O,PERSONNEL DE SOINS,PERSONNEL HOSPITALIER,Personnel Hospitalier,PERSONNEL HOSPITALIER ENCADREMENT,CATEGORIE A,CSS PARAM IBODE,CADRE DE SANTE SUP PARAM INFIRMIER BLOC OPER,Surveillants et autres personnels d'encadrement infirmiers,Personnels d'encadrement (total),Personnels des services de soins,MANQUANT,CADRE SUP IBODE,CADRE ET CADRE SUP DE SPE,CADRE ET CADRE SUP DE SPE,CADRE SUP IBODE,CADRE SUPERIEUR DE SANTE IBODE,CADRE ET CADRE SUP DE SPE,Personnel non médical,18,44
PS,PH,PH,E,A,2189,2120,2100,7,6,32170201,N,52,,,,,2024,Qtr 1,février,15,O,O,PERSONNEL DE SOINS,PERSONNEL HOSPITALIER,Personnel Hospitalier,PERSONNEL HOSPITALIER ENCADREMENT,CATEGORIE A,CSS PARAM IADE,CADRE DE SANTE SUP PARA INFIRMIER ANESTHESIS,Surveillants et autres personnels d'encadrement infirmiers,Personnels d'encadrement (total),Personnels des services de soins,MANQUANT,CADRE SUP IADE,CADRE ET CADRE SUP DE SPE,CADRE ET CADRE SUP DE SPE,CADRE SUP IADE,CADRE SUP DE SANTE IADE,CADRE ET CADRE SUP DE SPE,Personnel non médical,18,44
PS,PH,PH,E,A,2190,2120,2100,7,6,32192201,N,52,,,,,2024,Qtr 1,février,15,O,O,PERSONNEL DE SOINS,PERSONNEL HOSPITALIER,Personnel Hospitalier,PERSONNEL HOSPITALIER ENCADREMENT,CATEGORIE A,CSS PARAM PUER,CADRE DE SANTE SUP PARAM PUERICULTRICE,Surveillants et autres personnels d'encadrement infirmiers,Personnels d'encadrement (total),Personnels des services de soins,MANQUANT,CADRE SUP PUER.,CADRE ET CADRE SUP DE SOINS,CADRE ET CADRE SUP DE SOINS,CADRE SUP PUER.,CADRE SUP DE SANTE PUERICULTRICE,CADRE ET CADRE SUP DE SPE,Personnel non médical,17,35
PS,PH,PH,E,A,2393,2800,2800,21,12,33040201,O,53,,,,,2024,Qtr 1,février,15,O,O,PERSONNEL DE SOINS,PERSONNEL HOSPITALIER,Personnel Hospitalier,PERSONNEL HOSPITALIER ENCADREMENT,CATEGORIE A,COORD MAIEUTIQUE,COORDONNATEUR EN MAIEUTIQUE,Sages-femmes y compris encadrement et écoles,Sages-femmes,Personnels des services de soins,MANQUANT,SAGE-FEMMES,SAGE FEMME,SAGE FEMME,SAGE-FEMMES,SAGE-FEMMES,SAGE FEMME,Personnel non médical,9,20
PS,PH,PH,E,A,2399,2800,2800,21,12,33040201,O,53,,,,,2024,Qtr 1,février,15,O,O,PERSONNEL DE SOINS,PERSONNEL HOSPITALIER,Personnel Hospitalier,PERSONNEL HOSPITALIER ENCADREMENT,CATEGORIE A,SAGE FEMME 2nd grd,SAGE FEMME 2ème grade,Sages-femmes y compris encadrement et écoles,Sages-femmes,Personnels des services de soins,MANQUANT,SAGE-FEMMES,SAGE FEMME,SAGE FEMME,SAGE-FEMMES,SAGE-FEMMES,SAGE FEMME,Personnel non médical,294,385
PS,PH,PH,E,A,3087,2120,2100,7,6,33010201,N,51,,,,,2024,Qtr 1,février,15,O,O,PERSONNEL DE SOINS,PERSONNEL HOSPITALIER,Personnel Hospitalier,PERSONNEL HOSPITALIER ENCADREMENT,CATEGORIE A,CS HC PARAM INFIRM,CADRE DE SANTE HORS CLASSE PARAMED INFIRMIER,Surveillants et autres personnels d'encadrement infirmiers,Personnels d'encadrement (total),Personnels des services de soins,MANQUANT,CADRE SUP I.D.E.,CADRE ET CADRE SUP DE SOINS,CADRE ET CADRE SUP DE SOINS,CADRE SUP I.D.E.,CADRE SUP DE SANTE I.D.E.,CADRE ET CADRE SUP DE SOINS,Personnel non médical,102,134
PS,PH,PH,E,A,3088,2120,2100,7,6,32040201,N,52,,,,,2024,Qtr 1,février,15,O,O,PERSONNEL DE SOINS,PERSONNEL HOSPITALIER,Personnel Hospitalier,PERSONNEL HOSPITALIER ENCADREMENT,CATEGORIE A,CS HC PARAM IBODE,CADRE DE SANTE HORS CLASSE PARAMED IBODE,Surveillants et autres personnels d'encadrement infirmiers,Personnels d'encadrement (total),Personnels des services de soins,MANQUANT,CADRE SUP IBODE,CADRE ET CADRE SUP DE SPE,CADRE ET CADRE SUP DE SPE,CADRE SUP IBODE,CADRE SUPERIEUR DE SANTE IBODE,CADRE ET CADRE SUP DE SPE,Personnel non médical,13,16
PS,PH,PH,E,A,3089,2120,2100,7,6,32170201,N,52,,,,,2024,Qtr 1,février,15,O,O,PERSONNEL DE SOINS,PERSONNEL HOSPITALIER,Personnel Hospitalier,PERSONNEL HOSPITALIER ENCADREMENT,CATEGORIE A,CS HC PARAM IADE,CADRE DE SANTE HORS CLASSE PARAMED IADE,Surveillants et autres personnels d'encadrement infirmiers,Personnels d'encadrement (total),Personnels des services de soins,MANQUANT,CADRE SUP IADE,CADRE ET CADRE SUP DE SPE,CADRE ET CADRE SUP DE SPE,CADRE SUP IADE,CADRE SUP DE SANTE IADE,CADRE ET CADRE SUP DE SPE,Personnel non médical,15,18
PS,PH,PH,E,A,3090,2120,2100,7,6,32192201,N,52,,,,,2024,Qtr 1,février,15,O,O,PERSONNEL DE SOINS,PERSONNEL HOSPITALIER,Personnel Hospitalier,PERSONNEL HOSPITALIER ENCADREMENT,CATEGORIE A,CS HC PARAM PUER,CADRE DE SANTE HORS CLASSE PARAMED PUER,Surveillants et autres personnels d'encadrement infirmiers,Personnels d'encadrement (total),Personnels des services de soins,MANQUANT,CADRE SUP PUER.,CADRE ET CADRE SUP DE SOINS,CADRE ET CADRE SUP DE SOINS,CADRE SUP PUER.,CADRE SUP DE SANTE PUERICULTRICE,CADRE ET CADRE SUP DE SPE,Personnel non médical,9,12
PS,PH,PH,Q,A,2648,2210,2200,9,7,39004202,O,56,,,,,2024,Qtr 1,février,15,N,O,PERSONNEL DE SOINS,PERSONNEL HOSPITALIER,Personnel Hospitalier,PERSONNEL HOSPITALIER QUALIFIE,CATEGORIE A,F F INF CAT A,FAISANT FONCTION INFIRMIER CAT A,Infirmiers diplômés d'État ou autorisés (hors infirmiers de secteur psychiatrique),Infirmiers non spécialisés,Personnels des services de soins,MANQUANT,F F INFIRM CAT A,IDE,IDE,F F INFIRM CAT A,FAIS FONCT. INFIRM CAT A,INFIRMIER,Personnel non médical,0,8
PS,PH,PH,Q,B,2616,2620,2600,18,10,35010201,N,59,,,,,2024,Qtr 1,février,15,O,O,PERSONNEL DE SOINS,PERSONNEL HOSPITALIER,Personnel Hospitalier,PERSONNEL HOSPITALIER QUALIFIE,CATEGORIE B,ETU SF 3A N VALI,ETUDIANT SAGE FEMME 3EME ANNEE NON VALIDEE,Autres personnels de service des services de soins,ASHQ et autres personnels de services,Personnels des services de soins,MANQUANT,ELEVES INFIRM/SPEC,AUTRE PH,AUTRE PH,ELEVES INFIRM/SPEC,ELEVES INFIRM/SPECIA,AUTRE PH,Personnel non médical,3,6
PS,PH,PH,Q,B,2618,2620,2600,18,10,35010201,N,59,,,,,2024,Qtr 1,février,15,N,O,PERSONNEL DE SOINS,PERSONNEL HOSPITALIER,Personnel Hospitalier,PERSONNEL HOSPITALIER QUALIFIE,CATEGORIE B,ETUD SF 3A VALID,ETUDIANT SAGE FEMME 3EME ANNEE VALIDEE,Autres personnels de service des services de soins,ASHQ et autres personnels de services,Personnels des services de soins,MANQUANT,ELEVES INFIRM/SPEC,AUTRE PH,AUTRE PH,ELEVES INFIRM/SPEC,ELEVES INFIRM/SPECIA,AUTRE PH,Personnel non médical,0,3
PS,PH,PH,Q,B,2620,2620,2600,18,10,39011212,N,59,,,,,2024,Qtr 1,février,15,O,O,PERSONNEL DE SOINS,PERSONNEL HOSPITALIER,Personnel Hospitalier,PERSONNEL HOSPITALIER QUALIFIE,CATEGORIE B,ETUD ARM,ETUDIANT ASS REG MED,Autres personnels de service des services de soins,ASHQ et autres personnels de services,Personnels des services de soins,MANQUANT,ETUDIANT FOR SPEC,AUTRE PH,AUTRE PH,ETUDIANT FOR SPEC,ETUDIANT EN FORMATION SPECIALISE,AUTRE PH,Personnel non médical,18,142
PS,PH,PH,Q,B,2699,2620,2600,18,10,35010201,N,59,,,,,2024,Qtr 1,février,15,O,O,PERSONNEL DE SOINS,PERSONNEL HOSPITALIER,Personnel Hospitalier,PERSONNEL HOSPITALIER QUALIFIE,CATEGORIE B,ETUD MAIEUTIQUE,ETUDIANT EN MAIEUTIQUE,Autres personnels de service des services de soins,ASHQ et autres personnels de services,Personnels des services de soins,MANQUANT,ELEVES INFIRM/SPEC,AUTRE PH,AUTRE PH,ELEVES INFIRM/SPEC,ELEVES INFIRM/SPECIA,AUTRE PH,Personnel non médical,552,953
PS,PH,PH,Q,B,3811,2510,2500,14,9,34050201,N,57,,,,,2024,Qtr 1,février,15,O,O,PERSONNEL DE SOINS,PERSONNEL HOSPITALIER,Personnel Hospitalier,PERSONNEL HOSPITALIER QUALIFIE,CATEGORIE B,AS CLN,AIDE SOIGNANT CLASSE NORMALE,Aides soignants,Aides-soignants,Personnels des services de soins,MANQUANT,AIDE SOIGNANTS,AS,AS,AIDE SOIGNANTS,AIDE SOIGNANTS,AIDE SOIGNANT ET ASSIMILES,Personnel non médical,2,16350
PS,PH,PH,Q,B,3812,2510,2500,14,9,34050201,N,57,,,,,2024,Qtr 1,février,15,O,O,PERSONNEL DE SOINS,PERSONNEL HOSPITALIER,Personnel Hospitalier,PERSONNEL HOSPITALIER QUALIFIE,CATEGORIE B,AS CLS,AIDE SOIGNANT CLASSE SUPERIEURE,Aides soignants,Aides-soignants,Personnels des services de soins,MANQUANT,AIDE SOIGNANTS,AS,AS,AIDE SOIGNANTS,AIDE SOIGNANTS,AIDE SOIGNANT ET ASSIMILES,Personnel non médical,5089,6855
PS,PH,PH,Q,B,3814,2530,2500,16,9,34060201,N,57,,,,,2024,Qtr 1,février,15,N,O,PERSONNEL DE SOINS,PERSONNEL HOSPITALIER,Personnel Hospitalier,PERSONNEL HOSPITALIER QUALIFIE,CATEGORIE B,AUX PUER CLN,AUXILIAIRE DE PUERICULTURE CLASSE NORMALE,Auxiliaires de puériculture,Aides-soignants,Personnels des services de soins,MANQUANT,AUXIL. PUERICULT.,AP,AP,AUXIL. PUERICULT.,AUXILIAIRE PUERICULT,AIDE SOIGNANT ET ASSIMILES,Personnel non médical,0,2658
PS,PH,PH,Q,B,3815,2530,2500,16,9,34060201,N,57,,,,,2024,Qtr 1,février,15,O,O,PERSONNEL DE SOINS,PERSONNEL HOSPITALIER,Personnel Hospitalier,PERSONNEL HOSPITALIER QUALIFIE,CATEGORIE B,AUX PUER CLS,AUXILIAIRE DE PUERICULTURE CLASSE SUPERIEURE,Auxiliaires de puériculture,Aides-soignants,Personnels des services de soins,MANQUANT,AUXIL. PUERICULT.,AP,AP,AUXIL. PUERICULT.,AUXILIAIRE PUERICULT,AIDE SOIGNANT ET ASSIMILES,Personnel non médical,669,827
PS,PH,PH,Q,B,3818,2510,2500,14,9,34050201,N,57,,,,,2024,Qtr 1,février,15,O,O,PERSONNEL DE SOINS,PERSONNEL HOSPITALIER,Personnel Hospitalier,PERSONNEL HOSPITALIER QUALIFIE,CATEGORIE B,AS CL NORM,AIDE SOIGNANT DE CLASSE NORMALE,Aides soignants,Aides-soignants,Personnels des services de soins,MANQUANT,AIDE SOIGNANTS,AS,AS,AIDE SOIGNANTS,AIDE SOIGNANTS,AIDE SOIGNANT ET ASSIMILES,Personnel non médical,14570,20427
PS,PH,PH,Q,B,3819,2530,2500,16,9,34060201,N,57,,,,,2024,Qtr 1,février,15,O,O,PERSONNEL DE SOINS,PERSONNEL HOSPITALIER,Personnel Hospitalier,PERSONNEL HOSPITALIER QUALIFIE,CATEGORIE B,AUX PUER CL NORM,AUXILIAIRE PUERICULTURE DE CLASSE NORMALE,Auxiliaires de puériculture,Aides-soignants,Personnels des services de soins,MANQUANT,AUXIL. PUERICULT.,AP,AP,AUXIL. PUERICULT.,AUXILIAIRE PUERICULT,AIDE SOIGNANT ET ASSIMILES,Personnel non médical,2714,3509
PS,PH,PH,Q,C,2509,2620,2600,18,10,34070201,N,59,,,,,2024,Qtr 1,février,15,O,O,PERSONNEL DE SOINS,PERSONNEL HOSPITALIER,Personnel Hospitalier,PERSONNEL HOSPITALIER QUALIFIE,CATEGORIE C,ELEVE AIDE SOIGT,ELEVE AIDE SOIGNANT,Autres personnels de service des services de soins,ASHQ et autres personnels de services,Personnels des services de soins,MANQUANT,ELEVE AIDE SOIGN.,AUTRE PH,AUTRE PH,ELEVE AIDE SOIGN.,ELEVE AIDE SOIGNANT,AUTRE PH,Personnel non médical,59,178
PS,PH,PH,Q,C,2540,2610,2600,17,10,34080201,N,58,,,,,2025,Qtr 1,janvier,6,N,O,PERSONNEL DE SOINS,PERSONNEL HOSPITALIER,Personnel Hospitalier,PERSONNEL HOSPITALIER QUALIFIE,CATEGORIE C,AGT SER HOS QUA C2,AGENT DES SERVICES HOSPITALIERS QUALIFIE CAT2,Agents de service hospitalier,ASHQ et autres personnels de services,Personnels des services de soins,MANQUANT,AGENT HOSPITALIER,AGENT HOSPITALIER ET ASSIMILES,AGENT HOSPITALIER ET ASSIMILES,AGENT HOSPITALIER,AGENT HOSPITALIER,AGENT HOSPITALIER ET ASSIMILES,Personnel non médical,0,1
PS,PH,PH,Q,C,2542,2610,2600,17,10,34080201,N,58,,,,,2024,Qtr 1,février,15,O,O,PERSONNEL DE SOINS,PERSONNEL HOSPITALIER,Personnel Hospitalier,PERSONNEL HOSPITALIER QUALIFIE,CATEGORIE C,AGT SER HOS HORS C,AGENT DES SERVICES HOSPITALIERS HORS CATEG,Agents de service hospitalier,ASHQ et autres personnels de services,Personnels des services de soins,MANQUANT,AGENT HOSPITALIER,AGENT HOSPITALIER ET ASSIMILES,AGENT HOSPITALIER ET ASSIMILES,AGENT HOSPITALIER,AGENT HOSPITALIER,AGENT HOSPITALIER ET ASSIMILES,Personnel non médical,1,1
PS,PH,PH,Q,C,2553,2510,2500,14,9,34050201,N,57,,,,,2024,Qtr 1,février,15,O,O,PERSONNEL DE SOINS,PERSONNEL HOSPITALIER,Personnel Hospitalier,PERSONNEL HOSPITALIER QUALIFIE,CATEGORIE C,AIDE SOIGT CLN EC3,AIDE SOIGNANT CL.NORMALE ECHELLE 3,Aides soignants,Aides-soignants,Personnels des services de soins,MANQUANT,AIDE SOIGNANTS,AS,AS,AIDE SOIGNANTS,AIDE SOIGNANTS,AIDE SOIGNANT ET ASSIMILES,Personnel non médical,1,4
PS,PH,PH,Q,C,2565,2620,2600,18,10,34070202,N,59,,,,,2024,Qtr 1,février,15,O,O,PERSONNEL DE SOINS,PERSONNEL HOSPITALIER,Personnel Hospitalier,PERSONNEL HOSPITALIER QUALIFIE,CATEGORIE C,ELEVE AUX. PUER.,ELEVE AUXILIAIRE DE PUERICULTURE,Autres personnels de service des services de soins,ASHQ et autres personnels de services,Personnels des services de soins,MANQUANT,ELEVE AUX. PUER.,AUTRE PH,AUTRE PH,ELEVE AUX. PUER.,ELEVE AUXILIAIRE DE PUERICULTURE,AUTRE PH,Personnel non médical,30,100
PS,PH,PH,Q,C,2570,2510,2500,14,9,34050201,N,57,,,,,2025,Qtr 1,janvier,6,N,O,PERSONNEL DE SOINS,PERSONNEL HOSPITALIER,Personnel Hospitalier,PERSONNEL HOSPITALIER QUALIFIE,CATEGORIE C,AIDE SOIG CLS E4,AIDE SOIGNANT CLASSE SUPERIEURE ECHELLE4,Aides soignants,Aides-soignants,Personnels des services de soins,MANQUANT,AIDE SOIGNANTS,AS,AS,AIDE SOIGNANTS,AIDE SOIGNANTS,AIDE SOIGNANT ET ASSIMILES,Personnel non médical,0,1
PS,PH,PH,Q,C,2610,2510,2500,14,9,39013201,N,57,,,,,2024,Qtr 1,février,15,O,O,PERSONNEL DE SOINS,PERSONNEL HOSPITALIER,Personnel Hospitalier,PERSONNEL HOSPITALIER QUALIFIE,CATEGORIE C,A SOIG PAYE HEURE,AIDE SOIGNANT PAYE A L'HEURE,Aides soignants,Aides-soignants,Personnels des services de soins,MANQUANT,AIDE SOIGNANT HOR,AS HORAIRE,AS HORAIRE,AIDE SOIGNANT HOR,AIDE SOIGNANT HORAIR,AIDE SOIGNANT ET ASSIMILES,Personnel non médical,1,4
PS,PH,PH,Q,C,2613,2620,2600,18,10,35010201,N,59,,,,,2024,Qtr 1,février,15,O,O,PERSONNEL DE SOINS,PERSONNEL HOSPITALIER,Personnel Hospitalier,PERSONNEL HOSPITALIER QUALIFIE,CATEGORIE C,ELEVE ECOLE SPEC,ELEVE ECOLE SPECIALISATION,Autres personnels de service des services de soins,ASHQ et autres personnels de services,Personnels des services de soins,MANQUANT,ELEVES INFIRM/SPEC,AUTRE PH,AUTRE PH,ELEVES INFIRM/SPEC,ELEVES INFIRM/SPECIA,AUTRE PH,Personnel non médical,147,296
PS,PH,PH,Q,C,2614,2620,2600,18,10,35010201,N,59,,,,,2024,Qtr 1,février,15,O,O,PERSONNEL DE SOINS,PERSONNEL HOSPITALIER,Personnel Hospitalier,PERSONNEL HOSPITALIER QUALIFIE,CATEGORIE C,ETUDIANT IBODE,ETUDIANT IBODE,Autres personnels de service des services de soins,ASHQ et autres personnels de services,Personnels des services de soins,MANQUANT,ELEVES INFIRM/SPEC,AUTRE PH,AUTRE PH,ELEVES INFIRM/SPEC,ELEVES INFIRM/SPECIA,AUTRE PH,Personnel non médical,2,5
PS,PH,PH,Q,C,2615,2620,2600,18,10,35010201,N,59,,,,,2024,Qtr 1,février,15,O,O,PERSONNEL DE SOINS,PERSONNEL HOSPITALIER,Personnel Hospitalier,PERSONNEL HOSPITALIER QUALIFIE,CATEGORIE C,ETUDIANT IDE,ETUDIANT IDE,Autres personnels de service des services de soins,ASHQ et autres personnels de services,Personnels des services de soins,MANQUANT,ELEVES INFIRM/SPEC,AUTRE PH,AUTRE PH,ELEVES INFIRM/SPEC,ELEVES INFIRM/SPECIA,AUTRE PH,Personnel non médical,8943,22916
PS,PH,PH,Q,C,2783,2620,2600,18,10,39008201,N,59,,,,,2024,Qtr 1,février,26,N,O,PERSONNEL DE SOINS,PERSONNEL HOSPITALIER,Personnel Hospitalier,PERSONNEL HOSPITALIER QUALIFIE,CATEGORIE C,CONTRAT EMPLOI AVE,CONTRAT EMPLOI AVENIR,Autres personnels de service des services de soins,ASHQ et autres personnels de services,Personnels des services de soins,MANQUANT,CONT. EMPLOI SOLID,AUTRE PH,AUTRE PH,CONT. EMPLOI SOLID,CONT. EMPLOI SOLID.,AUTRE PH,Personnel non médical,0,4
PS,PH,PH,Q,C,2834,2610,2600,17,10,34080201,N,58,,,,,2024,Qtr 1,février,15,N,O,PERSONNEL DE SOINS,PERSONNEL HOSPITALIER,Personnel Hospitalier,PERSONNEL HOSPITALIER QUALIFIE,CATEGORIE C,AGT SER HOS QUA E3,AGENT DES SERVICES HOSPITALIERS QUALIFIE EC3,Agents de service hospitalier,ASHQ et autres personnels de services,Personnels des services de soins,MANQUANT,AGENT HOSPITALIER,AGENT HOSPITALIER ET ASSIMILES,AGENT HOSPITALIER ET ASSIMILES,AGENT HOSPITALIER,AGENT HOSPITALIER,AGENT HOSPITALIER ET ASSIMILES,Personnel non médical,0,2
PS,PH,PH,Q,C,2835,2610,2600,17,10,34080201,N,58,,,,,2024,Qtr 1,février,15,N,O,PERSONNEL DE SOINS,PERSONNEL HOSPITALIER,Personnel Hospitalier,PERSONNEL HOSPITALIER QUALIFIE,CATEGORIE C,ASHQ,AGENT DES SERVICES HOSPITALIERS QUALIFIE,Agents de service hospitalier,ASHQ et autres personnels de services,Personnels des services de soins,MANQUANT,AGENT HOSPITALIER,AGENT HOSPITALIER ET ASSIMILES,AGENT HOSPITALIER ET ASSIMILES,AGENT HOSPITALIER,AGENT HOSPITALIER,AGENT HOSPITALIER ET ASSIMILES,Personnel non médical,0,1
PS,PH,PH,Q,C,2836,2610,2600,17,10,34080201,N,58,,,,,2024,Qtr 1,février,15,N,O,PERSONNEL DE SOINS,PERSONNEL HOSPITALIER,Personnel Hospitalier,PERSONNEL HOSPITALIER QUALIFIE,CATEGORIE C,ASHQ CL NORMALE,AGENT DES SCES HOSP QUALIFIE CL NORMALE,Agents de service hospitalier,ASHQ et autres personnels de services,Personnels des services de soins,MANQUANT,AGENT HOSPITALIER,AGENT HOSPITALIER ET ASSIMILES,AGENT HOSPITALIER ET ASSIMILES,AGENT HOSPITALIER,AGENT HOSPITALIER,AGENT HOSPITALIER ET ASSIMILES,Personnel non médical,0,1
PS,PH,PH,Q,C,2871,2510,2500,14,9,34050201,N,57,,,,,2024,Qtr 1,février,15,N,O,PERSONNEL DE SOINS,PERSONNEL HOSPITALIER,Personnel Hospitalier,PERSONNEL HOSPITALIER QUALIFIE,CATEGORIE C,AIDE SOIGT CLN EC4,AIDE SOIGNANT CL.NORMALE ECHELLE 4,Aides soignants,Aides-soignants,Personnels des services de soins,MANQUANT,AIDE SOIGNANTS,AS,AS,AIDE SOIGNANTS,AIDE SOIGNANTS,AIDE SOIGNANT ET ASSIMILES,Personnel non médical,0,2
PS,PH,PH,Q,C,2872,2510,2500,14,9,34050201,N,57,,,,,2024,Qtr 1,février,26,N,O,PERSONNEL DE SOINS,PERSONNEL HOSPITALIER,Personnel Hospitalier,PERSONNEL HOSPITALIER QUALIFIE,CATEGORIE C,AIDE SOIG CLS ECH5,AIDE SOIGNANT CLASSE SUPERIEURE ECHELLE5,Aides soignants,Aides-soignants,Personnels des services de soins,MANQUANT,AIDE SOIGNANTS,AS,AS,AIDE SOIGNANTS,AIDE SOIGNANTS,AIDE SOIGNANT ET ASSIMILES,Personnel non médical,0,1
PS,PH,PH,Q,C,2880,2510,2500,14,9,39013201,N,57,,,,,2024,Qtr 1,février,15,O,O,PERSONNEL DE SOINS,PERSONNEL HOSPITALIER,Personnel Hospitalier,PERSONNEL HOSPITALIER QUALIFIE,CATEGORIE C,A SOIG PAYE HEURE,AIDE SOIGNANT PAYE A L'HEURE,Aides soignants,Aides-soignants,Personnels des services de soins,MANQUANT,AIDE SOIGNANT HOR,AS HORAIRE,AS HORAIRE,AIDE SOIGNANT HOR,AIDE SOIGNANT HORAIR,AIDE SOIGNANT ET ASSIMILES,Personnel non médical,25,888
PS,PH,PH,Q,C,3801,2610,2600,17,10,34080201,N,58,,,,,2024,Qtr 1,février,15,O,O,PERSONNEL DE SOINS,PERSONNEL HOSPITALIER,Personnel Hospitalier,PERSONNEL HOSPITALIER QUALIFIE,CATEGORIE C,ASHQ CL NLE C1,AGENT DES SCES HOSP QUALIFIES CL NORMALE C1,Agents de service hospitalier,ASHQ et autres personnels de services,Personnels des services de soins,MANQUANT,AGENT HOSPITALIER,AGENT HOSPITALIER ET ASSIMILES,AGENT HOSPITALIER ET ASSIMILES,AGENT HOSPITALIER,AGENT HOSPITALIER,AGENT HOSPITALIER ET ASSIMILES,Personnel non médical,4,8323
PS,PH,PH,Q,C,3802,2610,2600,17,10,34080201,N,58,,,,,2024,Qtr 1,février,15,N,O,PERSONNEL DE SOINS,PERSONNEL HOSPITALIER,Personnel Hospitalier,PERSONNEL HOSPITALIER QUALIFIE,CATEGORIE C,ASHQ CL SUP C2,AGENT DES SCES HOSP QUALIFIE CL SUPERIEURE C2,Agents de service hospitalier,ASHQ et autres personnels de services,Personnels des services de soins,MANQUANT,AGENT HOSPITALIER,AGENT HOSPITALIER ET ASSIMILES,AGENT HOSPITALIER ET ASSIMILES,AGENT HOSPITALIER,AGENT HOSPITALIER,AGENT HOSPITALIER ET ASSIMILES,Personnel non médical,0,1575
PS,PH,PH,Q,C,3803,2610,2600,17,10,34080201,N,58,,,,,2024,Qtr 1,février,15,O,O,PERSONNEL DE SOINS,PERSONNEL HOSPITALIER,Personnel Hospitalier,PERSONNEL HOSPITALIER QUALIFIE,CATEGORIE C,ASHQ CL NLE EC1,AGENT DES SCES HOSP QUALIFIES CL NORMALE EC1,Agents de service hospitalier,ASHQ et autres personnels de services,Personnels des services de soins,MANQUANT,AGENT HOSPITALIER,AGENT HOSPITALIER ET ASSIMILES,AGENT HOSPITALIER ET ASSIMILES,AGENT HOSPITALIER,AGENT HOSPITALIER,AGENT HOSPITALIER ET ASSIMILES,Personnel non médical,2982,7022
PS,PH,PH,Q,C,3804,2610,2600,17,10,34080201,N,58,,,,,2024,Qtr 1,février,15,O,O,PERSONNEL DE SOINS,PERSONNEL HOSPITALIER,Personnel Hospitalier,PERSONNEL HOSPITALIER QUALIFIE,CATEGORIE C,ASHQ CL SUP EC2,AGENT DES SCES HOS QUALIFIE CL SUPERIEURE EC2,Agents de service hospitalier,ASHQ et autres personnels de services,Personnels des services de soins,MANQUANT,AGENT HOSPITALIER,AGENT HOSPITALIER ET ASSIMILES,AGENT HOSPITALIER ET ASSIMILES,AGENT HOSPITALIER,AGENT HOSPITALIER,AGENT HOSPITALIER ET ASSIMILES,Personnel non médical,1555,1952
PS,PH,PH,Q,C,3805,2510,2500,14,9,34050201,N,57,,,,,2024,Qtr 1,février,15,O,O,PERSONNEL DE SOINS,PERSONNEL HOSPITALIER,Personnel Hospitalier,PERSONNEL HOSPITALIER QUALIFIE,CATEGORIE C,AIDE SOIGNANT C2,AIDE SOIGNANT C2,Aides soignants,Aides-soignants,Personnels des services de soins,MANQUANT,AIDE SOIGNANTS,AS,AS,AIDE SOIGNANTS,AIDE SOIGNANTS,AIDE SOIGNANT ET ASSIMILES,Personnel non médical,5,21719
PS,PH,PH,Q,C,3806,2510,2500,14,9,34050201,N,57,,,,,2024,Qtr 1,février,15,N,O,PERSONNEL DE SOINS,PERSONNEL HOSPITALIER,Personnel Hospitalier,PERSONNEL HOSPITALIER QUALIFIE,CATEGORIE C,A. SOIGNANT PP C3,AIDE SOIGNANT PRINCIPAL C3,Aides soignants,Aides-soignants,Personnels des services de soins,MANQUANT,AIDE SOIGNANTS,AS,AS,AIDE SOIGNANTS,AIDE SOIGNANTS,AIDE SOIGNANT ET ASSIMILES,Personnel non médical,0,6118
PS,PH,PH,Q,C,3807,2530,2500,16,9,34060201,N,57,,,,,2024,Qtr 1,février,15,O,O,PERSONNEL DE SOINS,PERSONNEL HOSPITALIER,Personnel Hospitalier,PERSONNEL HOSPITALIER QUALIFIE,CATEGORIE C,AUXIL PUER C2,AUXILIAIRE DE PUERICULTURE C2,Auxiliaires de puériculture,Aides-soignants,Personnels des services de soins,MANQUANT,AUXIL. PUERICULT.,AP,AP,AUXIL. PUERICULT.,AUXILIAIRE PUERICULT,AIDE SOIGNANT ET ASSIMILES,Personnel non médical,2,3285
PS,PH,PH,Q,C,3808,2530,2500,16,9,34060201,N,57,,,,,2024,Qtr 1,février,15,N,O,PERSONNEL DE SOINS,PERSONNEL HOSPITALIER,Personnel Hospitalier,PERSONNEL HOSPITALIER QUALIFIE,CATEGORIE C,AUXIL PUER PP C3,AUXILIAIRE DE PUERICULTURE PRINCIPAL C3,Auxiliaires de puériculture,Aides-soignants,Personnels des services de soins,MANQUANT,AUXIL. PUERICULT.,AP,AP,AUXIL. PUERICULT.,AUXILIAIRE PUERICULT,AIDE SOIGNANT ET ASSIMILES,Personnel non médical,0,684
PS,PH,PH,Q,C,3809,2520,2500,15,9,34000201,N,57,,,,,2024,Qtr 1,février,15,N,O,PERSONNEL DE SOINS,PERSONNEL HOSPITALIER,Personnel Hospitalier,PERSONNEL HOSPITALIER QUALIFIE,CATEGORIE C,AIDE MED PSY C2,AIDE MEDICO PSYCHOLOGIQUE C2,Aides médico-psychologiques,Aides-soignants,Personnels des services de soins,MANQUANT,AIDE MEDICO PSY,AMP,AMP,AIDE MEDICO PSY,AIDE MEDICO PSYCHOLOGIQUE,AIDE SOIGNANT ET ASSIMILES,Personnel non médical,0,72
PS,PH,PH,Q,C,3810,2520,2500,15,9,34000201,N,57,,,,,2024,Qtr 1,février,15,N,O,PERSONNEL DE SOINS,PERSONNEL HOSPITALIER,Personnel Hospitalier,PERSONNEL HOSPITALIER QUALIFIE,CATEGORIE C,AIDE MED SPY PP C3,AIDE MEDICO PSYCHOLOGIQUE PRINCIPAL C3,Aides médico-psychologiques,Aides-soignants,Personnels des services de soins,MANQUANT,AIDE MEDICO PSY,AMP,AMP,AIDE MEDICO PSY,AIDE MEDICO PSYCHOLOGIQUE,AIDE SOIGNANT ET ASSIMILES,Personnel non médical,0,12
PS,PH,PH,Q,C,3816,2520,2500,15,9,34000201,N,57,,,,,2024,Qtr 1,février,15,O,O,PERSONNEL DE SOINS,PERSONNEL HOSPITALIER,Personnel Hospitalier,PERSONNEL HOSPITALIER QUALIFIE,CATEGORIE C,ACC EDUC SOC C2,ACCOMPAGNANT EDUCATIF ET SOCIAL C2,Aides médico-psychologiques,Aides-soignants,Personnels des services de soins,MANQUANT,AIDE MEDICO PSY,AMP,AMP,AIDE MEDICO PSY,AIDE MEDICO PSYCHOLOGIQUE,AIDE SOIGNANT ET ASSIMILES,Personnel non médical,33,56
PS,PH,PH,Q,C,3817,2520,2500,15,9,34000201,N,57,,,,,2024,Qtr 1,février,15,O,O,PERSONNEL DE SOINS,PERSONNEL HOSPITALIER,Personnel Hospitalier,PERSONNEL HOSPITALIER QUALIFIE,CATEGORIE C,ACC EDUC SOC PP C3,ACCOMPAGNANT EDUCATIF ET SOCIAL PRINCIPAL C3,Aides médico-psychologiques,Aides-soignants,Personnels des services de soins,MANQUANT,AIDE MEDICO PSY,AMP,AMP,AIDE MEDICO PSY,AIDE MEDICO PSYCHOLOGIQUE,AIDE SOIGNANT ET ASSIMILES,Personnel non médical,15,20
PS,PH,PH,Q,D,2538,2610,2600,17,10,34080201,N,58,,,,,2024,Qtr 1,février,15,N,O,PERSONNEL DE SOINS,PERSONNEL HOSPITALIER,Personnel Hospitalier,PERSONNEL HOSPITALIER QUALIFIE,CATEGORIE D,AGT SERV HOSP ECH1,AGENT DES SERVICES HOSPITALIERS ECHELLE 1,Agents de service hospitalier,ASHQ et autres personnels de services,Personnels des services de soins,MANQUANT,AGENT HOSPITALIER,AGENT HOSPITALIER ET ASSIMILES,AGENT HOSPITALIER ET ASSIMILES,AGENT HOSPITALIER,AGENT HOSPITALIER,AGENT HOSPITALIER ET ASSIMILES,Personnel non médical,0,2
PS,PH,PH,Q,Z,1940,2510,2500,14,9,62300701,N,71,,,,,2024,Qtr 1,février,15,O,O,PERSONNEL DE SOINS,PERSONNEL HOSPITALIER,Personnel Hospitalier,PERSONNEL HOSPITALIER QUALIFIE,MANQUANT,CM COVISAN,CHARGE DE MISSION COVISAN,Aides soignants,Aides-soignants,Personnels des services de soins,MANQUANT,CH.MISS. A7 NON AD,CHARGE DE MISSION PTO,CHARGE DE MISSION PTO,CH.MISS. A7 NON AD,CHARGE DE MISSION A7 NON ADMINISTRATIF,CHARGE DE MISSION PTO,Personnel non médical,2,2566
PSE,PSE,PSE,Z,A,2395,3121,3100,31,15,22230301,N,68,,,,,2025,Qtr 1,janvier,6,N,O,PERSONNEL SOCIAL EDUCATIF,PERSONNEL SOCIAL EDUCATIF,Personnel Socio-Educatif,MANQUANT,CATEGORIE A,CADRE SOCIO EDUCAT,CADRES SOCIO EDUCATIFS,Cadres socio-éducatifs,Personnels éducatifs et sociaux ( sauf assist SS ),Personnels éducatifs et sociaux,MANQUANT,CADRE SOCIO EDUCAT,CADRES PSE,CADRES PSE,CADRE SOCIO EDUCAT,CADRE SOCIO EDUCATIF,CADRES PSE,Personnel non médical,0,36
PSE,PSE,PSE,Z,A,2397,3121,3100,31,15,22220301,N,68,,,,,2025,Qtr 1,janvier,6,N,O,PERSONNEL SOCIAL EDUCATIF,PERSONNEL SOCIAL EDUCATIF,Personnel Socio-Educatif,MANQUANT,CATEGORIE A,CAD SUP SOCIO-EDUC,CADRE SUPERIEUR SOCIO-EDUCATIF,Cadres socio-éducatifs,Personnels éducatifs et sociaux ( sauf assist SS ),Personnels éducatifs et sociaux,MANQUANT,CADRE SUP SOC EDUC,CADRES PSE,CADRES PSE,CADRE SUP SOC EDUC,CADRE SUPERIEUR SOCIO EDUCATIF,CADRES PSE,Personnel non médical,0,10
PSE,PSE,PSE,Z,A,4015,3130,3100,34,15,22240501,N,69,,,,,2024,Qtr 1,février,26,N,O,PERSONNEL SOCIAL EDUCATIF,PERSONNEL SOCIAL EDUCATIF,Personnel Socio-Educatif,MANQUANT,CATEGORIE A,CESF GR1 CN,CONSEILLER ECO SOCIALE FAMILIALE 1ER GRD CLN,Autres personnels éducatifs et sociaux,Personnels éducatifs et sociaux ( sauf assist SS ),Personnels éducatifs et sociaux,MANQUANT,CONS EC SOC ET FAM,PSE,PSE,CONS EC SOC ET FAM,CONSEILLER EN ECONOMIE SOCIALE ET FAMILIALE,PSE,Personnel non médical,0,14
PSE,PSE,PSE,Z,A,4016,3130,3100,34,15,22240501,N,69,,,,,2024,Qtr 1,février,26,N,O,PERSONNEL SOCIAL EDUCATIF,PERSONNEL SOCIAL EDUCATIF,Personnel Socio-Educatif,MANQUANT,CATEGORIE A,CESF GR1 CS,CONSEILLER ECO SOCIALE FAMILIALE 1ER GRD CLS,Autres personnels éducatifs et sociaux,Personnels éducatifs et sociaux ( sauf assist SS ),Personnels éducatifs et sociaux,MANQUANT,CONS EC SOC ET FAM,PSE,PSE,CONS EC SOC ET FAM,CONSEILLER EN ECONOMIE SOCIALE ET FAMILIALE,PSE,Personnel non médical,0,3
PSE,PSE,PSE,Z,A,4017,3130,3100,34,15,22240501,N,69,,,,,2024,Qtr 1,février,15,O,O,PERSONNEL SOCIAL EDUCATIF,PERSONNEL SOCIAL EDUCATIF,Personnel Socio-Educatif,MANQUANT,CATEGORIE A,CESF GR2,CONSEILLER ECO SOCIALE FAMILIALE 2ND GRD,Autres personnels éducatifs et sociaux,Personnels éducatifs et sociaux ( sauf assist SS ),Personnels éducatifs et sociaux,MANQUANT,CONS EC SOC ET FAM,PSE,PSE,CONS EC SOC ET FAM,CONSEILLER EN ECONOMIE SOCIALE ET FAMILIALE,PSE,Personnel non médical,5,6
PSE,PSE,PSE,Z,A,4018,3130,3100,34,15,22240401,N,69,,,,,2024,Qtr 1,février,26,N,O,PERSONNEL SOCIAL EDUCATIF,PERSONNEL SOCIAL EDUCATIF,Personnel Socio-Educatif,MANQUANT,CATEGORIE A,EDUC TEC SP GR1 CN,EDUCATEUR TECH SPECIALISE 1ER GRD CL NORMALE,Autres personnels éducatifs et sociaux,Personnels éducatifs et sociaux ( sauf assist SS ),Personnels éducatifs et sociaux,MANQUANT,ANIMATEUR,PSE,PSE,ANIMATEUR,ANIMATEUR,PSE,Personnel non médical,0,26
PSE,PSE,PSE,Z,A,4019,3130,3100,34,15,22240401,N,69,,,,,2024,Qtr 1,février,26,N,O,PERSONNEL SOCIAL EDUCATIF,PERSONNEL SOCIAL EDUCATIF,Personnel Socio-Educatif,MANQUANT,CATEGORIE A,EDUC TEC SP GR1 CS,EDUCATEUR TECH SPECIALISE 1ER GRD CL SUP,Autres personnels éducatifs et sociaux,Personnels éducatifs et sociaux ( sauf assist SS ),Personnels éducatifs et sociaux,MANQUANT,ANIMATEUR,PSE,PSE,ANIMATEUR,ANIMATEUR,PSE,Personnel non médical,0,1
PSE,PSE,PSE,Z,A,4021,3130,3100,34,15,22240401,N,69,,,,,2024,Qtr 1,février,15,O,O,PERSONNEL SOCIAL EDUCATIF,PERSONNEL SOCIAL EDUCATIF,Personnel Socio-Educatif,MANQUANT,CATEGORIE A,EDUC TEC SP GR2,EDUCATEUR TECH SPECIALISE 2ND GRD,Autres personnels éducatifs et sociaux,Personnels éducatifs et sociaux ( sauf assist SS ),Personnels éducatifs et sociaux,MANQUANT,ANIMATEUR,PSE,PSE,ANIMATEUR,ANIMATEUR,PSE,Personnel non médical,2,3
PSE,PSE,PSE,Z,A,4022,3130,3100,34,15,22240201,N,69,,,,,2024,Qtr 1,février,26,N,O,PERSONNEL SOCIAL EDUCATIF,PERSONNEL SOCIAL EDUCATIF,Personnel Socio-Educatif,MANQUANT,CATEGORIE A,EJE GR1 CN,EDUCATEUR JEUNES ENFANTS 1ER GRD CLN,Autres personnels éducatifs et sociaux,Personnels éducatifs et sociaux ( sauf assist SS ),Personnels éducatifs et sociaux,MANQUANT,EDUC. JEUNES ENF.,PSE,PSE,EDUC. JEUNES ENF.,EDUCATEUR JEUNES ENFANTS,PSE,Personnel non médical,0,136
PSE,PSE,PSE,Z,A,4023,3130,3100,34,15,22240201,N,69,,,,,2024,Qtr 1,février,26,N,O,PERSONNEL SOCIAL EDUCATIF,PERSONNEL SOCIAL EDUCATIF,Personnel Socio-Educatif,MANQUANT,CATEGORIE A,EJE GR1 CS,EDUCATEUR JEUNES ENFANTS 1ER GRD CLS,Autres personnels éducatifs et sociaux,Personnels éducatifs et sociaux ( sauf assist SS ),Personnels éducatifs et sociaux,MANQUANT,EDUC. JEUNES ENF.,PSE,PSE,EDUC. JEUNES ENF.,EDUCATEUR JEUNES ENFANTS,PSE,Personnel non médical,0,58
PSE,PSE,PSE,Z,A,4024,3130,3100,34,15,22240201,N,69,,,,,2024,Qtr 1,février,15,O,O,PERSONNEL SOCIAL EDUCATIF,PERSONNEL SOCIAL EDUCATIF,Personnel Socio-Educatif,MANQUANT,CATEGORIE A,EJE GR2,EDUCATEUR JEUNES ENFANTS 2ND GRD,Autres personnels éducatifs et sociaux,Personnels éducatifs et sociaux ( sauf assist SS ),Personnels éducatifs et sociaux,MANQUANT,EDUC. JEUNES ENF.,PSE,PSE,EDUC. JEUNES ENF.,EDUCATEUR JEUNES ENFANTS,PSE,Personnel non médical,113,189
PSE,PSE,PSE,Z,A,4025,3120,3120,33,16,22240301,O,69,,,,,2024,Qtr 1,février,15,N,O,PERSONNEL SOCIAL EDUCATIF,PERSONNEL SOCIAL EDUCATIF,Personnel Socio-Educatif,MANQUANT,CATEGORIE A,ASS SOC ED GR1 CN,ASSISTANT SOCIO-EDUCATIF 1ER GRD CLN,Assistants de service social,Assistants de service social,Personnels éducatifs et sociaux,MANQUANT,ASSIST.SOCIO EDUC,ASE,ASE,ASSIST.SOCIO EDUC,ASSISTANT SOCIO EDUCATIF,PSE,Personnel non médical,0,496
PSE,PSE,PSE,Z,A,4026,3120,3120,33,16,22240301,O,69,,,,,2024,Qtr 1,février,26,N,O,PERSONNEL SOCIAL EDUCATIF,PERSONNEL SOCIAL EDUCATIF,Personnel Socio-Educatif,MANQUANT,CATEGORIE A,ASS SOC ED GR1 CS,ASSISTANT SOCIO-EDUCATIF 1ER GRD CLS,Assistants de service social,Assistants de service social,Personnels éducatifs et sociaux,MANQUANT,ASSIST.SOCIO EDUC,ASE,ASE,ASSIST.SOCIO EDUC,ASSISTANT SOCIO EDUCATIF,PSE,Personnel non médical,0,237
PSE,PSE,PSE,Z,A,4027,3120,3120,33,16,22240301,O,69,,,,,2024,Qtr 1,février,15,O,O,PERSONNEL SOCIAL EDUCATIF,PERSONNEL SOCIAL EDUCATIF,Personnel Socio-Educatif,MANQUANT,CATEGORIE A,ASS SOC ED GR2,ASSISTANT SOCIO-EDUCATIF 2ND GRD,Assistants de service social,Assistants de service social,Personnels éducatifs et sociaux,MANQUANT,ASSIST.SOCIO EDUC,ASE,ASE,ASSIST.SOCIO EDUC,ASSISTANT SOCIO EDUCATIF,PSE,Personnel non médical,350,594
PSE,PSE,PSE,Z,A,4028,3120,3120,33,16,22240301,O,69,,,,,2024,Qtr 1,février,15,O,O,PERSONNEL SOCIAL EDUCATIF,PERSONNEL SOCIAL EDUCATIF,Personnel Socio-Educatif,MANQUANT,CATEGORIE A,ASS SOC ED GR1,ASSISTANT SOCIO-EDUCATIF 1ER GRD,Assistants de service social,Assistants de service social,Personnels éducatifs et sociaux,MANQUANT,ASSIST.SOCIO EDUC,ASE,ASE,ASSIST.SOCIO EDUC,ASSISTANT SOCIO EDUCATIF,PSE,Personnel non médical,653,1004
PSE,PSE,PSE,Z,A,4029,3130,3100,34,15,22240201,N,69,,,,,2024,Qtr 1,février,15,O,O,PERSONNEL SOCIAL EDUCATIF,PERSONNEL SOCIAL EDUCATIF,Personnel Socio-Educatif,MANQUANT,CATEGORIE A,EJE GR1,EDUCATEUR JEUNES ENFANTS 1ER GRD,Autres personnels éducatifs et sociaux,Personnels éducatifs et sociaux ( sauf assist SS ),Personnels éducatifs et sociaux,MANQUANT,EDUC. JEUNES ENF.,PSE,PSE,EDUC. JEUNES ENF.,EDUCATEUR JEUNES ENFANTS,PSE,Personnel non médical,121,200
PSE,PSE,PSE,Z,A,4031,3121,3100,31,15,22230301,N,68,,,,,2024,Qtr 1,février,15,O,O,PERSONNEL SOCIAL EDUCATIF,PERSONNEL SOCIAL EDUCATIF,Personnel Socio-Educatif,MANQUANT,CATEGORIE A,CADRE SOC-ED,CADRE SOCIO-EDUCATIF,Cadres socio-éducatifs,Personnels éducatifs et sociaux ( sauf assist SS ),Personnels éducatifs et sociaux,MANQUANT,CADRE SOCIO EDUCAT,CADRES PSE,CADRES PSE,CADRE SOCIO EDUCAT,CADRE SOCIO EDUCATIF,CADRES PSE,Personnel non médical,29,62
PSE,PSE,PSE,Z,A,4032,3121,3100,31,15,22220301,N,68,,,,,2024,Qtr 1,février,15,O,O,PERSONNEL SOCIAL EDUCATIF,PERSONNEL SOCIAL EDUCATIF,Personnel Socio-Educatif,MANQUANT,CATEGORIE A,CADRE SUP SOC-ED,CADRE SUPERIEUR SOCIO-EDUCATIF,Cadres socio-éducatifs,Personnels éducatifs et sociaux ( sauf assist SS ),Personnels éducatifs et sociaux,MANQUANT,CADRE SUP SOC EDUC,CADRES PSE,CADRES PSE,CADRE SUP SOC EDUC,CADRE SUPERIEUR SOCIO EDUCATIF,CADRES PSE,Personnel non médical,3,18
PSE,PSE,PSE,Z,A,4033,3121,3100,31,15,22230301,N,68,,,,,2024,Qtr 1,février,15,O,O,PERSONNEL SOCIAL EDUCATIF,PERSONNEL SOCIAL EDUCATIF,Personnel Socio-Educatif,MANQUANT,CATEGORIE A,CADRE SOC-ED CL EX,CADRE SOCIO-EDUCATIF CLASSE EXCEPTIONNELLE,Cadres socio-éducatifs,Personnels éducatifs et sociaux ( sauf assist SS ),Personnels éducatifs et sociaux,MANQUANT,CADRE SOCIO EDUCAT,CADRES PSE,CADRES PSE,CADRE SOCIO EDUCAT,CADRE SOCIO EDUCATIF,CADRES PSE,Personnel non médical,2,5
PSE,PSE,PSE,Z,A,4036,3130,3100,34,15,22240401,N,69,,,,,2024,Qtr 1,février,15,O,O,PERSONNEL SOCIAL EDUCATIF,PERSONNEL SOCIAL EDUCATIF,Personnel Socio-Educatif,MANQUANT,CATEGORIE A,EDUC TEC SP GR1,EDUCATEUR TECH SPECIALISE 1ER GRD,Autres personnels éducatifs et sociaux,Personnels éducatifs et sociaux ( sauf assist SS ),Personnels éducatifs et sociaux,MANQUANT,ANIMATEUR,PSE,PSE,ANIMATEUR,ANIMATEUR,PSE,Personnel non médical,10,32
PSE,PSE,PSE,Z,A,4037,3130,3100,34,15,22240501,N,69,,,,,2024,Qtr 1,février,15,O,O,PERSONNEL SOCIAL EDUCATIF,PERSONNEL SOCIAL EDUCATIF,Personnel Socio-Educatif,MANQUANT,CATEGORIE A,CESF GR1,CONSEILLER ECO SOCIALE FAMILIALE 1ER GRD,Autres personnels éducatifs et sociaux,Personnels éducatifs et sociaux ( sauf assist SS ),Personnels éducatifs et sociaux,MANQUANT,CONS EC SOC ET FAM,PSE,PSE,CONS EC SOC ET FAM,CONSEILLER EN ECONOMIE SOCIALE ET FAMILIALE,PSE,Personnel non médical,22,33
PSE,PSE,PSE,Z,B,2688,3130,3100,34,15,22240602,N,69,,,,,2024,Qtr 1,février,15,O,O,PERSONNEL SOCIAL EDUCATIF,PERSONNEL SOCIAL EDUCATIF,Personnel Socio-Educatif,MANQUANT,CATEGORIE B,ELEVE ASS SOCIALE,ELEVE ASSISTANTE SOCIALE,Autres personnels éducatifs et sociaux,Personnels éducatifs et sociaux ( sauf assist SS ),Personnels éducatifs et sociaux,MANQUANT,ELEVE ASS.SOC.,PSE,PSE,ELEVE ASS.SOC.,ELEVE ASSISTANTE SOCIALE,PSE,Personnel non médical,7,40
PSE,PSE,PSE,Z,B,2720,3130,3100,34,15,22240501,N,69,,,,,2024,Qtr 1,février,15,N,O,PERSONNEL SOCIAL EDUCATIF,PERSONNEL SOCIAL EDUCATIF,Personnel Socio-Educatif,MANQUANT,CATEGORIE B,CONSEIL CONJUG HOR,CONSEILLERE CONJUGALE HORAIRE,Autres personnels éducatifs et sociaux,Personnels éducatifs et sociaux ( sauf assist SS ),Personnels éducatifs et sociaux,MANQUANT,CONS EC SOC ET FAM,PSE,PSE,CONS EC SOC ET FAM,CONSEILLER EN ECONOMIE SOCIALE ET FAMILIALE,PSE,Personnel non médical,0,2
PSE,PSE,PSE,Z,B,4000,3130,3100,34,15,22240201,N,69,,,,,2025,Qtr 1,janvier,6,N,O,PERSONNEL SOCIAL EDUCATIF,PERSONNEL SOCIAL EDUCATIF,Personnel Socio-Educatif,MANQUANT,CATEGORIE B,EJE CL NORMALE,EDUCATEUR JEUNES ENFANTS CL NORMALE,Autres personnels éducatifs et sociaux,Personnels éducatifs et sociaux ( sauf assist SS ),Personnels éducatifs et sociaux,MANQUANT,EDUC. JEUNES ENF.,PSE,PSE,EDUC. JEUNES ENF.,EDUCATEUR JEUNES ENFANTS,PSE,Personnel non médical,0,99
PSE,PSE,PSE,Z,B,4001,3130,3100,34,15,22240201,N,69,,,,,2025,Qtr 1,janvier,6,N,O,PERSONNEL SOCIAL EDUCATIF,PERSONNEL SOCIAL EDUCATIF,Personnel Socio-Educatif,MANQUANT,CATEGORIE B,EJE CL SUP,EDUCATEUR DE JEUNES ENFANTS CL SUP,Autres personnels éducatifs et sociaux,Personnels éducatifs et sociaux ( sauf assist SS ),Personnels éducatifs et sociaux,MANQUANT,EDUC. JEUNES ENF.,PSE,PSE,EDUC. JEUNES ENF.,EDUCATEUR JEUNES ENFANTS,PSE,Personnel non médical,0,160
PSE,PSE,PSE,Z,B,4002,3130,3100,34,15,22240401,N,69,,,,,2025,Qtr 1,janvier,6,N,O,PERSONNEL SOCIAL EDUCATIF,PERSONNEL SOCIAL EDUCATIF,Personnel Socio-Educatif,MANQUANT,CATEGORIE B,EDUC TECH SPE CL N,EDUCATEUR TECH SPECIALISE CL NORMALE,Autres personnels éducatifs et sociaux,Personnels éducatifs et sociaux ( sauf assist SS ),Personnels éducatifs et sociaux,MANQUANT,ANIMATEUR,PSE,PSE,ANIMATEUR,ANIMATEUR,PSE,Personnel non médical,0,23
PSE,PSE,PSE,Z,B,4003,3130,3100,34,15,22240401,N,69,,,,,2025,Qtr 1,janvier,6,N,O,PERSONNEL SOCIAL EDUCATIF,PERSONNEL SOCIAL EDUCATIF,Personnel Socio-Educatif,MANQUANT,CATEGORIE B,EDUC TECH SP CL SU,EDUCATEUR TECHNIQUE SPECIALISE CL SUP,Autres personnels éducatifs et sociaux,Personnels éducatifs et sociaux ( sauf assist SS ),Personnels éducatifs et sociaux,MANQUANT,ANIMATEUR,PSE,PSE,ANIMATEUR,ANIMATEUR,PSE,Personnel non médical,0,2
PSE,PSE,PSE,Z,B,4004,3130,3100,34,15,22240401,N,69,,,,,2024,Qtr 1,février,15,N,O,PERSONNEL SOCIAL EDUCATIF,PERSONNEL SOCIAL EDUCATIF,Personnel Socio-Educatif,MANQUANT,CATEGORIE B,ANIMATEUR,ANIMATEUR,Autres personnels éducatifs et sociaux,Personnels éducatifs et sociaux ( sauf assist SS ),Personnels éducatifs et sociaux,MANQUANT,ANIMATEUR,PSE,PSE,ANIMATEUR,ANIMATEUR,PSE,Personnel non médical,0,14
PSE,PSE,PSE,Z,B,4005,3130,3100,34,15,22240401,N,69,,,,,2024,Qtr 1,février,15,N,O,PERSONNEL SOCIAL EDUCATIF,PERSONNEL SOCIAL EDUCATIF,Personnel Socio-Educatif,MANQUANT,CATEGORIE B,ANIM PP 2EME CL,ANIMATEUR PRINCIPAL DE 2EME CLASSE,Autres personnels éducatifs et sociaux,Personnels éducatifs et sociaux ( sauf assist SS ),Personnels éducatifs et sociaux,MANQUANT,ANIMATEUR,PSE,PSE,ANIMATEUR,ANIMATEUR,PSE,Personnel non médical,0,27
PSE,PSE,PSE,Z,B,4006,3130,3100,34,15,22240401,N,69,,,,,2024,Qtr 1,février,15,O,O,PERSONNEL SOCIAL EDUCATIF,PERSONNEL SOCIAL EDUCATIF,Personnel Socio-Educatif,MANQUANT,CATEGORIE B,ANIM PP 1ERE CL,ANIMATEUR PRINCIPAL DE PREMIERE CLASSE,Autres personnels éducatifs et sociaux,Personnels éducatifs et sociaux ( sauf assist SS ),Personnels éducatifs et sociaux,MANQUANT,ANIMATEUR,PSE,PSE,ANIMATEUR,ANIMATEUR,PSE,Personnel non médical,11,17
PSE,PSE,PSE,Z,B,4007,3120,3120,33,16,22240301,O,69,,,,,2025,Qtr 1,janvier,6,N,O,PERSONNEL SOCIAL EDUCATIF,PERSONNEL SOCIAL EDUCATIF,Personnel Socio-Educatif,MANQUANT,CATEGORIE B,ASSISTANT SOCIO-ED,ASSISTANT SOCIO-EDUCATIF,Assistants de service social,Assistants de service social,Personnels éducatifs et sociaux,MANQUANT,ASSIST.SOCIO EDUC,ASE,ASE,ASSIST.SOCIO EDUC,ASSISTANT SOCIO EDUCATIF,PSE,Personnel non médical,0,310
PSE,PSE,PSE,Z,B,4008,3120,3120,33,16,22240301,O,69,,,,,2025,Qtr 1,janvier,6,N,O,PERSONNEL SOCIAL EDUCATIF,PERSONNEL SOCIAL EDUCATIF,Personnel Socio-Educatif,MANQUANT,CATEGORIE B,ASSISTANT SOC PPAL,ASSISTANT SOCIO-EDUCATIF PRINCIPAL,Assistants de service social,Assistants de service social,Personnels éducatifs et sociaux,MANQUANT,ASSIST.SOCIO EDUC,ASE,ASE,ASSIST.SOCIO EDUC,ASSISTANT SOCIO EDUCATIF,PSE,Personnel non médical,0,662
PSE,PSE,PSE,Z,B,4011,3130,3100,34,15,22240501,N,69,,,,,2025,Qtr 1,janvier,6,N,O,PERSONNEL SOCIAL EDUCATIF,PERSONNEL SOCIAL EDUCATIF,Personnel Socio-Educatif,MANQUANT,CATEGORIE B,CONS ECO SOC CL NL,CONSEILLER ECO SOCIALE FAMILIALE CL NORMALE,Autres personnels éducatifs et sociaux,Personnels éducatifs et sociaux ( sauf assist SS ),Personnels éducatifs et sociaux,MANQUANT,CONS EC SOC ET FAM,PSE,PSE,CONS EC SOC ET FAM,CONSEILLER EN ECONOMIE SOCIALE ET FAMILIALE,PSE,Personnel non médical,0,10
PSE,PSE,PSE,Z,B,4012,3130,3100,34,15,22240501,N,69,,,,,2025,Qtr 1,janvier,6,N,O,PERSONNEL SOCIAL EDUCATIF,PERSONNEL SOCIAL EDUCATIF,Personnel Socio-Educatif,MANQUANT,CATEGORIE B,CONS EC SO/FA C SU,CONSEILLER ECO SOCIALE FAMILIALE CL SUP,Autres personnels éducatifs et sociaux,Personnels éducatifs et sociaux ( sauf assist SS ),Personnels éducatifs et sociaux,MANQUANT,CONS EC SOC ET FAM,PSE,PSE,CONS EC SOC ET FAM,CONSEILLER EN ECONOMIE SOCIALE ET FAMILIALE,PSE,Personnel non médical,0,2
PSE,PSE,PSE,Z,B,4013,3130,3100,34,15,22241001,N,69,,,,,2024,Qtr 1,février,15,N,O,PERSONNEL SOCIAL EDUCATIF,PERSONNEL SOCIAL EDUCATIF,Personnel Socio-Educatif,MANQUANT,CATEGORIE B,MONITEUR EDUCATEUR,MONITEUR EDUCATEUR,Autres personnels éducatifs et sociaux,Personnels éducatifs et sociaux ( sauf assist SS ),Personnels éducatifs et sociaux,MANQUANT,MONITEUR EDUCATEUR,PSE,PSE,MONITEUR EDUCATEUR,MONITEUR EDUCATEUR,PSE,Personnel non médical,0,20
PSE,PSE,PSE,Z,B,4014,3130,3100,34,15,22241001,N,69,,,,,2024,Qtr 1,février,15,N,O,PERSONNEL SOCIAL EDUCATIF,PERSONNEL SOCIAL EDUCATIF,Personnel Socio-Educatif,MANQUANT,CATEGORIE B,MONITEUR EDUC PP,MONITEUR EDUCATEUR PRINCIPAL,Autres personnels éducatifs et sociaux,Personnels éducatifs et sociaux ( sauf assist SS ),Personnels éducatifs et sociaux,MANQUANT,MONITEUR EDUCATEUR,PSE,PSE,MONITEUR EDUCATEUR,MONITEUR EDUCATEUR,PSE,Personnel non médical,0,3
PSE,PSE,PSE,Z,B,4040,3130,3100,34,15,22241001,N,69,,,,,2024,Qtr 1,février,15,O,O,PERSONNEL SOCIAL EDUCATIF,PERSONNEL SOCIAL EDUCATIF,Personnel Socio-Educatif,MANQUANT,CATEGORIE B,MONITEUR-EDUCATEUR,MONITEUR-EDUCATEUR,Autres personnels éducatifs et sociaux,Personnels éducatifs et sociaux ( sauf assist SS ),Personnels éducatifs et sociaux,MANQUANT,MONITEUR EDUCATEUR,PSE,PSE,MONITEUR EDUCATEUR,MONITEUR EDUCATEUR,PSE,Personnel non médical,16,28
PSE,PSE,PSE,Z,B,4041,3130,3100,34,15,22241001,N,69,,,,,2024,Qtr 1,février,15,O,O,PERSONNEL SOCIAL EDUCATIF,PERSONNEL SOCIAL EDUCATIF,Personnel Socio-Educatif,MANQUANT,CATEGORIE B,MONITEUR-EDUC PP,MONITEUR-EDUCATEUR PRINCIPAL,Autres personnels éducatifs et sociaux,Personnels éducatifs et sociaux ( sauf assist SS ),Personnels éducatifs et sociaux,MANQUANT,MONITEUR EDUCATEUR,PSE,PSE,MONITEUR EDUCATEUR,MONITEUR EDUCATEUR,PSE,Personnel non médical,4,5
PSE,PSE,PSE,Z,B,4066,3130,3100,34,15,22240401,N,69,,,,,2024,Qtr 1,février,15,O,O,PERSONNEL SOCIAL EDUCATIF,PERSONNEL SOCIAL EDUCATIF,Personnel Socio-Educatif,MANQUANT,CATEGORIE B,ANIMATEUR.,ANIMATEUR.,Autres personnels éducatifs et sociaux,Personnels éducatifs et sociaux ( sauf assist SS ),Personnels éducatifs et sociaux,MANQUANT,ANIMATEUR,PSE,PSE,ANIMATEUR,ANIMATEUR,PSE,Personnel non médical,8,11
PSE,PSE,PSE,Z,B,4067,3130,3100,34,15,22240401,N,69,,,,,2024,Qtr 1,février,15,O,O,PERSONNEL SOCIAL EDUCATIF,PERSONNEL SOCIAL EDUCATIF,Personnel Socio-Educatif,MANQUANT,CATEGORIE B,ANIMATEUR PP 2E CL,ANIMATEUR PRINCIPAL 2EME CLASSE,Autres personnels éducatifs et sociaux,Personnels éducatifs et sociaux ( sauf assist SS ),Personnels éducatifs et sociaux,MANQUANT,ANIMATEUR,PSE,PSE,ANIMATEUR,ANIMATEUR,PSE,Personnel non médical,11,20
PSE,PSE,PSE,Z,C,2833,3130,3100,34,15,22240901,N,69,,,,,2024,Qtr 1,février,15,O,O,PERSONNEL SOCIAL EDUCATIF,PERSONNEL SOCIAL EDUCATIF,Personnel Socio-Educatif,MANQUANT,CATEGORIE C,MONITEUR D'ATELIER,MONITEUR D'ATELIER EN EXTINCTION,Autres personnels éducatifs et sociaux,Personnels éducatifs et sociaux ( sauf assist SS ),Personnels éducatifs et sociaux,MANQUANT,MONITEUR D'ATELIER,PSE,PSE,MONITEUR D'ATELIER,MONITEUR D'ATELIER,PSE,Personnel non médical,1,2
PTO,PTO,PH,Z,C,3723,5140,5100,50,19,64375301,N,74,,,,,2024,Qtr 1,février,15,O,O,PERSONNEL TECHNIQUE ET OUVRIER,PERSONNEL TECHNIQUE ET OUVRIER,Personnel Hospitalier,MANQUANT,CATEGORIE C,AMBULANCIER C2,AMBULANCIER C2,Personnels du parc automobile,Personnels techniques et ouvriers,Personnels techniques et ouvriers,MANQUANT,CONDUCTEUR AMBUL.,AUTRE PTO,AUTRE PTO,CONDUCTEUR AMBUL.,CONDUCTEUR AMBULANCE,AUTRE PTO,Personnel non médical,167,229
PTO,PTO,PH,Z,C,3724,5140,5100,50,19,64375301,N,74,,,,,2024,Qtr 1,février,15,O,O,PERSONNEL TECHNIQUE ET OUVRIER,PERSONNEL TECHNIQUE ET OUVRIER,Personnel Hospitalier,MANQUANT,CATEGORIE C,AMBULANCIER PPL C3,AMBULANCIER PRINCIPAL C3,Personnels du parc automobile,Personnels techniques et ouvriers,Personnels techniques et ouvriers,MANQUANT,CONDUCTEUR AMBUL.,AUTRE PTO,AUTRE PTO,CONDUCTEUR AMBUL.,CONDUCTEUR AMBULANCE,AUTRE PTO,Personnel non médical,45,54
PTO,PTO,PO,Z,A,3608,5130,5100,49,19,39016201,N,74,,,,,2024,Qtr 1,février,15,O,O,PERSONNEL TECHNIQUE ET OUVRIER,PERSONNEL TECHNIQUE ET OUVRIER,Personnel Ouvrier,MANQUANT,CATEGORIE A,APPRENTI,APPRENTI,Personnels des services ouvriers,Personnels techniques et ouvriers,Personnels techniques et ouvriers,MANQUANT,APPRENTI,APPRENTI,APPRENTI,APPRENTI,APPRENTI,AUTRE PTO,Personnel non médical,335,786
PTO,PTO,PO,Z,B,3609,5130,5100,49,19,39016201,N,74,,,,,2024,Qtr 1,février,15,O,O,PERSONNEL TECHNIQUE ET OUVRIER,PERSONNEL TECHNIQUE ET OUVRIER,Personnel Ouvrier,MANQUANT,CATEGORIE B,APP NIV B (Extinc),APPRENTI DE NIVEAU B (EXTINCTION),Personnels des services ouvriers,Personnels techniques et ouvriers,Personnels techniques et ouvriers,MANQUANT,APPRENTI,APPRENTI,APPRENTI,APPRENTI,APPRENTI,AUTRE PTO,Personnel non médical,2,145
PTO,PTO,PO,Z,C,3343,4150,4100,44,18,64440501,N,74,,,,,2024,Qtr 1,février,15,N,O,PERSONNEL TECHNIQUE ET OUVRIER,PERSONNEL TECHNIQUE ET OUVRIER,Personnel Ouvrier,MANQUANT,CATEGORIE C,PROTHESISTE DENT.,PROTHESISTE DENTAIRE,Autres personnels médico-techniques,Personnels médico-techniques,Personnels médico-techniques,MANQUANT,PROTHESISTE DENT.,AUTRE PTO,AUTRE PTO,PROTHESISTE DENT.,PROTHESISTE DENTAIRE,AUTRE PTO,Personnel non médical,0,2
PTO,PTO,PO,Z,C,3399,5130,5100,49,19,64210401,N,74,,,,,2024,Qtr 1,février,15,O,O,PERSONNEL TECHNIQUE ET OUVRIER,PERSONNEL TECHNIQUE ET OUVRIER,Personnel Ouvrier,MANQUANT,CATEGORIE C,CHAUFF.INST.COLLEC,CHAUFFEUR INSTALLATEUR DE COLLECTE,Personnels des services ouvriers,Personnels techniques et ouvriers,Personnels techniques et ouvriers,MANQUANT,CHAUFFEUR COLLECTE,AUTRE PTO,AUTRE PTO,CHAUFFEUR COLLECTE,CHAUFFEUR INSTALLATEUR DE COLLECTE,AUTRE PTO,Personnel non médical,1,5
PTO,PTO,PO,Z,C,3610,5130,5100,49,19,39016201,N,74,,,,,2024,Qtr 1,février,15,O,O,PERSONNEL TECHNIQUE ET OUVRIER,PERSONNEL TECHNIQUE ET OUVRIER,Personnel Ouvrier,MANQUANT,CATEGORIE C,APP NIV C (Extinc),APPRENTI DE NIVEAU C (EXTINCTION),Personnels des services ouvriers,Personnels techniques et ouvriers,Personnels techniques et ouvriers,MANQUANT,APPRENTI,APPRENTI,APPRENTI,APPRENTI,APPRENTI,AUTRE PTO,Personnel non médical,30,475
PTO,PTO,PO,Z,C,3710,5130,5100,49,19,64200601,N,74,,,,,2024,Qtr 1,février,15,N,O,PERSONNEL TECHNIQUE ET OUVRIER,PERSONNEL TECHNIQUE ET OUVRIER,Personnel Ouvrier,MANQUANT,CATEGORIE C,AGENT ENT QUAL C1,AGENT D'ENTRETIEN QUALIFIE C1,Personnels des services ouvriers,Personnels techniques et ouvriers,Personnels techniques et ouvriers,MANQUANT,AGT ENT QUAL ECH3,AEQ,AEQ,AGT ENT QUAL ECH3,AGENT ENTRETIEN QUALIF ECH3,AUTRE PTO,Personnel non médical,0,1768
PTO,PTO,PO,Z,C,3711,5130,5100,49,19,64210301,N,73,,,,,2024,Qtr 1,février,15,O,O,PERSONNEL TECHNIQUE ET OUVRIER,PERSONNEL TECHNIQUE ET OUVRIER,Personnel Ouvrier,MANQUANT,CATEGORIE C,OUVRIER PP 2CL C2,OUVRIER PRINCIPAL DE 2EME CL C2,Personnels des services ouvriers,Personnels techniques et ouvriers,Personnels techniques et ouvriers,MANQUANT,OUVRIER ETAT,OUVRIER,OUVRIER,OUVRIER ETAT,OUVRIER ETAT,OUVRIER,Personnel non médical,1,1777
PTO,PTO,PO,Z,C,3712,5130,5100,49,19,64210301,N,73,,,,,2024,Qtr 1,février,15,O,O,PERSONNEL TECHNIQUE ET OUVRIER,PERSONNEL TECHNIQUE ET OUVRIER,Personnel Ouvrier,MANQUANT,CATEGORIE C,OUVRIER PP 1CL C3,OUVRIER PRINCIPAL DE 1ERE CL C3,Personnels des services ouvriers,Personnels techniques et ouvriers,Personnels techniques et ouvriers,MANQUANT,OUVRIER ETAT,OUVRIER,OUVRIER,OUVRIER ETAT,OUVRIER ETAT,OUVRIER,Personnel non médical,870,1544
PTO,PTO,PO,Z,C,3713,5130,5100,49,19,64311502,N,74,,,,,2024,Qtr 1,février,15,N,O,PERSONNEL TECHNIQUE ET OUVRIER,PERSONNEL TECHNIQUE ET OUVRIER,Personnel Ouvrier,MANQUANT,CATEGORIE C,BLANCHISSEUR C1,BLANCHISSEUR C1,Personnels des services ouvriers,Personnels techniques et ouvriers,Personnels techniques et ouvriers,MANQUANT,BLANCH. AGT ENTR,AUTRE PTO,AUTRE PTO,BLANCH. AGT ENTR,BLANCHISSEUR AGENT ENTRETIEN,AUTRE PTO,Personnel non médical,0,96
PTO,PTO,PO,Z,C,3714,5130,5100,49,19,64311502,N,73,,,,,2024,Qtr 1,février,15,N,O,PERSONNEL TECHNIQUE ET OUVRIER,PERSONNEL TECHNIQUE ET OUVRIER,Personnel Ouvrier,MANQUANT,CATEGORIE C,BLANCH PP 2CL C2,BLANCHISSEUR PRINCIPAL DE 2EME CL C2,Personnels des services ouvriers,Personnels techniques et ouvriers,Personnels techniques et ouvriers,MANQUANT,BLANCH. AGT ENTR,AUTRE PTO,AUTRE PTO,BLANCH. AGT ENTR,BLANCHISSEUR AGENT ENTRETIEN,OUVRIER,Personnel non médical,0,200
PTO,PTO,PO,Z,C,3715,5130,5100,49,19,64311502,N,74,,,,,2024,Qtr 1,février,15,O,O,PERSONNEL TECHNIQUE ET OUVRIER,PERSONNEL TECHNIQUE ET OUVRIER,Personnel Ouvrier,MANQUANT,CATEGORIE C,BLANCH PP 1CL C3,BLANCHISSEUR PRINCIPAL DE 1ERE CL C3,Personnels des services ouvriers,Personnels techniques et ouvriers,Personnels techniques et ouvriers,MANQUANT,BLANCH. AGT ENTR,AUTRE PTO,AUTRE PTO,BLANCH. AGT ENTR,BLANCHISSEUR AGENT ENTRETIEN,AUTRE PTO,Personnel non médical,104,152
PTO,PTO,PO,Z,C,3716,5130,5100,49,19,64210301,N,73,,,,,2024,Qtr 1,février,15,O,O,PERSONNEL TECHNIQUE ET OUVRIER,PERSONNEL TECHNIQUE ET OUVRIER,Personnel Ouvrier,MANQUANT,CATEGORIE C,OUVRIER PP 2CL EC2,OUVRIER PRINCIPAL DE 2EME CL EC2,Personnels des services ouvriers,Personnels techniques et ouvriers,Personnels techniques et ouvriers,MANQUANT,OUVRIER ETAT,OUVRIER,OUVRIER,OUVRIER ETAT,OUVRIER ETAT,OUVRIER,Personnel non médical,1089,1734
PTO,PTO,PO,Z,C,3717,5130,5100,49,19,64311502,N,73,,,,,2024,Qtr 1,février,15,O,O,PERSONNEL TECHNIQUE ET OUVRIER,PERSONNEL TECHNIQUE ET OUVRIER,Personnel Ouvrier,MANQUANT,CATEGORIE C,BLANCH PP 2CL EC2,BLANCHISSEUR PRINCIPAL DE 2EME CL EC2,Personnels des services ouvriers,Personnels techniques et ouvriers,Personnels techniques et ouvriers,MANQUANT,BLANCH. AGT ENTR,AUTRE PTO,AUTRE PTO,BLANCH. AGT ENTR,BLANCHISSEUR AGENT ENTRETIEN,OUVRIER,Personnel non médical,135,187
PTO,PTO,PO,Z,C,3718,5130,5100,49,19,64200601,N,74,,,,,2024,Qtr 1,février,15,O,O,PERSONNEL TECHNIQUE ET OUVRIER,PERSONNEL TECHNIQUE ET OUVRIER,Personnel Ouvrier,MANQUANT,CATEGORIE C,AGENT ENT QUAL EC1,AGENT D'ENTRETIEN QUALIFIE EC1,Personnels des services ouvriers,Personnels techniques et ouvriers,Personnels techniques et ouvriers,MANQUANT,AGT ENT QUAL ECH3,AEQ,AEQ,AGT ENT QUAL ECH3,AGENT ENTRETIEN QUALIF ECH3,AUTRE PTO,Personnel non médical,1240,2398
PTO,PTO,PO,Z,C,3719,5130,5100,49,19,64311502,N,74,,,,,2024,Qtr 1,février,15,O,O,PERSONNEL TECHNIQUE ET OUVRIER,PERSONNEL TECHNIQUE ET OUVRIER,Personnel Ouvrier,MANQUANT,CATEGORIE C,BLANCHISSEUR EC1,BLANCHISSEUR EC1,Personnels des services ouvriers,Personnels techniques et ouvriers,Personnels techniques et ouvriers,MANQUANT,BLANCH. AGT ENTR,AUTRE PTO,AUTRE PTO,BLANCH. AGT ENTR,BLANCHISSEUR AGENT ENTRETIEN,AUTRE PTO,Personnel non médical,47,94
PTO,PTO,PO,Z,C,3720,5140,5100,50,19,64375301,N,74,,,,,2024,Qtr 1,février,15,N,O,PERSONNEL TECHNIQUE ET OUVRIER,PERSONNEL TECHNIQUE ET OUVRIER,Personnel Ouvrier,MANQUANT,CATEGORIE C,COND AMB C2,CONDUCTEUR AMBULANCIER C2,Personnels du parc automobile,Personnels techniques et ouvriers,Personnels techniques et ouvriers,MANQUANT,CONDUCTEUR AMBUL.,AUTRE PTO,AUTRE PTO,CONDUCTEUR AMBUL.,CONDUCTEUR AMBULANCE,AUTRE PTO,Personnel non médical,0,220
PTO,PTO,PO,Z,C,3721,5140,5100,50,19,64375301,N,74,,,,,2024,Qtr 1,février,15,N,O,PERSONNEL TECHNIQUE ET OUVRIER,PERSONNEL TECHNIQUE ET OUVRIER,Personnel Ouvrier,MANQUANT,CATEGORIE C,COND AMB PP C3,CONDUCTEUR AMBULANCIER PRINCIPAL C3,Personnels du parc automobile,Personnels techniques et ouvriers,Personnels techniques et ouvriers,MANQUANT,CONDUCTEUR AMBUL.,AUTRE PTO,AUTRE PTO,CONDUCTEUR AMBUL.,CONDUCTEUR AMBULANCE,AUTRE PTO,Personnel non médical,0,55
PTO,PTO,PO,Z,C,3722,5140,5100,50,19,64375301,N,74,,,,,2024,Qtr 1,février,15,N,O,PERSONNEL TECHNIQUE ET OUVRIER,PERSONNEL TECHNIQUE ET OUVRIER,Personnel Ouvrier,MANQUANT,CATEGORIE C,COND AMB EC2,CONDUCTEUR AMBULANCIER EC2,Personnels du parc automobile,Personnels techniques et ouvriers,Personnels techniques et ouvriers,MANQUANT,CONDUCTEUR AMBUL.,AUTRE PTO,AUTRE PTO,CONDUCTEUR AMBUL.,CONDUCTEUR AMBULANCE,AUTRE PTO,Personnel non médical,0,181
PTO,PTO,PO,Z,C,3725,5130,5100,49,19,64200501,N,74,,,,,2024,Qtr 1,février,15,N,O,PERSONNEL TECHNIQUE ET OUVRIER,PERSONNEL TECHNIQUE ET OUVRIER,Personnel Ouvrier,MANQUANT,CATEGORIE C,AGT MAITRISE C2,AGENT DE MAITRISE C2,Personnels des services ouvriers,Personnels techniques et ouvriers,Personnels techniques et ouvriers,MANQUANT,AGT MAIT ECH5 6,AUTRE PTO,AUTRE PTO,AGT MAIT ECH5 6,AGENT MAITRISE EC 5 ET 6,AUTRE PTO,Personnel non médical,0,25
PTO,PTO,PO,Z,C,3726,5130,5100,49,19,64200501,N,74,,,,,2024,Qtr 1,février,15,O,O,PERSONNEL TECHNIQUE ET OUVRIER,PERSONNEL TECHNIQUE ET OUVRIER,Personnel Ouvrier,MANQUANT,CATEGORIE C,AGT MAITRISE PP C3,AGENT DE MAITRISE PRINCIPAL C3,Personnels des services ouvriers,Personnels techniques et ouvriers,Personnels techniques et ouvriers,MANQUANT,AGT MAIT ECH5 6,AUTRE PTO,AUTRE PTO,AGT MAIT ECH5 6,AGENT MAITRISE EC 5 ET 6,AUTRE PTO,Personnel non médical,40,116
PTO,PTO,PO,Z,C,3727,5130,5100,49,19,64200501,N,74,,,,,2024,Qtr 1,février,15,O,O,PERSONNEL TECHNIQUE ET OUVRIER,PERSONNEL TECHNIQUE ET OUVRIER,Personnel Ouvrier,MANQUANT,CATEGORIE C,AGT MAITRISE EC2,AGENT DE MAITRISE EC2,Personnels des services ouvriers,Personnels techniques et ouvriers,Personnels techniques et ouvriers,MANQUANT,AGT MAIT ECH5 6,AUTRE PTO,AUTRE PTO,AGT MAIT ECH5 6,AGENT MAITRISE EC 5 ET 6,AUTRE PTO,Personnel non médical,7,19
PTO,PTO,PT,Z,A,1918,4180,4100,41,18,62610101,N,74,,,,,2024,Qtr 1,février,15,O,O,PERSONNEL TECHNIQUE ET OUVRIER,PERSONNEL TECHNIQUE ET OUVRIER,Personnel Technique,MANQUANT,CATEGORIE A,PHYSICIEN MEDICAL,PHYSICIEN MEDICAL,Radiophysiciens - Physiciens médicaux,Personnels médico-techniques,Personnels médico-techniques,MANQUANT,SPECIAL. SCIENTIF,AUTRE PTO,AUTRE PTO,SPECIAL. SCIENTIF,SPECIALISTE SCIENTIFIQUE,AUTRE PTO,Personnel non médical,61,90
PTO,PTO,PT,Z,A,1950,5110,5100,46,19,62301100,N,75,,,,,2025,Qtr 1,janvier,6,O,O,PERSONNEL TECHNIQUE ET OUVRIER,PERSONNEL TECHNIQUE ET OUVRIER,Personnel Technique,MANQUANT,CATEGORIE A,CMR N0,CHARGE DE MISSION RECHERCHE NIVEAU 0,Ingénieurs,Personnels techniques et ouvriers,Personnels techniques et ouvriers,MANQUANT,CH.MISS.RECHERCHE,CHARGE MISS RECHERCHE,CHARGE MISS RECHERCHE,CH.MISS.RECHERCHE,CHARGE DE MISSION RECHERCHE,CHARGE MISS RECHERCHE,Personnel non médical,1,1
PTO,PTO,PT,Z,A,1951,5110,5100,46,19,62301100,N,75,,,,,2024,Qtr 1,février,15,O,O,PERSONNEL TECHNIQUE ET OUVRIER,PERSONNEL TECHNIQUE ET OUVRIER,Personnel Technique,MANQUANT,CATEGORIE A,CMR N1,CHARGE DE MISSION RECHERCHE NIVEAU 1,Ingénieurs,Personnels techniques et ouvriers,Personnels techniques et ouvriers,MANQUANT,CH.MISS.RECHERCHE,CHARGE MISS RECHERCHE,CHARGE MISS RECHERCHE,CH.MISS.RECHERCHE,CHARGE DE MISSION RECHERCHE,CHARGE MISS RECHERCHE,Personnel non médical,41,50
PTO,PTO,PT,Z,A,1952,5110,5100,46,19,62301100,N,75,,,,,2024,Qtr 1,février,15,O,O,PERSONNEL TECHNIQUE ET OUVRIER,PERSONNEL TECHNIQUE ET OUVRIER,Personnel Technique,MANQUANT,CATEGORIE A,CMR N2,CHARGE DE MISSION RECHERCHE NIVEAU 2,Ingénieurs,Personnels techniques et ouvriers,Personnels techniques et ouvriers,MANQUANT,CH.MISS.RECHERCHE,CHARGE MISS RECHERCHE,CHARGE MISS RECHERCHE,CH.MISS.RECHERCHE,CHARGE DE MISSION RECHERCHE,CHARGE MISS RECHERCHE,Personnel non médical,54,109
PTO,PTO,PT,Z,A,1953,5110,5100,46,19,62301100,N,75,,,,,2024,Qtr 1,février,15,O,O,PERSONNEL TECHNIQUE ET OUVRIER,PERSONNEL TECHNIQUE ET OUVRIER,Personnel Technique,MANQUANT,CATEGORIE A,CMR N3,CHARGE DE MISSION RECHERCHE NIVEAU 3,Ingénieurs,Personnels techniques et ouvriers,Personnels techniques et ouvriers,MANQUANT,CH.MISS.RECHERCHE,CHARGE MISS RECHERCHE,CHARGE MISS RECHERCHE,CH.MISS.RECHERCHE,CHARGE DE MISSION RECHERCHE,CHARGE MISS RECHERCHE,Personnel non médical,641,1002
PTO,PTO,PT,Z,A,1954,5110,5100,46,19,62301100,N,75,,,,,2024,Qtr 1,février,15,O,O,PERSONNEL TECHNIQUE ET OUVRIER,PERSONNEL TECHNIQUE ET OUVRIER,Personnel Technique,MANQUANT,CATEGORIE A,CMR N4,CHARGE DE MISSION RECHERCHE NIVEAU 4,Ingénieurs,Personnels techniques et ouvriers,Personnels techniques et ouvriers,MANQUANT,CH.MISS.RECHERCHE,CHARGE MISS RECHERCHE,CHARGE MISS RECHERCHE,CH.MISS.RECHERCHE,CHARGE DE MISSION RECHERCHE,CHARGE MISS RECHERCHE,Personnel non médical,489,1122
PTO,PTO,PT,Z,B,1909,511A,5100,47,19,62630101,N,74,,,,,2024,Qtr 1,février,15,O,O,PERSONNEL TECHNIQUE ET OUVRIER,PERSONNEL TECHNIQUE ET OUVRIER,Personnel Technique,MANQUANT,CATEGORIE B,TECHNICIEN SUP,TECHNICIEN SUPERIEUR,Personnels des services techniques hors ingénieurs,Personnels techniques et ouvriers,Personnels techniques et ouvriers,MANQUANT,TECHNIC. SUPERIEUR,T.S.H et A.C.T.,T.S.H et A.C.T.,TECHNIC. SUPERIEUR,TECHNICIEN SUPERIEUR,AUTRE PTO,Personnel non médical,1,2
PTO,PTO,PT,Z,B,1955,5110,5100,46,19,62301100,N,75,,,,,2024,Qtr 1,février,15,O,O,PERSONNEL TECHNIQUE ET OUVRIER,PERSONNEL TECHNIQUE ET OUVRIER,Personnel Technique,MANQUANT,CATEGORIE B,CMR N5,CHARGE DE MISSION RECHERCHE NIVEAU 5,Ingénieurs,Personnels techniques et ouvriers,Personnels techniques et ouvriers,MANQUANT,CH.MISS.RECHERCHE,CHARGE MISS RECHERCHE,CHARGE MISS RECHERCHE,CH.MISS.RECHERCHE,CHARGE DE MISSION RECHERCHE,CHARGE MISS RECHERCHE,Personnel non médical,901,1893
PTO,PTO,PT,Z,B,1956,5110,5100,46,19,62301100,N,75,,,,,2024,Qtr 1,février,15,O,O,PERSONNEL TECHNIQUE ET OUVRIER,PERSONNEL TECHNIQUE ET OUVRIER,Personnel Technique,MANQUANT,CATEGORIE B,CMR N6,CHARGE DE MISSION RECHERCHE NIVEAU 6,Ingénieurs,Personnels techniques et ouvriers,Personnels techniques et ouvriers,MANQUANT,CH.MISS.RECHERCHE,CHARGE MISS RECHERCHE,CHARGE MISS RECHERCHE,CH.MISS.RECHERCHE,CHARGE DE MISSION RECHERCHE,CHARGE MISS RECHERCHE,Personnel non médical,445,1781
PTO,PTO,PT,Z,B,3140,511A,5100,47,19,62370101,N,72,,,,,2024,Qtr 1,février,26,N,O,PERSONNEL TECHNIQUE ET OUVRIER,PERSONNEL TECHNIQUE ET OUVRIER,Personnel Technique,MANQUANT,CATEGORIE B,A C T CLASSE NORM,ADJOINT DES CADRES TECHNIQUES CLASSE NOR,Personnels des services techniques hors ingénieurs,Personnels techniques et ouvriers,Personnels techniques et ouvriers,MANQUANT,A.C.T.,T.S.H et A.C.T.,T.S.H et A.C.T.,A.C.T.,ADJOINTS DES CADRES TECHNIQUES,T.S.H et A.C.T.,Personnel non médical,0,1
PTO,PTO,PT,Z,B,3701,511A,5100,47,19,62390102,N,72,,,,,2024,Qtr 1,février,15,N,O,PERSONNEL TECHNIQUE ET OUVRIER,PERSONNEL TECHNIQUE ET OUVRIER,Personnel Technique,MANQUANT,CATEGORIE B,TECHNICIEN HOSP,TECHNICIEN HOSPITALIER,Personnels des services techniques hors ingénieurs,Personnels techniques et ouvriers,Personnels techniques et ouvriers,MANQUANT,TECHNICIEN HOSP,T.S.H et A.C.T.,T.S.H et A.C.T.,TECHNICIEN HOSP,TECHNICIEN HOSPITALIER,T.S.H et A.C.T.,Personnel non médical,0,440
PTO,PTO,PT,Z,B,3702,511A,5100,47,19,62390103,N,72,,,,,2024,Qtr 1,février,15,N,O,PERSONNEL TECHNIQUE ET OUVRIER,PERSONNEL TECHNIQUE ET OUVRIER,Personnel Technique,MANQUANT,CATEGORIE B,TSH 2EME CLASSE,TECHNICIEN SUPERIEUR HOSPITALIER 2EME CLASSE,Personnels des services techniques hors ingénieurs,Personnels techniques et ouvriers,Personnels techniques et ouvriers,MANQUANT,TSH 2EME CLASSE,T.S.H et A.C.T.,T.S.H et A.C.T.,TSH 2EME CLASSE,TECHNICIEN SUPERIEUR HOSPITALIER 2EME CLASSE,T.S.H et A.C.T.,Personnel non médical,0,541
PTO,PTO,PT,Z,B,3703,511A,5100,47,19,62390104,N,72,,,,,2024,Qtr 1,février,15,O,O,PERSONNEL TECHNIQUE ET OUVRIER,PERSONNEL TECHNIQUE ET OUVRIER,Personnel Technique,MANQUANT,CATEGORIE B,TSH 1ERE CLASSE,TECHNICIEN SUPERIEUR HOSPITALIER 1ERE CLASSE,Personnels des services techniques hors ingénieurs,Personnels techniques et ouvriers,Personnels techniques et ouvriers,MANQUANT,TSH 1ERE CLASSE,T.S.H et A.C.T.,T.S.H et A.C.T.,TSH 1ERE CLASSE,TECHNICIEN SUPERIEUR HOSPITALIER 1ERE CLASSE,T.S.H et A.C.T.,Personnel non médical,347,601
PTO,PTO,PT,Z,B,3704,511A,5100,47,19,62390102,N,72,,,,,2024,Qtr 1,février,15,O,O,PERSONNEL TECHNIQUE ET OUVRIER,PERSONNEL TECHNIQUE ET OUVRIER,Personnel Technique,MANQUANT,CATEGORIE B,TH,TECHNICIEN HOSPIT,Personnels des services techniques hors ingénieurs,Personnels techniques et ouvriers,Personnels techniques et ouvriers,MANQUANT,TECHNICIEN HOSP,T.S.H et A.C.T.,T.S.H et A.C.T.,TECHNICIEN HOSP,TECHNICIEN HOSPITALIER,T.S.H et A.C.T.,Personnel non médical,286,466
PTO,PTO,PT,Z,B,3705,511A,5100,47,19,62390103,N,72,,,,,2024,Qtr 1,février,15,O,O,PERSONNEL TECHNIQUE ET OUVRIER,PERSONNEL TECHNIQUE ET OUVRIER,Personnel Technique,MANQUANT,CATEGORIE B,TSH 2E CLASSE,TECH SUPERIEUR HOSPITALIER 2EME CLASSE,Personnels des services techniques hors ingénieurs,Personnels techniques et ouvriers,Personnels techniques et ouvriers,MANQUANT,TSH 2EME CLASSE,T.S.H et A.C.T.,T.S.H et A.C.T.,TSH 2EME CLASSE,TECHNICIEN SUPERIEUR HOSPITALIER 2EME CLASSE,T.S.H et A.C.T.,Personnel non médical,377,573
PTO,PTO,PT,Z,C,3730,511A,5100,47,19,62450101,N,74,,,,,2024,Qtr 1,février,15,N,O,PERSONNEL TECHNIQUE ET OUVRIER,PERSONNEL TECHNIQUE ET OUVRIER,Personnel Technique,MANQUANT,CATEGORIE C,AGT TECH SPE C2,AGENT TECHNIQUE SPECIALISE C2,Personnels des services techniques hors ingénieurs,Personnels techniques et ouvriers,Personnels techniques et ouvriers,MANQUANT,AGENT TECH. SPE HC,AUTRE PTO,AUTRE PTO,AGENT TECH. SPE HC,AGENT TECHNIQUE SPECIALISE,AUTRE PTO,Personnel non médical,0,12
PTO,PTO,PT,Z,C,3731,511A,5100,47,19,62450101,N,74,,,,,2024,Qtr 1,février,15,O,O,PERSONNEL TECHNIQUE ET OUVRIER,PERSONNEL TECHNIQUE ET OUVRIER,Personnel Technique,MANQUANT,CATEGORIE C,AGT TECH SPE PP C3,AGENT TECHNIQUE SPECIALISE PRINCIPAL C3,Personnels des services techniques hors ingénieurs,Personnels techniques et ouvriers,Personnels techniques et ouvriers,MANQUANT,AGENT TECH. SPE HC,AUTRE PTO,AUTRE PTO,AGENT TECH. SPE HC,AGENT TECHNIQUE SPECIALISE,AUTRE PTO,Personnel non médical,3,8
PTO,PTO,PT,Z,C,3732,511A,5100,47,19,62450101,N,74,,,,,2024,Qtr 1,février,15,O,O,PERSONNEL TECHNIQUE ET OUVRIER,PERSONNEL TECHNIQUE ET OUVRIER,Personnel Technique,MANQUANT,CATEGORIE C,AGT TECH SPE EC2,AGENT TECHNIQUE SPECIALISE EC2,Personnels des services techniques hors ingénieurs,Personnels techniques et ouvriers,Personnels techniques et ouvriers,MANQUANT,AGENT TECH. SPE HC,AUTRE PTO,AUTRE PTO,AGENT TECH. SPE HC,AGENT TECHNIQUE SPECIALISE,AUTRE PTO,Personnel non médical,5,6
PTO MISSION,PTO,PT,Z,A,1941,5110,5100,46,19,62300101,N,71,,,,,2024,Qtr 1,février,15,O,O,PTO CHARGE DE MISSION,PERSONNEL TECHNIQUE ET OUVRIER,Personnel Technique,MANQUANT,CATEGORIE A,CHARG MISS NADM N1,CHARGE MISSION NON ADMINISTRATIF N 1,Ingénieurs,Personnels techniques et ouvriers,Personnels techniques et ouvriers,MANQUANT,CH.MISS. A1 NON AD,CHARGE DE MISSION PTO,CHARGE DE MISSION PTO,CH.MISS. A1 NON AD,CHARGE DE MISSION A1 NON ADMINISTRATIF,CHARGE DE MISSION PTO,Personnel non médical,137,203
PTO MISSION,PTO,PT,Z,A,1942,5110,5100,46,19,62300201,N,71,,,,,2024,Qtr 1,février,15,O,O,PTO CHARGE DE MISSION,PERSONNEL TECHNIQUE ET OUVRIER,Personnel Technique,MANQUANT,CATEGORIE A,CHARG MISS NADM N2,CHARGE MISSION NON ADMINISTRATIF N 2,Ingénieurs,Personnels techniques et ouvriers,Personnels techniques et ouvriers,MANQUANT,CH.MISS. A2 NON AD,CHARGE DE MISSION PTO,CHARGE DE MISSION PTO,CH.MISS. A2 NON AD,CHARGE DE MISSION A2 NON ADMINISTRATIF,CHARGE DE MISSION PTO,Personnel non médical,365,7010
PTO MISSION,PTO,PT,Z,A,1943,5120,5100,48,19,62300301,N,71,,,,,2024,Qtr 1,février,15,O,O,PTO CHARGE DE MISSION,PERSONNEL TECHNIQUE ET OUVRIER,Personnel Technique,MANQUANT,CATEGORIE A,CHARG MISS NADM N3,CHARGE MISSION NON ADMINISTRATIF N 3,Personnel informatique et organisation hors ingénieurs,Personnels techniques et ouvriers,Personnels techniques et ouvriers,MANQUANT,CH.MISS. A3 NON AD,CHARGE DE MISSION PTO,CHARGE DE MISSION PTO,CH.MISS. A3 NON AD,CHARGE DE MISSION A3 NON ADMINISTRATIF,CHARGE DE MISSION PTO,Personnel non médical,285,508
PTO MISSION,PTO,PT,Z,A,1944,5120,5100,48,19,62300401,N,71,,,,,2024,Qtr 1,février,15,O,O,PTO CHARGE DE MISSION,PERSONNEL TECHNIQUE ET OUVRIER,Personnel Technique,MANQUANT,CATEGORIE A,CHARG MISS NADM N4,CHARGE MISSION NON ADMINISTRATIF N 4,Personnel informatique et organisation hors ingénieurs,Personnels techniques et ouvriers,Personnels techniques et ouvriers,MANQUANT,CH.MISS. A4 NON AD,CHARGE DE MISSION PTO,CHARGE DE MISSION PTO,CH.MISS. A4 NON AD,CHARGE DE MISSION A4 NON ADMINISTRATIF,CHARGE DE MISSION PTO,Personnel non médical,143,309
PTO MISSION,PTO,PT,Z,A,1945,5120,5100,48,19,62300501,N,71,,,,,2024,Qtr 1,février,15,O,O,PTO CHARGE DE MISSION,PERSONNEL TECHNIQUE ET OUVRIER,Personnel Technique,MANQUANT,CATEGORIE A,CHARG MISS NADM N5,CHARGE MISSION NON ADMINISTRATIF N 5,Personnel informatique et organisation hors ingénieurs,Personnels techniques et ouvriers,Personnels techniques et ouvriers,MANQUANT,CH.MISS. A5 NON AD,CHARGE DE MISSION PTO,CHARGE DE MISSION PTO,CH.MISS. A5 NON AD,CHARGE DE MISSION A5 NON ADMINISTRATIF,CHARGE DE MISSION PTO,Personnel non médical,534,925
PTO MISSION,PTO,PT,Z,B,1946,5120,5100,48,19,62300601,N,71,,,,,2024,Qtr 1,février,15,O,O,PTO CHARGE DE MISSION,PERSONNEL TECHNIQUE ET OUVRIER,Personnel Technique,MANQUANT,CATEGORIE B,CHARG MISS NADM N6,CHARGE MISSION NON ADMINISTRATIF N 6,Personnel informatique et organisation hors ingénieurs,Personnels techniques et ouvriers,Personnels techniques et ouvriers,MANQUANT,CH.MISS. A6 NON AD,CHARGE DE MISSION PTO,CHARGE DE MISSION PTO,CH.MISS. A6 NON AD,CHARGE DE MISSION A6 NON ADMINISTRATIF,CHARGE DE MISSION PTO,Personnel non médical,288,522
PTO MISSION,PTO,PT,Z,B,1947,5120,5100,48,19,62300701,N,71,,,,,2024,Qtr 1,février,15,O,O,PTO CHARGE DE MISSION,PERSONNEL TECHNIQUE ET OUVRIER,Personnel Technique,MANQUANT,CATEGORIE B,CHARG MISS NADM N7,CHARGE MISSION NON ADMINISTRATIF N 7,Personnel informatique et organisation hors ingénieurs,Personnels techniques et ouvriers,Personnels techniques et ouvriers,MANQUANT,CH.MISS. A7 NON AD,CHARGE DE MISSION PTO,CHARGE DE MISSION PTO,CH.MISS. A7 NON AD,CHARGE DE MISSION A7 NON ADMINISTRATIF,CHARGE DE MISSION PTO,Personnel non médical,29,60
REEDUC,PH,PH,D,A,2370,2710,2700,20,11,32160201,N,54,,,,,2024,Qtr 1,février,15,O,O,PERSONNEL DE REEDUCATION,PERSONNEL HOSPITALIER,Personnel Hospitalier,PERSONNEL HOSPITALIER DIPLOME,CATEGORIE A,PSY CONS RESS HUM,PSYCHOLOGUE CONSEILLERE RESSOURCES HUMAI,Psychologues,Psychologues,Personnels des services de soins,MANQUANT,PSYCHOLOGUE,PSYCHOLOGUE,PSYCHOLOGUE,PSYCHOLOGUE,PSYCHOLOGUE,PSYCHOLOGUE,Personnel non médical,6,9
REEDUC,PH,PH,D,A,2382,2710,2700,20,11,32160201,N,54,,,,,2024,Qtr 1,février,15,O,O,PERSONNEL DE REEDUCATION,PERSONNEL HOSPITALIER,Personnel Hospitalier,PERSONNEL HOSPITALIER DIPLOME,CATEGORIE A,PSYCHOLOGUE CLN,PSYCHOLOGUE DE CLASSE NORMALE,Psychologues,Psychologues,Personnels des services de soins,MANQUANT,PSYCHOLOGUE,PSYCHOLOGUE,PSYCHOLOGUE,PSYCHOLOGUE,PSYCHOLOGUE,PSYCHOLOGUE,Personnel non médical,961,1972
REEDUC,PH,PH,D,A,2383,2710,2700,20,11,32160201,N,54,,,,,2024,Qtr 1,février,15,O,O,PERSONNEL DE REEDUCATION,PERSONNEL HOSPITALIER,Personnel Hospitalier,PERSONNEL HOSPITALIER DIPLOME,CATEGORIE A,PSYCHOLOGUE HC,PSYCHOLOGUE HORS CLASSE,Psychologues,Psychologues,Personnels des services de soins,MANQUANT,PSYCHOLOGUE,PSYCHOLOGUE,PSYCHOLOGUE,PSYCHOLOGUE,PSYCHOLOGUE,PSYCHOLOGUE,Personnel non médical,195,285
REEDUC,PH,PH,D,A,2768,2460,2400,27,13,32166201,N,67,,,,,2024,Qtr 1,février,15,N,O,PERSONNEL DE REEDUCATION,PERSONNEL HOSPITALIER,Personnel Hospitalier,PERSONNEL HOSPITALIER DIPLOME,CATEGORIE A,ERGOTHERA CLN A,ERGOTHERAPEUTE CLASSE NORMALE A,Ergothérapeutes hors encadrement,Personnels de rééducation,Personnels des services de soins,MANQUANT,ERGOTHERAPEUTE,REEDUCATION HORS CADRES,REEDUCATION HORS CADRES,ERGOTHERAPEUTE,ERGOTHERAPEUTE,REEDUCATION HORS CADRES,Personnel non médical,0,345
REEDUC,PH,PH,D,A,2769,2460,2400,27,13,32166201,N,67,,,,,2024,Qtr 1,février,15,N,O,PERSONNEL DE REEDUCATION,PERSONNEL HOSPITALIER,Personnel Hospitalier,PERSONNEL HOSPITALIER DIPLOME,CATEGORIE A,ERGOTHERA CLS A,ERGOTHERAPEUTE CLASSE SUPERIEURE A,Ergothérapeutes hors encadrement,Personnels de rééducation,Personnels des services de soins,MANQUANT,ERGOTHERAPEUTE,REEDUCATION HORS CADRES,REEDUCATION HORS CADRES,ERGOTHERAPEUTE,ERGOTHERAPEUTE,REEDUCATION HORS CADRES,Personnel non médical,0,71
REEDUC,PH,PH,D,A,4114,2440,2400,25,13,32140201,N,67,,,,,2024,Qtr 1,février,15,N,O,PERSONNEL DE REEDUCATION,PERSONNEL HOSPITALIER,Personnel Hospitalier,PERSONNEL HOSPITALIER DIPLOME,CATEGORIE A,ORTHOPTISTE CLN A,ORTHOPTISTE DE CLASSE NORMALE A,Orthoptistes hors encadrement,Personnels de rééducation,Personnels des services de soins,MANQUANT,ORTHOPTISTES,REEDUCATION HORS CADRES,REEDUCATION HORS CADRES,ORTHOPTISTES,ORTHOPTISTES,REEDUCATION HORS CADRES,Personnel non médical,0,180
REEDUC,PH,PH,D,A,4115,2440,2400,25,13,32140201,N,67,,,,,2024,Qtr 1,février,15,N,O,PERSONNEL DE REEDUCATION,PERSONNEL HOSPITALIER,Personnel Hospitalier,PERSONNEL HOSPITALIER DIPLOME,CATEGORIE A,ORTHOPTISTE CLS A,ORTHOPTISTE DE CLASSE SUPERIEURE A,Orthoptistes hors encadrement,Personnels de rééducation,Personnels des services de soins,MANQUANT,ORTHOPTISTES,REEDUCATION HORS CADRES,REEDUCATION HORS CADRES,ORTHOPTISTES,ORTHOPTISTES,REEDUCATION HORS CADRES,Personnel non médical,0,11
REEDUC,PH,PH,D,A,4116,2420,2400,23,13,32163201,N,67,,,,,2024,Qtr 1,février,15,N,O,PERSONNEL DE REEDUCATION,PERSONNEL HOSPITALIER,Personnel Hospitalier,PERSONNEL HOSPITALIER DIPLOME,CATEGORIE A,PEDICURE POD CLN A,PEDICURE PODOLOGUE DE CLASSE NORMALE A,Pédicures - Podologues hors encadrement,Personnels de rééducation,Personnels des services de soins,MANQUANT,PEDICURE PODOLOGUE,REEDUCATION HORS CADRES,REEDUCATION HORS CADRES,PEDICURE PODOLOGUE,PEDICURE PODOLOGUE,REEDUCATION HORS CADRES,Personnel non médical,0,36
REEDUC,PH,PH,D,A,4117,2420,2400,23,13,32163201,N,67,,,,,2024,Qtr 1,février,15,N,O,PERSONNEL DE REEDUCATION,PERSONNEL HOSPITALIER,Personnel Hospitalier,PERSONNEL HOSPITALIER DIPLÔME,CATEGORIE A,PEDICURE POD CLS A,PEDICURE PODOLOGUE DE CLASSE SUPERIEURE A,Pédicures - Podologues hors encadrement,Personnels de rééducation,Personnels des services de soins,MANQUANT,PEDICURE PODOLOGUE,REEDUCATION HORS CADRES,REEDUCATION HORS CADRES,PEDICURE PODOLOGUE,PEDICURE PODOLOGUE,REEDUCATION HORS CADRES,Personnel non médical,0,7
REEDUC,PH,PH,D,A,4118,2410,2400,22,13,32090201,N,67,,,,,2024,Qtr 1,février,15,N,O,PERSONNEL DE REEDUCATION,PERSONNEL HOSPITALIER,Personnel Hospitalier,PERSONNEL HOSPITALIER DIPLOME,CATEGORIE A,MASSEUR KINE CLN A,MASSEUR KINESITHERAPEUTE CLASSE NORMALE A,Masseurs kinésithérapeutes hors encadrement,Personnels de rééducation,Personnels des services de soins,MANQUANT,MASSEUR KINESITH.,MKDE,MKDE,MASSEUR KINESITH.,MASSEUR KINESITHERAP,REEDUCATION HORS CADRES,Personnel non médical,0,1
REEDUC,PH,PH,D,A,4124,2410,2400,22,13,32090201,N,67,,,,,2024,Qtr 1,février,15,N,O,PERSONNEL DE REEDUCATION,PERSONNEL HOSPITALIER,Personnel Hospitalier,PERSONNEL HOSPITALIER DIPLOME,CATEGORIE A,MASSEUR KINE CLN A,MASSEUR KINESITHERAPEUTE CLASSE NORMALE A,Masseurs kinésithérapeutes hors encadrement,Personnels de rééducation,Personnels des services de soins,MANQUANT,MASSEUR KINESITH.,MKDE,MKDE,MASSEUR KINESITH.,MASSEUR KINESITHERAP,REEDUCATION HORS CADRES,Personnel non médical,0,928
REEDUC,PH,PH,D,A,4125,2410,2400,22,13,32090201,N,67,,,,,2024,Qtr 1,février,15,N,O,PERSONNEL DE REEDUCATION,PERSONNEL HOSPITALIER,Personnel Hospitalier,PERSONNEL HOSPITALIER DIPLOME,CATEGORIE A,MASSEUR KINE CLS A,MASSEUR KINESITHERAPEUTE CL SUPERIEURE A,Masseurs kinésithérapeutes hors encadrement,Personnels de rééducation,Personnels des services de soins,MANQUANT,MASSEUR KINESITH.,MKDE,MKDE,MASSEUR KINESITH.,MASSEUR KINESITHERAP,REEDUCATION HORS CADRES,Personnel non médical,0,112
REEDUC,PH,PH,D,A,4126,2470,2400,28,13,32169201,N,67,,,,,2024,Qtr 1,février,15,N,O,PERSONNEL DE REEDUCATION,PERSONNEL HOSPITALIER,Personnel Hospitalier,PERSONNEL HOSPITALIER DIPLOME,CATEGORIE A,PSYCHOMOTRIC CLN A,PSYCHOMOTRICIEN DE CLASSE NORMALE A,Psychomotriciens hors encadrement,Personnels de rééducation,Personnels des services de soins,MANQUANT,PSYCHOMOTRICIEN,REEDUCATION HORS CADRES,REEDUCATION HORS CADRES,PSYCHOMOTRICIEN,PSYCHOMOTRICIEN,REEDUCATION HORS CADRES,Personnel non médical,0,204
REEDUC,PH,PH,D,A,4127,2470,2400,28,13,32169201,N,67,,,,,2024,Qtr 1,février,15,N,O,PERSONNEL DE REEDUCATION,PERSONNEL HOSPITALIER,Personnel Hospitalier,PERSONNEL HOSPITALIER DIPLOME,CATEGORIE A,PSYCHOMOTRIC CLS A,PSYCHOMOTRICIEN DE CLASSE SUP A,Psychomotriciens hors encadrement,Personnels de rééducation,Personnels des services de soins,MANQUANT,PSYCHOMOTRICIEN,REEDUCATION HORS CADRES,REEDUCATION HORS CADRES,PSYCHOMOTRICIEN,PSYCHOMOTRICIEN,REEDUCATION HORS CADRES,Personnel non médical,0,34
REEDUC,PH,PH,D,A,4128,2430,2400,24,13,32150201,N,67,,,,,2024,Qtr 1,février,15,N,O,PERSONNEL DE REEDUCATION,PERSONNEL HOSPITALIER,Personnel Hospitalier,PERSONNEL HOSPITALIER DIPLOME,CATEGORIE A,ORTHOPHONIST CLN A,ORTHOPHONISTE DE CLASSE NORMALE A,Orthophonistes hors encadrement,Personnels de rééducation,Personnels des services de soins,MANQUANT,ORTHOPHONISTES,REEDUCATION HORS CADRES,REEDUCATION HORS CADRES,ORTHOPHONISTES,ORTHOPHONISTES,REEDUCATION HORS CADRES,Personnel non médical,0,273
REEDUC,PH,PH,D,A,4129,2430,2400,24,13,32150201,N,67,,,,,2024,Qtr 1,février,15,N,O,PERSONNEL DE REEDUCATION,PERSONNEL HOSPITALIER,Personnel Hospitalier,PERSONNEL HOSPITALIER DIPLOME,CATEGORIE A,ORTHOPHONIST CLS A,ORTHOPHONISTE DE CLASSE SUP A,Orthophonistes hors encadrement,Personnels de rééducation,Personnels des services de soins,MANQUANT,ORTHOPHONISTES,REEDUCATION HORS CADRES,REEDUCATION HORS CADRES,ORTHOPHONISTES,ORTHOPHONISTES,REEDUCATION HORS CADRES,Personnel non médical,0,45
REEDUC,PH,PH,D,A,4130,2410,2400,22,13,32090201,N,67,,,,,2024,Qtr 1,février,15,O,O,PERSONNEL DE REEDUCATION,PERSONNEL HOSPITALIER,Personnel Hospitalier,PERSONNEL HOSPITALIER DIPLOME,CATEGORIE A,MASS KINESIT CLN A,MASS KINESITHERAPEUTE CLASSE NORMALE A,Masseurs kinésithérapeutes hors encadrement,Personnels de rééducation,Personnels des services de soins,MANQUANT,MASSEUR KINESITH.,MKDE,MKDE,MASSEUR KINESITH.,MASSEUR KINESITHERAP,REEDUCATION HORS CADRES,Personnel non médical,811,1163
REEDUC,PH,PH,D,A,4131,2410,2400,22,13,32090201,N,67,,,,,2024,Qtr 1,février,15,O,O,PERSONNEL DE REEDUCATION,PERSONNEL HOSPITALIER,Personnel Hospitalier,PERSONNEL HOSPITALIER DIPLOME,CATEGORIE A,MASS KINESIT CLS A,MASS KINESITHERAPEUTE CLASSE SUPERIEURE A,Masseurs kinésithérapeutes hors encadrement,Personnels de rééducation,Personnels des services de soins,MANQUANT,MASSEUR KINESITH.,MKDE,MKDE,MASSEUR KINESITH.,MASSEUR KINESITHERAP,REEDUCATION HORS CADRES,Personnel non médical,119,143
REEDUC,PH,PH,D,A,4132,2430,2400,24,13,32150201,N,67,,,,,2024,Qtr 1,février,15,O,O,PERSONNEL DE REEDUCATION,PERSONNEL HOSPITALIER,Personnel Hospitalier,PERSONNEL HOSPITALIER DIPLOME,CATEGORIE A,ORTHOPHON CLN A,ORTHOPHONISTE CLASSE NORMALE A,Orthophonistes hors encadrement,Personnels de rééducation,Personnels des services de soins,MANQUANT,ORTHOPHONISTES,REEDUCATION HORS CADRES,REEDUCATION HORS CADRES,ORTHOPHONISTES,ORTHOPHONISTES,REEDUCATION HORS CADRES,Personnel non médical,247,335
REEDUC,PH,PH,D,A,4133,2430,2400,24,13,32150201,N,67,,,,,2024,Qtr 1,février,15,O,O,PERSONNEL DE REEDUCATION,PERSONNEL HOSPITALIER,Personnel Hospitalier,PERSONNEL HOSPITALIER DIPLOME,CATEGORIE A,ORTHOPHON CLS A,ORTHOPHONISTE CLASSE SUPERIEURE A,Orthophonistes hors encadrement,Personnels de rééducation,Personnels des services de soins,MANQUANT,ORTHOPHONISTES,REEDUCATION HORS CADRES,REEDUCATION HORS CADRES,ORTHOPHONISTES,ORTHOPHONISTES,REEDUCATION HORS CADRES,Personnel non médical,34,45
REEDUC,PH,PH,D,A,4134,2420,2400,23,13,32163201,N,67,,,,,2024,Qtr 1,février,15,O,O,PERSONNEL DE REEDUCATION,PERSONNEL HOSPITALIER,Personnel Hospitalier,PERSONNEL HOSPITALIER DIPLOME,CATEGORIE A,PEDIC PODO CLN A,PEDIC PODOLOGUE CLASSE NORMALE A,Pédicures - Podologues hors encadrement,Personnels de rééducation,Personnels des services de soins,MANQUANT,PEDICURE PODOLOGUE,REEDUCATION HORS CADRES,REEDUCATION HORS CADRES,PEDICURE PODOLOGUE,PEDICURE PODOLOGUE,REEDUCATION HORS CADRES,Personnel non médical,33,45
REEDUC,PH,PH,D,A,4135,2420,2400,23,13,32163201,N,67,,,,,2024,Qtr 1,février,15,O,O,PERSONNEL DE REEDUCATION,PERSONNEL HOSPITALIER,Personnel Hospitalier,PERSONNEL HOSPITALIER DIPLOME,CATEGORIE A,PEDIC PODO CLS A,PEDIC PODOLOGUE CLASSE SUPERIEURE A,Pédicures - Podologues hors encadrement,Personnels de rééducation,Personnels des services de soins,MANQUANT,PEDICURE PODOLOGUE,REEDUCATION HORS CADRES,REEDUCATION HORS CADRES,PEDICURE PODOLOGUE,PEDICURE PODOLOGUE,REEDUCATION HORS CADRES,Personnel non médical,5,7
REEDUC,PH,PH,D,A,4136,2460,2400,27,13,32166201,N,67,,,,,2024,Qtr 1,février,15,O,O,PERSONNEL DE REEDUCATION,PERSONNEL HOSPITALIER,Personnel Hospitalier,PERSONNEL HOSPITALIER DIPLOME,CATEGORIE A,ERGOTHERAP CLN A,ERGOTHERAPEUTE DE CLASSE NORMALE A,Ergothérapeutes hors encadrement,Personnels de rééducation,Personnels des services de soins,MANQUANT,ERGOTHERAPEUTE,REEDUCATION HORS CADRES,REEDUCATION HORS CADRES,ERGOTHERAPEUTE,ERGOTHERAPEUTE,REEDUCATION HORS CADRES,Personnel non médical,261,409
REEDUC,PH,PH,D,A,4137,2460,2400,27,13,32166201,N,67,,,,,2024,Qtr 1,février,15,O,O,PERSONNEL DE REEDUCATION,PERSONNEL HOSPITALIER,Personnel Hospitalier,PERSONNEL HOSPITALIER DIPLOME,CATEGORIE A,ERGOTHERAP CLS A,ERGOTHERAPEUTE DE CLASSE SUPERIEURE A,Ergothérapeutes hors encadrement,Personnels de rééducation,Personnels des services de soins,MANQUANT,ERGOTHERAPEUTE,REEDUCATION HORS CADRES,REEDUCATION HORS CADRES,ERGOTHERAPEUTE,ERGOTHERAPEUTE,REEDUCATION HORS CADRES,Personnel non médical,53,63
REEDUC,PH,PH,D,A,4138,2470,2400,28,13,32169201,N,67,,,,,2024,Qtr 1,février,15,O,O,PERSONNEL DE REEDUCATION,PERSONNEL HOSPITALIER,Personnel Hospitalier,PERSONNEL HOSPITALIER DIPLOME,CATEGORIE A,PSYCHOMOT CLN A,PSYCHOMOTRICIEN CLASSE NORMALE A,Psychomotriciens hors encadrement,Personnels de rééducation,Personnels des services de soins,MANQUANT,PSYCHOMOTRICIEN,REEDUCATION HORS CADRES,REEDUCATION HORS CADRES,PSYCHOMOTRICIEN,PSYCHOMOTRICIEN,REEDUCATION HORS CADRES,Personnel non médical,200,290
REEDUC,PH,PH,D,A,4139,2470,2400,28,13,32169201,N,67,,,,,2024,Qtr 1,février,15,O,O,PERSONNEL DE REEDUCATION,PERSONNEL HOSPITALIER,Personnel Hospitalier,PERSONNEL HOSPITALIER DIPLOME,CATEGORIE A,PSYCHOMOT CLS A,PSYCHOMOTRICIEN CLASSE SUPERIEURE A,Psychomotriciens hors encadrement,Personnels de rééducation,Personnels des services de soins,MANQUANT,PSYCHOMOTRICIEN,REEDUCATION HORS CADRES,REEDUCATION HORS CADRES,PSYCHOMOTRICIEN,PSYCHOMOTRICIEN,REEDUCATION HORS CADRES,Personnel non médical,27,33
REEDUC,PH,PH,D,A,4140,2440,2400,25,13,32140201,N,67,,,,,2024,Qtr 1,février,15,O,O,PERSONNEL DE REEDUCATION,PERSONNEL HOSPITALIER,Personnel Hospitalier,PERSONNEL HOSPITALIER DIPLOME,CATEGORIE A,ORTHOPTIST CLN A,ORTHOPTISTE CLASSE NORMALE A,Orthoptistes hors encadrement,Personnels de rééducation,Personnels des services de soins,MANQUANT,ORTHOPTISTES,REEDUCATION HORS CADRES,REEDUCATION HORS CADRES,ORTHOPTISTES,ORTHOPTISTES,REEDUCATION HORS CADRES,Personnel non médical,134,201
REEDUC,PH,PH,D,A,4141,2440,2400,25,13,32140201,N,67,,,,,2024,Qtr 1,février,15,O,O,PERSONNEL DE REEDUCATION,PERSONNEL HOSPITALIER,Personnel Hospitalier,PERSONNEL HOSPITALIER DIPLOME,CATEGORIE A,ORTHOPTIST CLS A,ORTHOPTISTE CLASSE SUPERIEURE A,Orthoptistes hors encadrement,Personnels de rééducation,Personnels des services de soins,MANQUANT,ORTHOPTISTES,REEDUCATION HORS CADRES,REEDUCATION HORS CADRES,ORTHOPTISTES,ORTHOPTISTES,REEDUCATION HORS CADRES,Personnel non médical,11,13
REEDUC,PH,PH,D,A,4154,2450,2400,26,13,32260201,N,67,,,,,2024,Qtr 1,février,15,O,O,PERSONNEL DE REEDUCATION,PERSONNEL HOSPITALIER,Personnel Hospitalier,PERSONNEL HOSPITALIER DIPLOME,CATEGORIE A,DIETETICIEN CLN A,DIETETICIEN CLN A,Diététiciens hors encadrement,Personnels de rééducation,Personnels des services de soins,MANQUANT,DIETETICIENNES,REEDUCATION HORS CADRES,REEDUCATION HORS CADRES,DIETETICIENNES,DIETETICIENNES,REEDUCATION HORS CADRES,Personnel non médical,431,550
REEDUC,PH,PH,D,A,4155,2450,2400,26,13,32260201,N,67,,,,,2024,Qtr 1,février,15,O,O,PERSONNEL DE REEDUCATION,PERSONNEL HOSPITALIER,Personnel Hospitalier,PERSONNEL HOSPITALIER DIPLOME,CATEGORIE A,DIETETICIEN CLS A,DIETETICIEN CLS A,Diététiciens hors encadrement,Personnels de rééducation,Personnels des services de soins,MANQUANT,DIETETICIENNES,REEDUCATION HORS CADRES,REEDUCATION HORS CADRES,DIETETICIENNES,DIETETICIENNES,REEDUCATION HORS CADRES,Personnel non médical,148,189
REEDUC,PH,PH,D,B,4102,2410,2400,22,13,32090201,N,67,,,,,2024,Qtr 1,février,15,N,O,PERSONNEL DE REEDUCATION,PERSONNEL HOSPITALIER,Personnel Hospitalier,PERSONNEL HOSPITALIER DIPLOME,CATEGORIE B,MASSEUR KINE CN,MASSEUR KINESITHERAPEUTE CLASSE NORMALE,Masseurs kinésithérapeutes hors encadrement,Personnels de rééducation,Personnels des services de soins,MANQUANT,MASSEUR KINESITH.,MKDE,MKDE,MASSEUR KINESITH.,MASSEUR KINESITHERAP,REEDUCATION HORS CADRES,Personnel non médical,0,311
REEDUC,PH,PH,D,B,4103,2410,2400,22,13,32090201,N,67,,,,,2024,Qtr 1,février,15,N,O,PERSONNEL DE REEDUCATION,PERSONNEL HOSPITALIER,Personnel Hospitalier,PERSONNEL HOSPITALIER DIPLOME,CATEGORIE B,MASSEUR KINE CS,MASSEUR KINESITHERAPEUTE CL SUPERIEURE,Masseurs kinésithérapeutes hors encadrement,Personnels de rééducation,Personnels des services de soins,MANQUANT,MASSEUR KINESITH.,MKDE,MKDE,MASSEUR KINESITH.,MASSEUR KINESITHERAP,REEDUCATION HORS CADRES,Personnel non médical,0,142
REEDUC,PH,PH,D,B,4106,2470,2400,28,13,32169201,N,67,,,,,2024,Qtr 1,février,15,N,O,PERSONNEL DE REEDUCATION,PERSONNEL HOSPITALIER,Personnel Hospitalier,PERSONNEL HOSPITALIER DIPLOME,CATEGORIE B,PSYCHOMOTRICIEN CN,PSYCHOMOTRICIEN CLASSE NORMALE,Psychomotriciens hors encadrement,Personnels de rééducation,Personnels des services de soins,MANQUANT,PSYCHOMOTRICIEN,REEDUCATION HORS CADRES,REEDUCATION HORS CADRES,PSYCHOMOTRICIEN,PSYCHOMOTRICIEN,REEDUCATION HORS CADRES,Personnel non médical,0,7
REEDUC,PH,PH,D,B,4108,2430,2400,24,13,32150201,N,67,,,,,2024,Qtr 1,février,15,N,O,PERSONNEL DE REEDUCATION,PERSONNEL HOSPITALIER,Personnel Hospitalier,PERSONNEL HOSPITALIER DIPLOME,CATEGORIE B,ORTHOPHONISTE CN,ORTHOPHONISTE CLASSE NORMALE,Orthophonistes hors encadrement,Personnels de rééducation,Personnels des services de soins,MANQUANT,ORTHOPHONISTES,REEDUCATION HORS CADRES,REEDUCATION HORS CADRES,ORTHOPHONISTES,ORTHOPHONISTES,REEDUCATION HORS CADRES,Personnel non médical,0,10
REEDUC,PH,PH,D,B,4110,2440,2400,25,13,32140201,N,67,,,,,2024,Qtr 1,février,15,N,O,PERSONNEL DE REEDUCATION,PERSONNEL HOSPITALIER,Personnel Hospitalier,PERSONNEL HOSPITALIER DIPLOME,CATEGORIE B,ORTHOPTISTE CN,ORTHOPTISTE CLASSE NORMALE,Orthoptistes hors encadrement,Personnels de rééducation,Personnels des services de soins,MANQUANT,ORTHOPTISTES,REEDUCATION HORS CADRES,REEDUCATION HORS CADRES,ORTHOPTISTES,ORTHOPTISTES,REEDUCATION HORS CADRES,Personnel non médical,0,3
REEDUC,PH,PH,D,B,4112,2450,2400,26,13,32260201,N,67,,,,,2024,Qtr 1,février,15,N,O,PERSONNEL DE REEDUCATION,PERSONNEL HOSPITALIER,Personnel Hospitalier,PERSONNEL HOSPITALIER DIPLOME,CATEGORIE B,DIETETICIEN CN,DIETETICIEN CLASSE NORMALE,Diététiciens hors encadrement,Personnels de rééducation,Personnels des services de soins,MANQUANT,DIETETICIENNES,REEDUCATION HORS CADRES,REEDUCATION HORS CADRES,DIETETICIENNES,DIETETICIENNES,REEDUCATION HORS CADRES,Personnel non médical,0,507
REEDUC,PH,PH,D,B,4113,2450,2400,26,13,32260201,N,67,,,,,2024,Qtr 1,février,15,N,O,PERSONNEL DE REEDUCATION,PERSONNEL HOSPITALIER,Personnel Hospitalier,PERSONNEL HOSPITALIER DIPLOME,CATEGORIE B,DIETETICIEN CS,DIETETICIEN CLASSE SUPERIEURE,Diététiciens hors encadrement,Personnels de rééducation,Personnels des services de soins,MANQUANT,DIETETICIENNES,REEDUCATION HORS CADRES,REEDUCATION HORS CADRES,DIETETICIENNES,DIETETICIENNES,REEDUCATION HORS CADRES,Personnel non médical,0,226
REEDUC,PH,PH,D,B,4142,2410,2400,22,13,32090201,N,67,,,,,2024,Qtr 1,février,15,O,O,PERSONNEL DE REEDUCATION,PERSONNEL HOSPITALIER,Personnel Hospitalier,PERSONNEL HOSPITALIER DIPLOME,CATEGORIE B,MK 1E GRD,MASSEUR KINESITHERAPEUTE 1ER GRADE,Masseurs kinésithérapeutes hors encadrement,Personnels de rééducation,Personnels des services de soins,MANQUANT,MASSEUR KINESITH.,MKDE,MKDE,MASSEUR KINESITH.,MASSEUR KINESITHERAP,REEDUCATION HORS CADRES,Personnel non médical,116,218
REEDUC,PH,PH,D,B,4143,2410,2400,22,13,32090201,N,67,,,,,2024,Qtr 1,février,15,O,O,PERSONNEL DE REEDUCATION,PERSONNEL HOSPITALIER,Personnel Hospitalier,PERSONNEL HOSPITALIER DIPLOME,CATEGORIE B,MK 2E GRD,MASSEUR KINESITHERAPEUTE 2E GRADE,Masseurs kinésithérapeutes hors encadrement,Personnels de rééducation,Personnels des services de soins,MANQUANT,MASSEUR KINESITH.,MKDE,MKDE,MASSEUR KINESITH.,MASSEUR KINESITHERAP,REEDUCATION HORS CADRES,Personnel non médical,36,109
REEDUC,PH,PH,D,B,4144,2460,2400,27,13,32166201,N,67,,,,,2024,Qtr 3,septembre,16,O,O,PERSONNEL DE REEDUCATION,PERSONNEL HOSPITALIER,Personnel Hospitalier,PERSONNEL HOSPITALIER DIPLOME,CATEGORIE B,ERGO 1E GRD,ERGOTHERAPEUTE 1ER GRADE,Ergothérapeutes hors encadrement,Personnels de rééducation,Personnels des services de soins,MANQUANT,ERGOTHERAPEUTE,REEDUCATION HORS CADRES,REEDUCATION HORS CADRES,ERGOTHERAPEUTE,ERGOTHERAPEUTE,REEDUCATION HORS CADRES,Personnel non médical,1,2
REEDUC,PH,PH,D,B,4146,2470,2400,28,13,32169201,N,67,,,,,2024,Qtr 1,février,15,O,O,PERSONNEL DE REEDUCATION,PERSONNEL HOSPITALIER,Personnel Hospitalier,PERSONNEL HOSPITALIER DIPLOME,CATEGORIE B,PSYCHOMOT 1E GRD,PSYCHOMOTRICIEN 1ER GRADE,Psychomotriciens hors encadrement,Personnels de rééducation,Personnels des services de soins,MANQUANT,PSYCHOMOTRICIEN,REEDUCATION HORS CADRES,REEDUCATION HORS CADRES,PSYCHOMOTRICIEN,PSYCHOMOTRICIEN,REEDUCATION HORS CADRES,Personnel non médical,2,3
REEDUC,PH,PH,D,B,4150,2440,2400,25,13,32140201,N,67,,,,,2024,Qtr 1,février,15,N,O,PERSONNEL DE REEDUCATION,PERSONNEL HOSPITALIER,Personnel Hospitalier,PERSONNEL HOSPITALIER DIPLÔME,CATEGORIE B,ORTHOPTI 1E GRD,ORTHOPTISTE 1ER GRADE,Orthoptistes hors encadrement,Personnels de rééducation,Personnels des services de soins,MANQUANT,ORTHOPTISTES,REEDUCATION HORS CADRES,REEDUCATION HORS CADRES,ORTHOPTISTES,ORTHOPTISTES,REEDUCATION HORS CADRES,Personnel non médical,0,1
REEDUC,PH,PH,D,B,4152,2420,2400,23,13,32163201,N,67,2025,Qtr 2,avril,14,2025,Qtr 2,avril,7,O,O,PERSONNEL DE REEDUCATION,PERSONNEL HOSPITALIER,Personnel Hospitalier,PERSONNEL HOSPITALIER DIPLOME,CATEGORIE B,PEDIC PODO 1E GRD,PEDICURE PODOLOGUE 1ER GRADE,Pédicures - Podologues hors encadrement,Personnels de rééducation,Personnels des services de soins,MANQUANT,PEDICURE PODOLOGUE,REEDUCATION HORS CADRES,REEDUCATION HORS CADRES,PEDICURE PODOLOGUE,PEDICURE PODOLOGUE,REEDUCATION HORS CADRES,Personnel non médical,1,1
REEDUC,PH,PH,D,B,4153,2420,2400,23,13,32163201,N,67,2025,Qtr 2,juin,2,2025,Qtr 2,avril,7,O,O,PERSONNEL DE REEDUCATION,PERSONNEL HOSPITALIER,Personnel Hospitalier,PERSONNEL HOSPITALIER DIPLOME,CATEGORIE B,PEDIC PODO 2E GRD,PEDICURE PODOLOGUE 2E GRADE,Pédicures - Podologues hors encadrement,Personnels de rééducation,Personnels des services de soins,MANQUANT,PEDICURE PODOLOGUE,REEDUCATION HORS CADRES,REEDUCATION HORS CADRES,PEDICURE PODOLOGUE,PEDICURE PODOLOGUE,REEDUCATION HORS CADRES,Personnel non médical,1,1
REEDUC,PH,PH,E,A,2025,2130,2100,8,6,32080202,N,66,,,,,2024,Qtr 1,février,15,O,O,PERSONNEL DE REEDUCATION,PERSONNEL HOSPITALIER,Personnel Hospitalier,PERSONNEL HOSPITALIER ENCADREMENT,CATEGORIE A,CADRE MK,CADRE DE SANTE MASSEUR KINESITHERAPEUTE,Surveillants des personnels de rééducation et autres personnels d'encadrement non infirmiers,Personnels d'encadrement (total),Personnels des services de soins,MANQUANT,CADRE KINE,CADRE ET CADRE SUP DE REEDUC,CADRE ET CADRE SUP DE REEDUC,CADRE KINE,CADRE DE SANTE MASSEUR KINESITHERAPEUTE,CADRE ET CADRE SUP DE REEDUC,Personnel non médical,2,11
REEDUC,PH,PH,E,A,2039,2130,2100,8,6,32070201,N,66,,,,,2024,Qtr 1,février,15,O,O,PERSONNEL DE REEDUCATION,PERSONNEL HOSPITALIER,Personnel Hospitalier,PERSONNEL HOSPITALIER ENCADREMENT,CATEGORIE A,CADRE SUP MK,CADRE SUP DE SANTE MASSEUR KINESITHERAPEUTE,Surveillants des personnels de rééducation et autres personnels d'encadrement non infirmiers,Personnels d'encadrement (total),Personnels des services de soins,MANQUANT,CADRE SUP KINE,CADRE ET CADRE SUP DE REEDUC,CADRE ET CADRE SUP DE REEDUC,CADRE SUP KINE,CADRE SUP DE SANTE MASSEUR KINESITHERAPEUTE,CADRE ET CADRE SUP DE REEDUC,Personnel non médical,1,2
REEDUC,PH,PH,E,A,2058,2130,2100,8,6,32080202,N,66,,,,,2024,Qtr 1,février,15,N,O,PERSONNEL DE REEDUCATION,PERSONNEL HOSPITALIER,Personnel Hospitalier,PERSONNEL HOSPITALIER ENCADREMENT,CATEGORIE A,CADRE MASSEUR KINE,MASSEUR KINESITHERAPEUTE CADRE DE SANTE,Surveillants des personnels de rééducation et autres personnels d'encadrement non infirmiers,Personnels d'encadrement (total),Personnels des services de soins,MANQUANT,CADRE KINE,CADRE ET CADRE SUP DE REEDUC,CADRE ET CADRE SUP DE REEDUC,CADRE KINE,CADRE DE SANTE MASSEUR KINESITHERAPEUTE,CADRE ET CADRE SUP DE REEDUC,Personnel non médical,0,12
REEDUC,PH,PH,E,A,2077,2130,2100,8,6,32163101,N,66,,,,,2024,Qtr 1,février,15,N,O,PERSONNEL DE REEDUCATION,PERSONNEL HOSPITALIER,Personnel Hospitalier,PERSONNEL HOSPITALIER ENCADREMENT,CATEGORIE A,PEDI PODO CS PARAM,PEDICURE PODOLOGUE CADRE DE SANTE PARAM,Surveillants des personnels de rééducation et autres personnels d'encadrement non infirmiers,Personnels d'encadrement (total),Personnels des services de soins,MANQUANT,CADRE PEDICURE,CADRE ET CADRE SUP DE REEDUC,CADRE ET CADRE SUP DE REEDUC,CADRE PEDICURE,CADRE DE SANTE PEDICURE PODOLOGUE,CADRE ET CADRE SUP DE REEDUC,Personnel non médical,0,2
REEDUC,PH,PH,E,A,2078,2130,2100,8,6,32080202,N,66,,,,,2024,Qtr 1,février,15,N,O,PERSONNEL DE REEDUCATION,PERSONNEL HOSPITALIER,Personnel Hospitalier,PERSONNEL HOSPITALIER ENCADREMENT,CATEGORIE A,MAS KINE CS PARAM,MASSEUR KINESITHE CADRE DE SANTE PARAM,Surveillants des personnels de rééducation et autres personnels d'encadrement non infirmiers,Personnels d'encadrement (total),Personnels des services de soins,MANQUANT,CADRE KINE,CADRE ET CADRE SUP DE REEDUC,CADRE ET CADRE SUP DE REEDUC,CADRE KINE,CADRE DE SANTE MASSEUR KINESITHERAPEUTE,CADRE ET CADRE SUP DE REEDUC,Personnel non médical,0,48
REEDUC,PH,PH,E,A,2079,2130,2100,8,6,32165202,N,66,,,,,2024,Qtr 1,février,15,N,O,PERSONNEL DE REEDUCATION,PERSONNEL HOSPITALIER,Personnel Hospitalier,PERSONNEL HOSPITALIER ENCADREMENT,CATEGORIE A,ERGO CS PARAM,ERGOTHERAPEUTE CADRE DE SANTE PARAM,Surveillants des personnels de rééducation et autres personnels d'encadrement non infirmiers,Personnels d'encadrement (total),Personnels des services de soins,MANQUANT,CADRE ERGOTHER.,CADRE ET CADRE SUP DE REEDUC,CADRE ET CADRE SUP DE REEDUC,CADRE ERGOTHER.,CADRE DE SANTE ERGOTHERAPEUTE,CADRE ET CADRE SUP DE REEDUC,Personnel non médical,0,5
REEDUC,PH,PH,E,A,2080,2130,2100,8,6,32168202,N,66,,,,,2024,Qtr 1,février,15,N,O,PERSONNEL DE REEDUCATION,PERSONNEL HOSPITALIER,Personnel Hospitalier,PERSONNEL HOSPITALIER ENCADREMENT,CATEGORIE A,PSYCHO CS PARAM,PSYCHOMOTRICIEN CADRE DE SANTE PARAM,Surveillants des personnels de rééducation et autres personnels d'encadrement non infirmiers,Personnels d'encadrement (total),Personnels des services de soins,MANQUANT,CADRE PSYCHOMOT.,CADRE ET CADRE SUP DE REEDUC,CADRE ET CADRE SUP DE REEDUC,CADRE PSYCHOMOT.,CADRE DE SANTE PSYCHOMOTRICIEN,CADRE ET CADRE SUP DE REEDUC,Personnel non médical,0,1
REEDUC,PH,PH,E,A,2081,2130,2100,8,6,32145212,N,66,,,,,2024,Qtr 1,février,15,N,O,PERSONNEL DE REEDUCATION,PERSONNEL HOSPITALIER,Personnel Hospitalier,PERSONNEL HOSPITALIER ENCADREMENT,CATEGORIE A,ORTHOPH CS PARAM,ORTHOPHONISTE CADRE DE SANTE PARAM,Surveillants des personnels de rééducation et autres personnels d'encadrement non infirmiers,Personnels d'encadrement (total),Personnels des services de soins,MANQUANT,CADRE ORTHOPHON.,CADRE ET CADRE SUP DE REEDUC,CADRE ET CADRE SUP DE REEDUC,CADRE ORTHOPHON.,CADRE DE SANTE ORTHOPHONISTE,CADRE ET CADRE SUP DE REEDUC,Personnel non médical,0,2
REEDUC,PH,PH,E,A,2082,2130,2100,8,6,32130212,N,66,,,,,2024,Qtr 1,février,15,N,O,PERSONNEL DE REEDUCATION,PERSONNEL HOSPITALIER,Personnel Hospitalier,PERSONNEL HOSPITALIER ENCADREMENT,CATEGORIE A,ORTHOTPIST CS PARA,ORTHOPTISTE CADRE DE SANTE PARAM,Surveillants des personnels de rééducation et autres personnels d'encadrement non infirmiers,Personnels d'encadrement (total),Personnels des services de soins,MANQUANT,CADRE ORTHOPTISTE,CADRE ET CADRE SUP DE REEDUC,CADRE ET CADRE SUP DE REEDUC,CADRE ORTHOPTISTE,CADRE DE SANTE ORTHOPTISTE,CADRE ET CADRE SUP DE REEDUC,Personnel non médical,0,2
REEDUC,PH,PH,E,A,2083,2130,2100,8,6,32250212,N,66,,,,,2024,Qtr 1,février,15,N,O,PERSONNEL DE REEDUCATION,PERSONNEL HOSPITALIER,Personnel Hospitalier,PERSONNEL HOSPITALIER ENCADREMENT,CATEGORIE A,DIETETI CS PARAM,DIETETICIEN CADRE DE SANTE PARAM,Surveillants des personnels de rééducation et autres personnels d'encadrement non infirmiers,Personnels d'encadrement (total),Personnels des services de soins,MANQUANT,CADRE DIET.,CADRE ET CADRE SUP DE REEDUC,CADRE ET CADRE SUP DE REEDUC,CADRE DIET.,CADRE DE SANTE DIETETICIENNE,CADRE ET CADRE SUP DE REEDUC,Personnel non médical,0,29
REEDUC,PH,PH,E,A,2091,2130,2100,8,6,32163101,N,66,,,,,2024,Qtr 1,février,15,O,O,PERSONNEL DE REEDUCATION,PERSONNEL HOSPITALIER,Personnel Hospitalier,PERSONNEL HOSPITALIER ENCADREMENT,CATEGORIE A,CS PARAM PEDI PODO,CADRE DE SANTE PARAM PEDICURE PODOLOGUE,Surveillants des personnels de rééducation et autres personnels d'encadrement non infirmiers,Personnels d'encadrement (total),Personnels des services de soins,MANQUANT,CADRE PEDICURE,CADRE ET CADRE SUP DE REEDUC,CADRE ET CADRE SUP DE REEDUC,CADRE PEDICURE,CADRE DE SANTE PEDICURE PODOLOGUE,CADRE ET CADRE SUP DE REEDUC,Personnel non médical,3,4
REEDUC,PH,PH,E,A,2092,2130,2100,8,6,32080202,N,66,,,,,2024,Qtr 1,février,15,O,O,PERSONNEL DE REEDUCATION,PERSONNEL HOSPITALIER,Personnel Hospitalier,PERSONNEL HOSPITALIER ENCADREMENT,CATEGORIE A,CS PARAM MAS KINE,CADRE DE SANTE PARAM MASSEUR KINESITHE,Surveillants des personnels de rééducation et autres personnels d'encadrement non infirmiers,Personnels d'encadrement (total),Personnels des services de soins,MANQUANT,CADRE KINE,CADRE ET CADRE SUP DE REEDUC,CADRE ET CADRE SUP DE REEDUC,CADRE KINE,CADRE DE SANTE MASSEUR KINESITHERAPEUTE,CADRE ET CADRE SUP DE REEDUC,Personnel non médical,26,48
REEDUC,PH,PH,E,A,2093,2130,2100,8,6,32165202,N,66,,,,,2024,Qtr 1,février,15,O,O,PERSONNEL DE REEDUCATION,PERSONNEL HOSPITALIER,Personnel Hospitalier,PERSONNEL HOSPITALIER ENCADREMENT,CATEGORIE A,CS PARAM ERGO,CADRE DE SANTE PARAM ERGOTHERAPEUTE,Surveillants des personnels de rééducation et autres personnels d'encadrement non infirmiers,Personnels d'encadrement (total),Personnels des services de soins,MANQUANT,CADRE ERGOTHER.,CADRE ET CADRE SUP DE REEDUC,CADRE ET CADRE SUP DE REEDUC,CADRE ERGOTHER.,CADRE DE SANTE ERGOTHERAPEUTE,CADRE ET CADRE SUP DE REEDUC,Personnel non médical,3,6
REEDUC,PH,PH,E,A,2094,2130,2100,8,6,32168202,N,66,,,,,2024,Qtr 1,février,15,O,O,PERSONNEL DE REEDUCATION,PERSONNEL HOSPITALIER,Personnel Hospitalier,PERSONNEL HOSPITALIER ENCADREMENT,CATEGORIE A,CS PARAM PSYCHO,CADRE DE SANTE PARAM PSYCHOMOTRICIEN,Surveillants des personnels de rééducation et autres personnels d'encadrement non infirmiers,Personnels d'encadrement (total),Personnels des services de soins,MANQUANT,CADRE PSYCHOMOT.,CADRE ET CADRE SUP DE REEDUC,CADRE ET CADRE SUP DE REEDUC,CADRE PSYCHOMOT.,CADRE DE SANTE PSYCHOMOTRICIEN,CADRE ET CADRE SUP DE REEDUC,Personnel non médical,1,2
REEDUC,PH,PH,E,A,2095,2130,2100,8,6,32145212,N,66,,,,,2024,Qtr 1,février,15,O,O,PERSONNEL DE REEDUCATION,PERSONNEL HOSPITALIER,Personnel Hospitalier,PERSONNEL HOSPITALIER ENCADREMENT,CATEGORIE A,CS PARAM ORTHOPH,CADRE DE SANTE PARAM ORTHOPHONISTE,Surveillants des personnels de rééducation et autres personnels d'encadrement non infirmiers,Personnels d'encadrement (total),Personnels des services de soins,MANQUANT,CADRE ORTHOPHON.,CADRE ET CADRE SUP DE REEDUC,CADRE ET CADRE SUP DE REEDUC,CADRE ORTHOPHON.,CADRE DE SANTE ORTHOPHONISTE,CADRE ET CADRE SUP DE REEDUC,Personnel non médical,4,4
REEDUC,PH,PH,E,A,2096,2130,2100,8,6,32130212,N,66,,,,,2024,Qtr 1,février,15,O,O,PERSONNEL DE REEDUCATION,PERSONNEL HOSPITALIER,Personnel Hospitalier,PERSONNEL HOSPITALIER ENCADREMENT,CATEGORIE A,CS PARAM ORTHOPT,CADRE DE SANTE PARAM ORTHOPTISTE,Surveillants des personnels de rééducation et autres personnels d'encadrement non infirmiers,Personnels d'encadrement (total),Personnels des services de soins,MANQUANT,CADRE ORTHOPTISTE,CADRE ET CADRE SUP DE REEDUC,CADRE ET CADRE SUP DE REEDUC,CADRE ORTHOPTISTE,CADRE DE SANTE ORTHOPTISTE,CADRE ET CADRE SUP DE REEDUC,Personnel non médical,2,3
REEDUC,PH,PH,E,A,2097,2130,2100,8,6,32250212,N,66,,,,,2024,Qtr 1,février,15,O,O,PERSONNEL DE REEDUCATION,PERSONNEL HOSPITALIER,Personnel Hospitalier,PERSONNEL HOSPITALIER ENCADREMENT,CATEGORIE A,CS PARAM DIETETI,CADRE DE SANTE PARAM DIETETICIEN,Surveillants des personnels de rééducation et autres personnels d'encadrement non infirmiers,Personnels d'encadrement (total),Personnels des services de soins,MANQUANT,CADRE DIET.,CADRE ET CADRE SUP DE REEDUC,CADRE ET CADRE SUP DE REEDUC,CADRE DIET.,CADRE DE SANTE DIETETICIENNE,CADRE ET CADRE SUP DE REEDUC,Personnel non médical,18,27
REEDUC,PH,PH,E,A,2158,2130,2100,8,6,32070201,N,66,,,,,2024,Qtr 1,février,15,N,O,PERSONNEL DE REEDUCATION,PERSONNEL HOSPITALIER,Personnel Hospitalier,PERSONNEL HOSPITALIER ENCADREMENT,CATEGORIE A,CADR SUP MASSEUR K,MASSEUR-KINESITHERAPEUTE CADRE SUP. DE SANTE,Surveillants des personnels de rééducation et autres personnels d'encadrement non infirmiers,Personnels d'encadrement (total),Personnels des services de soins,MANQUANT,CADRE SUP KINE,CADRE ET CADRE SUP DE REEDUC,CADRE ET CADRE SUP DE REEDUC,CADRE SUP KINE,CADRE SUP DE SANTE MASSEUR KINESITHERAPEUTE,CADRE ET CADRE SUP DE REEDUC,Personnel non médical,0,2
REEDUC,PH,PH,E,A,2178,2130,2100,8,6,32070201,N,66,,,,,2024,Qtr 1,février,15,N,O,PERSONNEL DE REEDUCATION,PERSONNEL HOSPITALIER,Personnel Hospitalier,PERSONNEL HOSPITALIER ENCADREMENT,CATEGORIE A,MAS KINE CSS PARAM,MASSEUR KINESITHE CADRE DE SANTE SUP PARAM,Surveillants des personnels de rééducation et autres personnels d'encadrement non infirmiers,Personnels d'encadrement (total),Personnels des services de soins,MANQUANT,CADRE SUP KINE,CADRE ET CADRE SUP DE REEDUC,CADRE ET CADRE SUP DE REEDUC,CADRE SUP KINE,CADRE SUP DE SANTE MASSEUR KINESITHERAPEUTE,CADRE ET CADRE SUP DE REEDUC,Personnel non médical,0,15
REEDUC,PH,PH,E,A,2179,2130,2100,8,6,32165101,N,66,,,,,2024,Qtr 1,février,15,N,O,PERSONNEL DE REEDUCATION,PERSONNEL HOSPITALIER,Personnel Hospitalier,PERSONNEL HOSPITALIER ENCADREMENT,CATEGORIE A,ERGO CSS PARAM,ERGOTHERAPEUTE CADRE DE SANTE SUP PARAM,Surveillants des personnels de rééducation et autres personnels d'encadrement non infirmiers,Personnels d'encadrement (total),Personnels des services de soins,MANQUANT,CADRE SUP ERGO,CADRE ET CADRE SUP DE REEDUC,CADRE ET CADRE SUP DE REEDUC,CADRE SUP ERGO,CADRE SUP DE SANTE ERGOTHERAPEUTE,CADRE ET CADRE SUP DE REEDUC,Personnel non médical,0,4
REEDUC,PH,PH,E,A,2180,2130,2100,8,6,32168101,N,66,,,,,2024,Qtr 1,février,15,N,O,PERSONNEL DE REEDUCATION,PERSONNEL HOSPITALIER,Personnel Hospitalier,PERSONNEL HOSPITALIER ENCADREMENT,CATEGORIE A,PSYCHO CSS PARAM,PSYCHOMOTRICIEN CADRE DE SANTE SUP PARAM,Surveillants des personnels de rééducation et autres personnels d'encadrement non infirmiers,Personnels d'encadrement (total),Personnels des services de soins,MANQUANT,CADRE SUP PSYCHO.,CADRE ET CADRE SUP DE REEDUC,CADRE ET CADRE SUP DE REEDUC,CADRE SUP PSYCHO.,CADRE SUPERIEUR DE SANTE PSYCHOMOTRICIEN,CADRE ET CADRE SUP DE REEDUC,Personnel non médical,0,1
REEDUC,PH,PH,E,A,2183,2130,2100,8,6,32250201,N,66,,,,,2024,Qtr 1,février,15,N,O,PERSONNEL DE REEDUCATION,PERSONNEL HOSPITALIER,Personnel Hospitalier,PERSONNEL HOSPITALIER ENCADREMENT,CATEGORIE A,DIETETI CSS PARAM,DIETETICIEN CADRE DE SANTE SUP PARAM,Surveillants des personnels de rééducation et autres personnels d'encadrement non infirmiers,Personnels d'encadrement (total),Personnels des services de soins,MANQUANT,CADRE SUP DIET.,CADRE ET CADRE SUP DE REEDUC,CADRE ET CADRE SUP DE REEDUC,CADRE SUP DIET.,CADRE SUP DE SANTE DIETETICIENNE,CADRE ET CADRE SUP DE REEDUC,Personnel non médical,0,8
REEDUC,PH,PH,E,A,2192,2130,2100,8,6,32070201,N,66,,,,,2024,Qtr 1,février,15,O,O,PERSONNEL DE REEDUCATION,PERSONNEL HOSPITALIER,Personnel Hospitalier,PERSONNEL HOSPITALIER ENCADREMENT,CATEGORIE A,CSS PARAM MAS KINE,CADRE DE SANTE SUP PARAM MASSEUR KINESITHE,Surveillants des personnels de rééducation et autres personnels d'encadrement non infirmiers,Personnels d'encadrement (total),Personnels des services de soins,MANQUANT,CADRE SUP KINE,CADRE ET CADRE SUP DE REEDUC,CADRE ET CADRE SUP DE REEDUC,CADRE SUP KINE,CADRE SUP DE SANTE MASSEUR KINESITHERAPEUTE,CADRE ET CADRE SUP DE REEDUC,Personnel non médical,9,20
REEDUC,PH,PH,E,A,2193,2130,2100,8,6,32165101,N,66,,,,,2024,Qtr 1,février,15,O,O,PERSONNEL DE REEDUCATION,PERSONNEL HOSPITALIER,Personnel Hospitalier,PERSONNEL HOSPITALIER ENCADREMENT,CATEGORIE A,CSS PARAM ERGO,CADRE DE SANTE SUP PARAM ERGOTHERAPEUTE,Surveillants des personnels de rééducation et autres personnels d'encadrement non infirmiers,Personnels d'encadrement (total),Personnels des services de soins,MANQUANT,CADRE SUP ERGO,CADRE ET CADRE SUP DE REEDUC,CADRE ET CADRE SUP DE REEDUC,CADRE SUP ERGO,CADRE SUP DE SANTE ERGOTHERAPEUTE,CADRE ET CADRE SUP DE REEDUC,Personnel non médical,2,6
REEDUC,PH,PH,E,A,2194,2130,2100,8,6,32168101,N,66,,,,,2024,Qtr 1,février,15,O,O,PERSONNEL DE REEDUCATION,PERSONNEL HOSPITALIER,Personnel Hospitalier,PERSONNEL HOSPITALIER ENCADREMENT,CATEGORIE A,CSS PARAM PSYCHO,CADRE DE SANTE SUP PARAM PSYCHOMOTRICIEN,Surveillants des personnels de rééducation et autres personnels d'encadrement non infirmiers,Personnels d'encadrement (total),Personnels des services de soins,MANQUANT,CADRE SUP PSYCHO.,CADRE ET CADRE SUP DE REEDUC,CADRE ET CADRE SUP DE REEDUC,CADRE SUP PSYCHO.,CADRE SUPERIEUR DE SANTE PSYCHOMOTRICIEN,CADRE ET CADRE SUP DE REEDUC,Personnel non médical,1,2
REEDUC,PH,PH,E,A,2196,2130,2100,8,6,32130201,N,66,,,,,2024,Qtr 1,février,15,O,O,PERSONNEL DE REEDUCATION,PERSONNEL HOSPITALIER,Personnel Hospitalier,PERSONNEL HOSPITALIER ENCADREMENT,CATEGORIE A,CSS PARA ORTHOPTIS,CADRE DE SANTE SUP PARAM ORTHOPTISTE,Surveillants des personnels de rééducation et autres personnels d'encadrement non infirmiers,Personnels d'encadrement (total),Personnels des services de soins,MANQUANT,CADRE SUP ORTHOPTI,CADRE ET CADRE SUP DE REEDUC,CADRE ET CADRE SUP DE REEDUC,CADRE SUP ORTHOPTI,CADRE SUP DE SANTE ORTHOPTISTE,CADRE ET CADRE SUP DE REEDUC,Personnel non médical,1,1
REEDUC,PH,PH,E,A,2197,2130,2100,8,6,32250201,N,66,,,,,2024,Qtr 1,février,15,O,O,PERSONNEL DE REEDUCATION,PERSONNEL HOSPITALIER,Personnel Hospitalier,PERSONNEL HOSPITALIER ENCADREMENT,CATEGORIE A,CSS PARAM DIETETI,CADRE DE SANTE SUP PARAM DIETETICIEN,Surveillants des personnels de rééducation et autres personnels d'encadrement non infirmiers,Personnels d'encadrement (total),Personnels des services de soins,MANQUANT,CADRE SUP DIET.,CADRE ET CADRE SUP DE REEDUC,CADRE ET CADRE SUP DE REEDUC,CADRE SUP DIET.,CADRE SUP DE SANTE DIETETICIENNE,CADRE ET CADRE SUP DE REEDUC,Personnel non médical,5,10
REEDUC,PH,PH,E,A,3092,2130,2100,8,6,32070201,N,66,,,,,2024,Qtr 1,février,15,O,O,PERSONNEL DE REEDUCATION,PERSONNEL HOSPITALIER,Personnel Hospitalier,PERSONNEL HOSPITALIER ENCADREMENT,CATEGORIE A,CS HC PARA MAS KIN,CADRE DE SANTE HORS CLASSE PARA MASSEUR KINE,Surveillants des personnels de rééducation et autres personnels d'encadrement non infirmiers,Personnels d'encadrement (total),Personnels des services de soins,MANQUANT,CADRE SUP KINE,CADRE ET CADRE SUP DE REEDUC,CADRE ET CADRE SUP DE REEDUC,CADRE SUP KINE,CADRE SUP DE SANTE MASSEUR KINESITHERAPEUTE,CADRE ET CADRE SUP DE REEDUC,Personnel non médical,2,4
REEDUC,PH,PH,E,A,3093,2130,2100,8,6,32165101,N,66,,,,,2024,Qtr 1,février,15,O,O,PERSONNEL DE REEDUCATION,PERSONNEL HOSPITALIER,Personnel Hospitalier,PERSONNEL HOSPITALIER ENCADREMENT,CATEGORIE A,CS HC PARAM ERGO,CADRE DE SANTE HORS CLASSE PARAMED ERGOTHE,Surveillants des personnels de rééducation et autres personnels d'encadrement non infirmiers,Personnels d'encadrement (total),Personnels des services de soins,MANQUANT,CADRE SUP ERGO,CADRE ET CADRE SUP DE REEDUC,CADRE ET CADRE SUP DE REEDUC,CADRE SUP ERGO,CADRE SUP DE SANTE ERGOTHERAPEUTE,CADRE ET CADRE SUP DE REEDUC,Personnel non médical,1,1
REEDUC,PH,PH,E,A,3094,2130,2100,8,6,32168101,N,66,,,,,2024,Qtr 4,octobre,7,O,O,PERSONNEL DE REEDUCATION,PERSONNEL HOSPITALIER,Personnel Hospitalier,PERSONNEL HOSPITALIER ENCADREMENT,CATEGORIE A,CS HC PARAM PSYCHO,CADRE DE SANTE HORS CLASSE PARAMED PSYCHOMOT,Surveillants des personnels de rééducation et autres personnels d'encadrement non infirmiers,Personnels d'encadrement (total),Personnels des services de soins,MANQUANT,CADRE SUP PSYCHO.,CADRE ET CADRE SUP DE REEDUC,CADRE ET CADRE SUP DE REEDUC,CADRE SUP PSYCHO.,CADRE SUPERIEUR DE SANTE PSYCHOMOTRICIEN,CADRE ET CADRE SUP DE REEDUC,Personnel non médical,1,1
REEDUC,PH,PH,E,A,3097,2130,2100,8,6,32250201,N,66,,,,,2024,Qtr 1,février,15,O,O,PERSONNEL DE REEDUCATION,PERSONNEL HOSPITALIER,Personnel Hospitalier,PERSONNEL HOSPITALIER ENCADREMENT,CATEGORIE A,CS HC PARAM DIETET,CADRE DE SANTE HORS CLASSE PARAM DIETETICIEN,Surveillants des personnels de rééducation et autres personnels d'encadrement non infirmiers,Personnels d'encadrement (total),Personnels des services de soins,MANQUANT,CADRE SUP DIET.,CADRE ET CADRE SUP DE REEDUC,CADRE ET CADRE SUP DE REEDUC,CADRE SUP DIET.,CADRE SUP DE SANTE DIETETICIENNE,CADRE ET CADRE SUP DE REEDUC,Personnel non médical,1,1
REEDUC,PH,PH,Q,B,2687,2480,2400,29,13,32090202,N,59,,,,,2024,Qtr 1,février,15,O,O,PERSONNEL DE REEDUCATION,PERSONNEL HOSPITALIER,Personnel Hospitalier,PERSONNEL HOSPITALIER QUALIFIE,CATEGORIE B,ETUD MASSEUR KINE,ETUDIANT MASSEUR KINESITHERAPEUTE,Autres emplois des services de rééducation,Personnels de rééducation,Personnels des services de soins,MANQUANT,ELEVE MASS.KINE,AUTRE PH,AUTRE PH,ELEVE MASS.KINE,ELEVE MASSEUR KINESITHERAPEUTE,AUTRE PH,Personnel non médical,548,772
ZZ,ZZ,ZZ,Z,Z,1997,2620,2600,18,10,39008201,N,59,,,,,2024,Qtr 1,février,15,O,O,MANQUANT,MANQUANT,MANQUANT,MANQUANT,MANQUANT,SERVICE CIVIQUE,SERVICE CIVIQUE,Autres personnels de service des services de soins,ASHQ et autres personnels de services,Personnels des services de soins,MANQUANT,CONT. EMPLOI SOLID,AUTRE PH,AUTRE PH,CONT. EMPLOI SOLID,CONT. EMPLOI SOLID.,AUTRE PH,Personnel non médical,259,2525
