CD_SEX,MATRIC
F,0000001
F,0000002
F,0000014
F,0000017
F,0000041
F,0000050
F,0000052
F,0000060
F,0000079
F,0000085
F,0000100
F,0000103
F,0000105
F,0000119
F,0000122
F,0000134
F,0000136
F,0000141
F,0000154
F,0000157
F,0000163
F,0000165
F,0000179
F,0000185
F,0000186
F,0000195
F,0000203
F,0000210
F,0000216
F,0000233
F,0000235
F,0000239
F,0000245
F,0000257
F,0000263
F,0000282
F,0000287
F,0000295
F,0000299
F,0000322
F,0000327
F,0000330
F,0000331
F,0000337
F,0000338
F,0000344
F,0000345
F,0000355
F,0000359
F,0000360
F,0000361
F,0000381
F,0000385
F,0000392
F,0000405
F,0000421
F,0000422
F,0000427
F,0000429
F,0000437
F,0000458
F,0000462
F,0000488
F,0000492
F,0000498
F,0000507
F,0000516
F,0000517
F,0000523
F,0000525
F,0000534
F,0000538
F,0000539
F,0000540
F,0000557
F,0000569
F,0000576
F,0000582
F,0000584
F,0000588
F,0000590
F,0000592
F,0000606
F,0000614
F,0000628
F,0000635
F,0000640
F,0000650
F,0000697
F,0000703
F,0000704
F,0000708
F,0000716
F,0000725
F,0000730
F,0000732
F,0000734
F,0000740
F,0000742
F,0000752
F,0000755
F,0000764
F,0000769
F,0000783
F,0000788
F,0000794
F,0000797
F,0000819
F,0000825
F,0000833
F,0000845
F,0000846
F,0000851
F,0000863
F,0000864
F,0000868
F,0000872
F,0000882
F,0000894
F,0000898
F,0000918
F,0000922
F,0000923
F,0000926
F,0000938
F,0000942
F,0000946
F,0000955
F,0000957
F,0000959
F,0000961
F,0000991
F,0001002
F,0001015
F,0001020
F,0001027
F,0001037
F,0001039
F,0001053
F,0001056
F,0001063
F,0001072
F,0001074
F,0001080
F,0001103
F,0001105
F,0001110
F,0001111
F,0001121
F,0001122
F,0001132
F,0001139
F,0001141
F,0001148
F,0001156
F,0001165
F,0001173
F,0001174
F,0001177
F,0001180
F,0001184
F,0001196
F,0001197
F,0001198
F,0001203
F,0001223
F,0001226
F,0001227
F,0001237
F,0001253
F,0001256
F,0001261
F,0001276
F,0001289
F,0001292
F,0001313
F,0001326
F,0001329
F,0001339
F,0001340
F,0001347
F,0001348
F,0001352
F,0001364
F,0001366
F,0001369
F,0001371
F,0001376
F,0001377
F,0001387
F,0001391
F,0001395
F,0001398
F,0001400
F,0001405
F,0001413
F,0001422
F,0001425
F,0001427
F,0001437
F,0001450
F,0001458
F,0001460
F,0001466
F,0001469
F,0001471
F,0001473
F,0001486
F,0001497
F,0001498
F,0001514
F,0001517
F,0001543
F,0001548
F,0001552
F,0001559
F,0001563
F,0001564
F,0001585
F,0001592
F,0001594
F,0001597
F,0001599
F,0001602
F,0001605
F,0001614
F,0001621
F,0001625
F,0001664
F,0001668
F,0001680
F,0001682
F,0001689
F,0001693
F,0001695
F,0001698
F,0001715
F,0001717
F,0001721
F,0001722
F,0001728
F,0001735
F,0001741
F,0001745
F,0001754
F,0001764
F,0001771
F,0001772
F,0001779
F,0001780
F,0001794
F,0001798
F,0001804
F,0001805
F,0001808
F,0001814
F,0001817
F,0001819
F,0001821
F,0001840
F,0001841
F,0001849
F,0001857
F,0001866
F,0001868
F,0001879
F,0001883
F,0001885
F,0001891
F,0001905
F,0001915
F,0001939
F,0001940
F,0001943
F,0001944
F,0001983
F,0002000
F,0002002
F,0002006
F,0002007
F,0002015
F,0002017
F,0002027
F,0002030
F,0002039
F,0002041
F,0002042
F,0002050
F,0002052
F,0002061
F,0002079
F,0002088
F,0002105
F,0002106
F,0002113
F,0002119
F,0002134
F,0002142
F,0002150
F,0002162
F,0002164
F,0002171
F,0002175
F,0002179
F,0002184
F,0002198
F,0002202
F,0002205
F,0002208
F,0002216
F,0002235
F,0002243
F,0002250
F,0002255
F,0002265
F,0002266
F,0002268
F,0002270
F,0002278
F,0002288
F,0002290
F,0002293
F,0002297
F,0002298
F,0002315
F,0002316
F,0002317
F,0002324
F,0002326
F,0002328
F,0002331
F,0002345
F,0002354
F,0002361
F,0002363
F,0002367
F,0002370
F,0002378
F,0002382
F,0002386
F,0002391
F,0002399
F,0002401
F,0002406
F,0002407
F,0002414
F,0002424
F,0002437
F,0002438
F,0002443
F,0002444
F,0002449
F,0002462
F,0002467
F,0002484
F,0002491
F,0002496
F,0002497
F,0002498
F,0002499
F,0002500
F,0002509
F,0002511
F,0002513
F,0002517
F,0002529
F,0002532
F,0002534
F,0002536
F,0002540
F,0002543
F,0002548
F,0002555
F,0002565
F,0002570
F,0002571
F,0002591
F,0002592
F,0002598
F,0002605
F,0002616
F,0002621
F,0002622
F,0002626
F,0002636
F,0002647
F,0002649
F,0002656
F,0002672
F,0002680
F,0002681
F,0002692
F,0002703
F,0002708
F,0002710
F,0002712
F,0002714
F,0002719
F,0002721
F,0002730
F,0002732
F,0002737
F,0002739
F,0002749
F,0002751
F,0002756
F,0002757
F,0002765
F,0002774
F,0002781
F,0002792
F,0002794
F,0002796
F,0002818
F,0002831
F,0002833
F,0002835
F,0002840
F,0002845
F,0002850
F,0002854
F,0002870
F,0002874
F,0002875
F,0002877
F,0002884
F,0002893
F,0002898
F,0002902
F,0002911
F,0002925
F,0002936
F,0002937
F,0002942
F,0002945
F,0002958
F,0002964
F,0002966
F,0002974
F,0002977
F,0002980
F,0002988
F,0002989
F,0003003
F,0003015
F,0003022
F,0003023
F,0003025
F,0003052
F,0003088
F,0003092
F,0003096
F,0003100
F,0003104
F,0003131
F,0003132
F,0003135
F,0003139
F,0003142
F,0003157
F,0003158
F,0003163
F,0003175
F,0003179
F,0003191
F,0003193
F,0003213
F,0003219
F,0003220
F,0003223
F,0003231
F,0003235
F,0003240
F,0003247
F,0003252
F,0003261
F,0003264
F,0003268
F,0003272
F,0003284
F,0003301
F,0003304
F,0003317
F,0003322
F,0003324
F,0003329
F,0003330
F,0003335
F,0003345
F,0003355
F,0003358
F,0003361
F,0003384
F,0003385
F,0003392
F,0003400
F,0003402
F,0003407
F,0003408
F,0003417
F,0003430
F,0003440
F,0003446
F,0003449
F,0003451
F,0003474
F,0003483
F,0003487
F,0003498
F,0003506
F,0003538
F,0003550
F,0003555
F,0003558
F,0003560
F,0003565
F,0003571
F,0003574
F,0003577
F,0003578
F,0003590
F,0003599
F,0003609
F,0003610
F,0003625
F,0003630
F,0003633
F,0003643
F,0003654
F,0003660
F,0003675
F,0003697
F,0003700
F,0003701
F,0003702
F,0003703
F,0003708
F,0003714
F,0003717
F,0003720
F,0003727
F,0003731
F,0003732
F,0003734
F,0003737
F,0003739
F,0003746
F,0003754
F,0003755
F,0003761
F,0003770
F,0003771
F,0003773
F,0003784
F,0003786
F,0003812
F,0003817
F,0003823
F,0003826
F,0003831
F,0003834
F,0003841
F,0003853
F,0003859
F,0003860
F,0003861
F,0003870
F,0003871
F,0003880
F,0003886
F,0003890
F,0003910
F,0003922
F,0003925
F,0003926
F,0003940
F,0003949
F,0003954
F,0003961
F,0003967
F,0003968
F,0003984
F,0003990
F,0003996
F,0004007
F,0004008
F,0004031
F,0004035
F,0004036
F,0004040
F,0004043
F,0004049
F,0004063
F,0004088
F,0004100
F,0004103
F,0004113
F,0004115
F,0004121
F,0004124
F,0004131
F,0004134
F,0004156
F,0004157
F,0004172
F,0004175
F,0004184
F,0004185
F,0004195
F,0004201
F,0004205
F,0004229
F,0004231
F,0004246
F,0004257
F,0004258
F,0004270
F,0004278
F,0004286
F,0004303
F,0004308
F,0004310
F,0004316
F,0004320
F,0004332
F,0004354
F,0004355
F,0004372
F,0004382
F,0004387
F,0004396
F,0004402
F,0004422
F,0004424
F,0004425
F,0004432
F,0004445
F,0004450
F,0004452
F,0004453
F,0004458
F,0004466
F,0004470
F,0004476
F,0004479
F,0004480
F,0004492
F,0004494
F,0004500
F,0004503
F,0004509
F,0004511
F,0004518
F,0004526
F,0004546
F,0004548
F,0004559
F,0004566
F,0004572
F,0004585
F,0004594
F,0004602
F,0004608
F,0004610
F,0004616
F,0004618
F,0004626
F,0004632
F,0004633
F,0004634
F,0004636
F,0004641
F,0004642
F,0004656
F,0004672
F,0004681
F,0004695
F,0004698
F,0004706
F,0004715
F,0004724
F,0004730
F,0004732
F,0004741
F,0004754
F,0004755
F,0004756
F,0004757
F,0004763
F,0004768
F,0004773
F,0004790
F,0004792
F,0004802
F,0004804
F,0004807
F,0004811
F,0004814
F,0004866
F,0004868
F,0004871
F,0004872
F,0004886
F,0004889
F,0004895
F,0004902
F,0004903
F,0004911
F,0004939
F,0004951
F,0004958
F,0004968
F,0004972
F,0004987
F,0004993
F,0004994
F,0004995
F,0005021
F,0005028
F,0005035
F,0005046
F,0005049
F,0005051
F,0005052
F,0005057
F,0005069
F,0005072
F,0005075
F,0005087
F,0005088
F,0005095
F,0005099
F,0005103
F,0005107
F,0005125
F,0005126
F,0005130
F,0005136
F,0005137
F,0005139
F,0005140
F,0005154
F,0005157
F,0005168
F,0005171
F,0005176
F,0005181
F,0005195
F,0005220
F,0005221
F,0005225
F,0005238
F,0005253
F,0005258
F,0005275
F,0005276
F,0005278
F,0005280
F,0005286
F,0005306
F,0005312
F,0005313
F,0005327
F,0005332
F,0005334
F,0005338
F,0005342
F,0005347
F,0005349
F,0005355
F,0005362
F,0005370
F,0005372
F,0005382
F,0005389
F,0005392
F,0005413
F,0005427
F,0005431
F,0005436
F,0005440
F,0005443
F,0005450
F,0005451
F,0005457
F,0005465
F,0005474
F,0005475
F,0005481
F,0005485
F,0005488
F,0005497
F,0005498
F,0005510
F,0005513
F,0005530
F,0005551
F,0005553
F,0005565
F,0005566
F,0005567
F,0005579
F,0005585
F,0005597
F,0005606
F,0005614
F,0005619
F,0005621
F,0005624
F,0005626
F,0005633
F,0005640
F,0005644
F,0005645
F,0005649
F,0005654
F,0005655
F,0005664
F,0005665
F,0005669
F,0005675
F,0005693
F,0005702
F,0005705
F,0005717
F,0005721
F,0005727
F,0005740
F,0005744
F,0005762
F,0005765
F,0005772
F,0005777
F,0005786
F,0005792
F,0005793
F,0005801
F,0005806
F,0005808
F,0005811
F,0005822
F,0005823
F,0005831
F,0005832
F,0005838
F,0005841
F,0005853
F,0005855
F,0005856
F,0005858
F,0005860
F,0005870
F,0005871
F,0005877
F,0005885
F,0005891
F,0005898
F,0005901
F,0005909
F,0005916
F,0005918
F,0005922
F,0005923
F,0005924
F,0005925
F,0005935
F,0005945
F,0005950
F,0005952
F,0005979
F,0006020
F,0006030
F,0006033
F,0006040
F,0006041
F,0006044
F,0006045
F,0006046
F,0006048
F,0006050
F,0006053
F,0006067
F,0006088
F,0006098
F,0006112
F,0006123
F,0006125
F,0006131
F,0006135
F,0006146
F,0006153
F,0006154
F,0006161
F,0006174
F,0006178
F,0006200
F,0006204
F,0006208
F,0006210
F,0006216
F,0006232
F,0006233
F,0006235
F,0006248
F,0006251
F,0006255
F,0006258
F,0006259
F,0006271
F,0006282
F,0006295
F,0006296
F,0006304
F,0006305
F,0006306
F,0006307
F,0006311
F,0006313
F,0006314
F,0006317
F,0006320
F,0006326
F,0006331
F,0006342
F,0006345
F,0006354
F,0006361
F,0006366
F,0006371
F,0006372
F,0006377
F,0006389
F,0006393
F,0006398
F,0006404
F,0006405
F,0006418
F,0006426
F,0006435
F,0006441
F,0006442
F,0006447
F,0006450
F,0006456
F,0006459
F,0006469
F,0006470
F,0006476
F,0006477
F,0006490
F,0006494
F,0006512
F,0006528
F,0006532
F,0006538
F,0006540
F,0006544
F,0006546
F,0006558
F,0006563
F,0006579
F,0006592
F,0006594
F,0006595
F,0006598
F,0006612
F,0006624
F,0006626
F,0006631
F,0006633
F,0006642
F,0006643
F,0006648
F,0006659
F,0006662
F,0006665
F,0006675
F,0006680
F,0006692
F,0006696
F,0006703
F,0006706
F,0006709
F,0006710
F,0006726
F,0006742
F,0006756
F,0006758
F,0006785
F,0006792
F,0006795
F,0006798
F,0006801
F,0006804
F,0006807
F,0006817
F,0006820
F,0006821
F,0006828
F,0006833
F,0006835
F,0006839
F,0006843
F,0006847
F,0006849
F,0006855
F,0006860
F,0006863
F,0006870
F,0006877
F,0006881
F,0006899
F,0006907
F,0006924
F,0006930
F,0006947
F,0006948
F,0006951
F,0006959
F,0006969
F,0006972
F,0006976
F,0006994
F,0006995
F,0007006
F,0007012
F,0007014
F,0007015
F,0007017
F,0007030
F,0007037
F,0007039
F,0007047
F,0007052
F,0007087
F,0007098
F,0007106
F,0007111
F,0007116
F,0007120
F,0007124
F,0007130
F,0007132
F,0007135
F,0007143
F,0007147
F,0007152
F,0007164
F,0007170
F,0007171
F,0007177
F,0007183
F,0007186
F,0007195
F,0007196
F,0007198
F,0007202
F,0007206
F,0007229
F,0007240
F,0007253
F,0007256
F,0007257
F,0007258
F,0007261
F,0007270
F,0007276
F,0007306
F,0007319
F,0007320
F,0007321
F,0007325
F,0007329
F,0007330
F,0007335
F,0007337
F,0007354
F,0007367
F,0007368
F,0007369
F,0007371
F,0007378
F,0007380
F,0007382
F,0007388
F,0007396
F,0007413
F,0007424
F,0007428
F,0007431
F,0007433
F,0007441
F,0007452
F,0007466
F,0007470
F,0007471
F,0007479
F,0007510
F,0007511
F,0007512
F,0007517
F,0007525
F,0007532
F,0007543
F,0007549
F,0007557
F,0007561
F,0007567
F,0007576
F,0007580
F,0007582
F,0007583
F,0007586
F,0007588
F,0007592
F,0007594
F,0007596
F,0007600
F,0007611
F,0007626
F,0007633
F,0007636
F,0007642
F,0007646
F,0007647
F,0007652
F,0007658
F,0007659
F,0007661
F,0007663
F,0007669
F,0007671
F,0007690
F,0007698
F,0007705
F,0007709
F,0007715
F,0007723
F,0007742
F,0007746
F,0007749
F,0007758
F,0007759
F,0007760
F,0007786
F,0007788
F,0007789
F,0007796
F,0007798
F,0007807
F,0007818
F,0007833
F,0007840
F,0007847
F,0007848
F,0007853
F,0007854
F,0007855
F,0007857
F,0007869
F,0007876
F,0007889
F,0007902
F,0007919
F,0007920
F,0007923
F,0007924
F,0007927
F,0007932
F,0007936
F,0007948
F,0007954
F,0007963
F,0007981
F,0007987
F,0007989
F,0008001
F,0008003
F,0008008
F,0008010
F,0008013
F,0008017
F,0008018
F,0008033
F,0008045
F,0008062
F,0008063
F,0008067
F,0008083
F,0008090
F,0008099
F,0008112
F,0008121
F,0008123
F,0008140
F,0008143
F,0008145
F,0008161
F,0008162
F,0008170
F,0008171
F,0008174
F,0008175
F,0008189
F,0008193
F,0008203
F,0008206
F,0008216
F,0008237
F,0008243
F,0008256
F,0008263
F,0008276
F,0008285
F,0008288
F,0008302
F,0008314
F,0008318
F,0008325
F,0008327
F,0008331
F,0008358
F,0008359
F,0008361
F,0008366
F,0008371
F,0008375
F,0008386
F,0008388
F,0008389
F,0008393
F,0008397
F,0008428
F,0008434
F,0008439
F,0008450
F,0008454
F,0008462
F,0008463
F,0008479
F,0008482
F,0008487
F,0008488
F,0008492
F,0008496
F,0008506
F,0008516
F,0008523
F,0008524
F,0008530
F,0008538
F,0008540
F,0008546
F,0008547
F,0008548
F,0008553
F,0008557
F,0008563
F,0008566
F,0008569
F,0008573
F,0008581
F,0008585
F,0008595
F,0008605
F,0008608
F,0008622
F,0008626
F,0008632
F,0008640
F,0008655
F,0008665
F,0008668
F,0008670
F,0008682
F,0008686
F,0008693
F,0008699
F,0008702
F,0008704
F,0008719
F,0008721
F,0008731
F,0008733
F,0008734
F,0008735
F,0008736
F,0008737
F,0008746
F,0008750
F,0008758
F,0008759
F,0008772
F,0008773
F,0008780
F,0008782
F,0008798
F,0008814
F,0008824
F,0008825
F,0008866
F,0008868
F,0008885
F,0008886
F,0008893
F,0008935
F,0008947
F,0008956
F,0008963
F,0008969
F,0008972
F,0008983
F,0008986
F,0008987
F,0008995
F,0009002
F,0009004
F,0009024
F,0009025
F,0009027
F,0009032
F,0009048
F,0009069
F,0009073
F,0009079
F,0009111
F,0009121
F,0009131
F,0009143
F,0009147
F,0009153
F,0009158
F,0009171
F,0009189
F,0009199
F,0009201
F,0009210
F,0009215
F,0009224
F,0009239
F,0009247
F,0009265
F,0009294
F,0009299
F,0009307
F,0009315
F,0009320
F,0009326
F,0009330
F,0009331
F,0009355
F,0009386
F,0009397
F,0009448
F,0009476
F,0009485
F,0009499
F,0009513
F,0009522
F,0009532
F,0009549
F,0009551
F,0009580
F,0009599
F,0009603
F,0009605
F,0009612
F,0009621
F,0009626
F,0009629
F,0009630
F,0009637
F,0009643
F,0009648
F,0009669
F,0009673
F,0009698
F,0009708
F,0009730
F,0009743
F,0009756
F,0009763
F,0009768
F,0009774
F,0009779
F,0009780
F,0009800
F,0009809
F,0009811
F,0009825
F,0009827
F,0009830
F,0009837
F,0009858
F,0009867
F,0009868
F,0009871
F,0009889
F,0009900
F,0009903
F,0009911
F,0009918
F,0009931
F,0009948
F,0009957
F,0009977
F,0010000
F,0010004
F,0010006
F,0010012
F,0010024
F,0010027
F,0010028
F,0010033
F,0010047
F,0010050
F,0010053
F,0010089
F,0010092
F,0010098
F,0010107
F,0010112
F,0010115
F,0010121
F,0010122
F,0010125
F,0010146
F,0010160
F,0010162
F,0010177
F,0010187
F,0010198
F,0010224
F,0010225
F,0010229
F,0010241
F,0010256
F,0010268
F,0010271
F,0010287
F,0010311
F,0010321
F,0010324
F,0010352
F,0010371
F,0010373
F,0010386
F,0010394
F,0010397
F,0010421
F,0010445
F,0010447
F,0010452
F,0010454
F,0010461
F,0010462
F,0010469
F,0010470
F,0010481
F,0010489
F,0010492
F,0010500
F,0010528
F,0010535
F,0010541
F,0010546
F,0010553
F,0010557
F,0010562
F,0010563
F,0010586
F,0010590
F,0010614
F,0010622
F,0010627
F,0010631
F,0010645
F,0010647
F,0010661
F,0010664
F,0010687
F,0010689
F,0010704
F,0010707
F,0010714
F,0010717
F,0010722
F,0010740
F,0010757
F,0010799
F,0010804
F,0010805
F,0010806
F,0010808
F,0010857
F,0010858
F,0010865
F,0010872
F,0010878
F,0010896
F,0010897
F,0010907
F,0010913
F,0010926
F,0010932
F,0010941
F,0010948
F,0010949
F,0010950
F,0010958
F,0010976
F,0010990
F,0011035
F,0011042
F,0011046
F,0011048
F,0011054
F,0011058
F,0011074
F,0011083
F,0011089
F,0011090
F,0011098
F,0011109
F,0011112
F,0011116
F,0011117
F,0011120
F,0011130
F,0011137
F,0011140
F,0011157
F,0011165
F,0011172
F,0011193
F,0011197
F,0011211
F,0011212
F,0011217
F,0011219
F,0011222
F,0011228
F,0011254
F,0011308
F,0011316
F,0011317
F,0011319
F,0011329
F,0011353
F,0011372
F,0011399
F,0011413
F,0011423
F,0011430
F,0011459
F,0011460
F,0011462
F,0011465
F,0011480
F,0011491
F,0011493
F,0011494
F,0011515
F,0011519
F,0011521
F,0011523
F,0011562
F,0011571
F,0011589
F,0011590
F,0011596
F,0011599
F,0011601
F,0011602
F,0011646
F,0011649
F,0011656
F,0011657
F,0011660
F,0011703
F,0011708
F,0011719
F,0011725
F,0011740
F,0011749
F,0011766
F,0011781
F,0011784
F,0011786
F,0011802
F,0011809
F,0011831
F,0011837
F,0011843
F,0011852
F,0011855
F,0011871
F,0011908
F,0011925
F,0011926
F,0011940
F,0011943
F,0011946
F,0011958
F,0011965
F,0011969
F,0012011
F,0012012
F,0012019
F,0012022
F,0012028
F,0012031
F,0012048
F,0012050
F,0012055
F,0012057
F,0012076
F,0012083
F,0012087
F,0012089
F,0012104
F,0012113
F,0012149
F,0012157
F,0012180
F,0012228
F,0012245
F,0012247
F,0012250
F,0012252
F,0012254
F,0012259
F,0012267
F,0012271
F,0012276
F,0012289
F,0012298
F,0012311
F,0012313
F,0012320
F,0012322
F,0012327
F,0012333
F,0012342
F,0012355
F,0012368
F,0012372
F,0012393
F,0012403
F,0012410
F,0012413
F,0012421
F,0012429
F,0012471
F,0012501
F,0012504
F,0012506
F,0012512
F,0012524
F,0012527
F,0012564
F,0012575
F,0012581
F,0012590
F,0012593
F,0012602
F,0012605
F,0012635
F,0012637
F,0012646
F,0012651
F,0012675
F,0012682
F,0012683
F,0012702
F,0012710
F,0012724
F,0012752
F,0012760
F,0012787
F,0012800
F,0012805
F,0012815
F,0012820
F,0012825
F,0012838
F,0012840
F,0012853
F,0012856
F,0012872
F,0012903
F,0012913
F,0012916
F,0012928
F,0012929
F,0012939
F,0012956
F,0012957
F,0012962
F,0012979
F,0013005
F,0013010
F,0013038
F,0013040
F,0013041
F,0013056
F,0013061
F,0013085
F,0013088
F,0013094
F,0013107
F,0013109
F,0013111
F,0013125
F,0013126
F,0013135
F,0013142
F,0013162
F,0013164
F,0013184
F,0013187
F,0013195
F,0013206
F,0013214
F,0013239
F,0013248
F,0013252
F,0013255
F,0013262
F,0013279
F,0013281
F,0013283
F,0013308
F,0013316
F,0013317
F,0013323
F,0013338
F,0013342
F,0013347
F,0013371
F,0013372
F,0013378
F,0013397
F,0013405
F,0013413
F,0013422
F,0013435
F,0013442
F,0013461
F,0013475
F,0013482
F,0013483
F,0013484
F,0013488
F,0013498
F,0013500
F,0013502
F,0013504
F,0013507
F,0013510
F,0013515
F,0013547
F,0013551
F,0013563
F,0013566
F,0013577
F,0013585
F,0013587
F,0013600
F,0013603
F,0013625
F,0013628
F,0013657
F,0013666
F,0013668
F,0013681
F,0013695
F,0013706
F,0013709
F,0013714
F,0013715
F,0013725
F,0013743
F,0013749
F,0013750
F,0013771
F,0013776
F,0013779
F,0013786
F,0013796
F,0013800
F,0013806
F,0013822
F,0013837
F,0013854
F,0013855
F,0013870
F,0013873
F,0013877
F,0013888
F,0013891
F,0013900
F,0013913
F,0013921
F,0013941
F,0013955
F,0013969
F,0013971
F,0013975
F,0013987
F,0014000
F,0014014
F,0014039
F,0014042
F,0014047
F,0014059
F,0014071
F,0014082
F,0014097
F,0014107
F,0014118
F,0014129
F,0014144
F,0014188
F,0014196
F,0014210
F,0014211
F,0014250
F,0014254
F,0014264
F,0014268
F,0014273
F,0014312
F,0014319
F,0014346
F,0014356
F,0014365
F,0014386
F,0014397
F,0014428
F,0014429
F,0014431
F,0014433
F,0014436
F,0014444
F,0014462
F,0014484
F,0014495
F,0014497
F,0014504
F,0014517
F,0014523
F,0014538
F,0014549
F,0014556
F,0014559
F,0014561
F,0014571
F,0014602
F,0014607
F,0014609
F,0014628
F,0014630
F,0014631
F,0014654
F,0014703
F,0014710
F,0014712
F,0014716
F,0014729
F,0014730
F,0014741
F,0014765
F,0014767
F,0014770
F,0014783
F,0014795
F,0014806
F,0014811
F,0014847
F,0014883
F,0014886
F,0014904
F,0014913
F,0014919
F,0014923
F,0014926
F,0014972
F,0014983
F,0015006
F,0015014
F,0015017
F,0015019
F,0015025
F,0015046
F,0015054
F,0015066
F,0015069
F,0015077
F,0015122
F,0015136
F,0015146
F,0015147
F,0015151
F,0015173
F,0015186
F,0015189
F,0015191
F,0015203
F,0015207
F,0015216
F,0015226
F,0015248
F,0015287
F,0015294
F,0015302
F,0015310
F,0015320
F,0015365
F,0015366
F,0015368
F,0015377
F,0015380
F,0015382
F,0015397
F,0015401
F,0015407
F,0015414
F,0015420
F,0015424
F,0015429
F,0015434
F,0015453
F,0015470
F,0015476
F,0015488
F,0015497
F,0015533
F,0015536
F,0015541
F,0015549
F,0015560
F,0015561
F,0015564
F,0015565
F,0015581
F,0015584
F,0015586
F,0015594
F,0015597
F,0015625
F,0015645
F,0015686
F,0015699
F,0015701
F,0015707
F,0015708
F,0015722
F,0015729
F,0015748
F,0015751
F,0015771
F,0015773
F,0015779
F,0015789
F,0015795
F,0015803
F,0015816
F,0015827
F,0015829
F,0015832
F,0015837
F,0015853
F,0015870
F,0015911
F,0015915
F,0015917
F,0015928
F,0015930
F,0015946
F,0015963
F,0015974
F,0016001
F,0016007
F,0016015
F,0016016
F,0016023
F,0016030
F,0016044
F,0016064
F,0016080
F,0016085
F,0016087
F,0016099
F,0016106
F,0016115
F,0016145
F,0016170
F,0016171
F,0016173
F,0016175
F,0016193
F,0016210
F,0016214
F,0016220
F,0016240
F,0016250
F,0016265
F,0016268
F,0016274
F,0016278
F,0016306
F,0016309
F,0016323
F,0016347
F,0016349
F,0016367
F,0016373
F,0016406
F,0016409
F,0016425
F,0016452
F,0016484
F,0016487
F,0016494
F,0016504
F,0016511
F,0016514
F,0016516
F,0016547
F,0016552
F,0016554
F,0016560
F,0016572
F,0016595
F,0016607
F,0016608
F,0016614
F,0016619
F,0016622
F,0016664
F,0016668
F,0016669
F,0016676
F,0016683
F,0016697
F,0016700
F,0016745
F,0016757
F,0016769
F,0016778
F,0016780
F,0016790
F,0016802
F,0016825
F,0016830
F,0016833
F,0016835
F,0016844
F,0016858
F,0016861
F,0016864
F,0016866
F,0016867
F,0016874
F,0016879
F,0016901
F,0016903
F,0016906
F,0016924
F,0016943
F,0016946
F,0016974
F,0016998
F,0017000
F,0017007
F,0017010
F,0017025
F,0017038
F,0017040
F,0017041
F,0017060
F,0017069
F,0017083
F,0017087
F,0017093
F,0017102
F,0017106
F,0017109
F,0017118
F,0017124
F,0017132
F,0017167
F,0017175
F,0017179
F,0017183
F,0017195
F,0017207
F,0017264
F,0017266
F,0017271
F,0017272
F,0017279
F,0017285
F,0017286
F,0017287
F,0017289
F,0017290
F,0017310
F,0017317
F,0017354
F,0017377
F,0017388
F,0017389
F,0017399
F,0017408
F,0017415
F,0017437
F,0017444
F,0017449
F,0017480
F,0017483
F,0017486
F,0017487
F,0017496
F,0017519
F,0017532
F,0017551
F,0017553
F,0017554
F,0017575
F,0017576
F,0017579
F,0017581
F,0017589
F,0017597
F,0017599
F,0017634
F,0017656
F,0017677
F,0017685
F,0017692
F,0017710
F,0017714
F,0017718
F,0017721
F,0017729
F,0017730
F,0017733
F,0017745
F,0017746
F,0017768
F,0017775
F,0017781
F,0017796
F,0017801
F,0017804
F,0017813
F,0017852
F,0017856
F,0017886
F,0017909
F,0017922
F,0017929
F,0017933
F,0017973
F,0017978
F,0017996
F,0018000
F,0018015
F,0018018
F,0018029
F,0018051
F,0018061
F,0018068
F,0018079
F,0018092
F,0018097
F,0018101
F,0018118
F,0018120
F,0018123
F,0018138
F,0018139
F,0018142
F,0018155
F,0018176
F,0018180
F,0018181
F,0018189
F,0018197
F,0018200
F,0018205
F,0018210
F,0018229
F,0018235
F,0018244
F,0018246
F,0018250
F,0018252
F,0018272
F,0018292
F,0018318
F,0018351
F,0018369
F,0018381
F,0018396
F,0018403
F,0018416
F,0018422
F,0018423
F,0018432
F,0018438
F,0018447
F,0018455
F,0018458
F,0018481
F,0018486
F,0018492
F,0018507
F,0018509
F,0018515
F,0018527
F,0018531
F,0018540
F,0018545
F,0018546
F,0018549
F,0018557
F,0018563
F,0018570
F,0018578
F,0018582
F,0018586
F,0018628
F,0018635
F,0018639
F,0018641
F,0018650
F,0018661
F,0018685
F,0018686
F,0018706
F,0018716
F,0018730
F,0018741
F,0018744
F,0018747
F,0018765
F,0018781
F,0018782
F,0018801
F,0018813
F,0018818
F,0018834
F,0018835
F,0018844
F,0018880
F,0018886
F,0018893
F,0018902
F,0018906
F,0018908
F,0018909
F,0018914
F,0018929
F,0018962
F,0018973
F,0018999
F,0019000
F,0019005
F,0019023
F,0019030
F,0019042
F,0019053
F,0019062
F,0019079
F,0019083
F,0019087
F,0019089
F,0019102
F,0019104
F,0019105
F,0019111
F,0019118
F,0019122
F,0019125
F,0019135
F,0019137
F,0019140
F,0019141
F,0019158
F,0019184
F,0019186
F,0019191
F,0019198
F,0019239
F,0019241
F,0019252
F,0019265
F,0019284
F,0019293
F,0019306
F,0019318
F,0019329
F,0019343
F,0019384
F,0019436
F,0019472
F,0019473
F,0019487
F,0019517
F,0019525
F,0019532
F,0019549
F,0019556
F,0019558
F,0019565
F,0019569
F,0019573
F,0019582
F,0019588
F,0019592
F,0019598
F,0019605
F,0019617
F,0019619
F,0019626
F,0019657
F,0019659
F,0019673
F,0019678
F,0019698
F,0019705
F,0019724
F,0019729
F,0019741
F,0019748
F,0019750
F,0019761
F,0019767
F,0019788
F,0019793
F,0019806
F,0019808
F,0019824
F,0019826
F,0019827
F,0019829
F,0019834
F,0019850
F,0019872
F,0019873
F,0019884
F,0019885
F,0019890
F,0019904
F,0019924
F,0019928
F,0019930
F,0019961
F,0019962
F,0019999
F,0020016
F,0020023
F,0020027
F,0020028
F,0020029
F,0020051
F,0020056
F,0020063
F,0020067
F,0020087
F,0020090
F,0020104
F,0020111
F,0020120
F,0020123
F,0020145
F,0020146
F,0020163
F,0020164
F,0020167
F,0020176
F,0020177
F,0020195
F,0020215
F,0020221
F,0020228
F,0020238
F,0020241
F,0020252
F,0020264
F,0020281
F,0020284
F,0020290
F,0020291
F,0020310
F,0020316
F,0020320
F,0020321
F,0020352
F,0020369
F,0020370
F,0020393
F,0020401
F,0020411
F,0020418
F,0020432
F,0020436
F,0020439
F,0020457
F,0020471
F,0020479
F,0020481
F,0020504
F,0020508
F,0020513
F,0020515
F,0020544
F,0020557
F,0020566
F,0020570
F,0020593
F,0020594
F,0020609
F,0020610
F,0020637
F,0020639
F,0020645
F,0020674
F,0020689
F,0020693
F,0020696
F,0020700
F,0020706
F,0020741
F,0020756
F,0020758
F,0020812
F,0020842
F,0020849
F,0020853
F,0020877
F,0020915
F,0020916
F,0020917
F,0020940
F,0020941
F,0020968
F,0020994
F,0021005
F,0021016
F,0021062
F,0021067
F,0021073
F,0021097
F,0021114
F,0021118
F,0021120
F,0021121
F,0021132
F,0021142
F,0021144
F,0021146
F,0021147
F,0021151
F,0021167
F,0021181
F,0021184
F,0021189
F,0021195
F,0021199
F,0021240
F,0021242
F,0021243
F,0021253
F,0021282
F,0021312
F,0021322
F,0021333
F,0021352
F,0021365
F,0021370
F,0021376
F,0021384
F,0021394
F,0021395
F,0021455
F,0021457
F,0021462
F,0021464
F,0021466
F,0021473
F,0021480
F,0021481
F,0021488
F,0021532
F,0021555
F,0021578
F,0021598
F,0021621
F,0021626
F,0021628
F,0021643
F,0021650
F,0021651
F,0021653
F,0021672
F,0021695
F,0021697
F,0021698
F,0021711
F,0021719
F,0021733
F,0021738
F,0021744
F,0021746
F,0021772
F,0021804
F,0021825
F,0021838
F,0021858
F,0021861
F,0021868
F,0021887
F,0021890
F,0021895
F,0021898
F,0021899
F,0021902
F,0021904
F,0021972
F,0021993
F,0022038
F,0022051
F,0022070
F,0022075
F,0022083
F,0022101
F,0022104
F,0022110
F,0022114
F,0022124
F,0022125
F,0022133
F,0022135
F,0022136
F,0022159
F,0022163
F,0022174
F,0022186
F,0022187
F,0022191
F,0022195
F,0022196
F,0022207
F,0022210
F,0022224
F,0022270
F,0022285
F,0022299
F,0022301
F,0022309
F,0022322
F,0022325
F,0022346
F,0022347
F,0022352
F,0022360
F,0022362
F,0022370
F,0022385
F,0022386
F,0022391
F,0022408
F,0022413
F,0022414
F,0022440
F,0022453
F,0022454
F,0022468
F,0022506
F,0022516
F,0022540
F,0022542
F,0022548
F,0022572
F,0022583
F,0022584
F,0022585
F,0022592
F,0022593
F,0022600
F,0022608
F,0022628
F,0022631
F,0022650
F,0022660
F,0022671
F,0022675
F,0022677
F,0022680
F,0022683
F,0022709
F,0022721
F,0022731
F,0022744
F,0022748
F,0022761
F,0022768
F,0022769
F,0022771
F,0022784
F,0022814
F,0022821
F,0022830
F,0022837
F,0022843
F,0022850
F,0022870
F,0022872
F,0022874
F,0022875
F,0022883
F,0022921
F,0022922
F,0022926
F,0022929
F,0022944
F,0022946
F,0022962
F,0022979
F,0023019
F,0023025
F,0023033
F,0023062
F,0023080
F,0023109
F,0023123
F,0023132
F,0023178
F,0023182
F,0023213
F,0023222
F,0023252
F,0023254
F,0023256
F,0023268
F,0023280
F,0023287
F,0023308
F,0023311
F,0023332
F,0023335
F,0023356
F,0023358
F,0023367
F,0023374
F,0023385
F,0023401
F,0023418
F,0023424
F,0023437
F,0023439
F,0023448
F,0023466
F,0023473
F,0023479
F,0023484
F,0023502
F,0023514
F,0023519
F,0023536
F,0023544
F,0023545
F,0023560
F,0023563
F,0023569
F,0023572
F,0023600
F,0023641
F,0023643
F,0023659
F,0023665
F,0023667
F,0023672
F,0023677
F,0023687
F,0023705
F,0023707
F,0023717
F,0023725
F,0023738
F,0023747
F,0023749
F,0023754
F,0023768
F,0023769
F,0023786
F,0023788
F,0023794
F,0023797
F,0023809
F,0023819
F,0023841
F,0023850
F,0023858
F,0023925
F,0023933
F,0023943
F,0023950
F,0023951
F,0023960
F,0023989
F,0023993
F,0023999
F,0024014
F,0024042
F,0024058
F,0024066
F,0024069
F,0024087
F,0024106
F,0024121
F,0024140
F,0024178
F,0024195
F,0024198
F,0024200
F,0024209
F,0024211
F,0024216
F,0024229
F,0024235
F,0024249
F,0024256
F,0024258
F,0024269
F,0024271
F,0024276
F,0024287
F,0024298
F,0024299
F,0024315
F,0024327
F,0024340
F,0024350
F,0024352
F,0024375
F,0024399
F,0024401
F,0024402
F,0024435
F,0024494
F,0024500
F,0024523
F,0024527
F,0024539
F,0024545
F,0024547
F,0024551
F,0024553
F,0024560
F,0024568
F,0024586
F,0024588
F,0024623
F,0024661
F,0024670
F,0024695
F,0024705
F,0024708
F,0024729
F,0024730
F,0024733
F,0024740
F,0024744
F,0024765
F,0024766
F,0024772
F,0024773
F,0024777
F,0024786
F,0024789
F,0024825
F,0024826
F,0024853
F,0024856
F,0024863
F,0024899
F,0024904
F,0024905
F,0024940
F,0024952
F,0024975
F,0024991
F,0025000
F,0025015
F,0025028
F,0025031
F,0025032
F,0025041
F,0025047
F,0025049
F,0025051
F,0025073
F,0025101
F,0025102
F,0025157
F,0025159
F,0025178
F,0025182
F,0025184
F,0025186
F,0025187
F,0025203
F,0025213
F,0025234
F,0025242
F,0025254
F,0025266
F,0025287
F,0025289
F,0025292
F,0025296
F,0025299
F,0025308
F,0025323
F,0025340
F,0025349
F,0025354
F,0025357
F,0025363
F,0025394
F,0025401
F,0025403
F,0025429
F,0025440
F,0025442
F,0025455
F,0025456
F,0025463
F,0025490
F,0025492
F,0025494
F,0025495
F,0025508
F,0025529
F,0025532
F,0025561
F,0025571
F,0025580
F,0025582
F,0025583
F,0025584
F,0025593
F,0025611
F,0025618
F,0025627
F,0025632
F,0025635
F,0025636
F,0025648
F,0025656
F,0025677
F,0025690
F,0025695
F,0025732
F,0025745
F,0025753
F,0025760
F,0025766
F,0025772
F,0025788
F,0025846
F,0025849
F,0025854
F,0025862
F,0025887
F,0025888
F,0025894
F,0025898
F,0025905
F,0025913
F,0025927
F,0025930
F,0025939
F,0025942
F,0025952
F,0025963
F,0025966
F,0025967
F,0025990
F,0026003
F,0026033
F,0026037
F,0026046
F,0026055
F,0026066
F,0026075
F,0026086
F,0026092
F,0026094
F,0026126
F,0026133
F,0026139
F,0026144
F,0026147
F,0026162
F,0026175
F,0026176
F,0026199
F,0026219
F,0026230
F,0026258
F,0026261
F,0026267
F,0026268
F,0026279
F,0026282
F,0026292
F,0026294
F,0026301
F,0026313
F,0026317
F,0026322
F,0026327
F,0026342
F,0026362
F,0026363
F,0026376
F,0026379
F,0026385
F,0026388
F,0026418
F,0026419
F,0026420
F,0026433
F,0026438
F,0026450
F,0026459
F,0026483
F,0026503
F,0026529
F,0026531
F,0026537
F,0026539
F,0026544
F,0026553
F,0026560
F,0026575
F,0026576
F,0026581
F,0026623
F,0026624
F,0026630
F,0026634
F,0026639
F,0026663
F,0026680
F,0026691
F,0026695
F,0026712
F,0026724
F,0026725
F,0026738
F,0026739
F,0026748
F,0026760
F,0026790
F,0026814
F,0026818
F,0026824
F,0026827
F,0026847
F,0026858
F,0026869
F,0026877
F,0026883
F,0026891
F,0026906
F,0026923
F,0026939
F,0026943
F,0026945
F,0026956
F,0026961
F,0026969
F,0026973
F,0026983
F,0026988
F,0026994
F,0026999
F,0027002
F,0027020
F,0027021
F,0027036
F,0027078
F,0027112
F,0027141
F,0027152
F,0027162
F,0027163
F,0027168
F,0027172
F,0027176
F,0027181
F,0027188
F,0027193
F,0027205
F,0027221
F,0027233
F,0027277
F,0027280
F,0027283
F,0027288
F,0027294
F,0027297
F,0027314
F,0027315
F,0027326
F,0027342
F,0027351
F,0027355
F,0027359
F,0027373
F,0027375
F,0027381
F,0027390
F,0027419
F,0027422
F,0027458
F,0027466
F,0027468
F,0027486
F,0027504
F,0027509
F,0027516
F,0027521
F,0027527
F,0027539
F,0027541
F,0027552
F,0027557
F,0027559
F,0027573
F,0027591
F,0027608
F,0027617
F,0027621
F,0027628
F,0027653
F,0027709
F,0027724
F,0027740
F,0027754
F,0027766
F,0027768
F,0027776
F,0027798
F,0027802
F,0027806
F,0027809
F,0027812
F,0027815
F,0027850
F,0027852
F,0027856
F,0027861
F,0027862
F,0027876
F,0027891
F,0027895
F,0027901
F,0027903
F,0027908
F,0027909
F,0027926
F,0027935
F,0027940
F,0027947
F,0027952
F,0027955
F,0027973
F,0027975
F,0027978
F,0027983
F,0027984
F,0027997
F,0028014
F,0028024
F,0028045
F,0028053
F,0028061
F,0028076
F,0028114
F,0028125
F,0028129
F,0028139
F,0028160
F,0028161
F,0028189
F,0028211
F,0028225
F,0028230
F,0028249
F,0028255
F,0028268
F,0028286
F,0028297
F,0028301
F,0028316
F,0028320
F,0028335
F,0028346
F,0028348
F,0028352
F,0028354
F,0028356
F,0028357
F,0028364
F,0028390
F,0028414
F,0028429
F,0028446
F,0028454
F,0028465
F,0028470
F,0028479
F,0028490
F,0028508
F,0028543
F,0028544
F,0028573
F,0028577
F,0028586
F,0028610
F,0028619
F,0028623
F,0028639
F,0028642
F,0028650
F,0028651
F,0028679
F,0028681
F,0028687
F,0028705
F,0028712
F,0028744
F,0028746
F,0028754
F,0028767
F,0028773
F,0028780
F,0028781
F,0028784
F,0028786
F,0028793
F,0028816
F,0028826
F,0028827
F,0028835
F,0028836
F,0028839
F,0028841
F,0028843
F,0028847
F,0028858
F,0028877
F,0028901
F,0028948
F,0028955
F,0028993
F,0028997
F,0029000
F,0029005
F,0029022
F,0029051
F,0029052
F,0029058
F,0029059
F,0029060
F,0029061
F,0029063
F,0029068
F,0029074
F,0029191
F,0029195
F,0029199
F,0029200
F,0029201
F,0029202
F,0029249
F,0029261
F,0029265
F,0029266
F,0029268
F,0029279
F,0029286
F,0029293
F,0029302
F,0029323
F,0029325
F,0029349
F,0029361
F,0029363
F,0029385
F,0029399
F,0029401
F,0029405
F,0029434
F,0029440
F,0029446
F,0029448
F,0029506
F,0029518
F,0029521
F,0029527
F,0029552
F,0029554
F,0029573
F,0029586
F,0029628
F,0029630
F,0029632
F,0029656
F,0029687
F,0029696
F,0029708
F,0029718
F,0029734
F,0029763
F,0029766
F,0029767
F,0029775
F,0029825
F,0029850
F,0029855
F,0029863
F,0029869
F,0029887
F,0029888
F,0029891
F,0029895
F,0029915
F,0029923
F,0029944
F,0029948
F,0029982
F,0029983
F,0029999
F,0030001
F,0030003
F,0030004
F,0030032
F,0030038
F,0030047
F,0030063
F,0030086
F,0030101
F,0030102
F,0030110
F,0030127
F,0030129
F,0030131
F,0030135
F,0030172
F,0030180
F,0030192
F,0030195
F,0030229
F,0030241
F,0030247
F,0030254
F,0030283
F,0030294
F,0030296
F,0030302
F,0030317
F,0030332
F,0030343
F,0030362
F,0030377
F,0030380
F,0030411
F,0030443
F,0030448
F,0030471
F,0030472
F,0030480
F,0030482
F,0030485
F,0030487
F,0030488
F,0030496
F,0030497
F,0030502
F,0030506
F,0030526
F,0030527
F,0030542
F,0030551
F,0030555
F,0030568
F,0030589
F,0030597
F,0030608
F,0030615
F,0030644
F,0030655
F,0030663
F,0030670
F,0030676
F,0030698
F,0030699
F,0030713
F,0030722
F,0030723
F,0030727
F,0030730
F,0030737
F,0030745
F,0030749
F,0030751
F,0030752
F,0030761
F,0030772
F,0030773
F,0030780
F,0030803
F,0030805
F,0030815
F,0030835
F,0030838
F,0030853
F,0030881
F,0030888
F,0030890
F,0030892
F,0030895
F,0030903
F,0030919
F,0030940
F,0030945
F,0030954
F,0030956
F,0030971
F,0030979
F,0030984
F,0031015
F,0031022
F,0031024
F,0031038
F,0031040
F,0031041
F,0031043
F,0031048
F,0031052
F,0031060
F,0031070
F,0031074
F,0031084
F,0031090
F,0031094
F,0031105
F,0031122
F,0031137
F,0031164
F,0031167
F,0031172
F,0031202
F,0031209
F,0031214
F,0031228
F,0031238
F,0031252
F,0031255
F,0031258
F,0031264
F,0031269
F,0031300
F,0031308
F,0031336
F,0031337
F,0031340
F,0031343
F,0031347
F,0031352
F,0031366
F,0031394
F,0031414
F,0031425
F,0031461
F,0031472
F,0031479
F,0031480
F,0031481
F,0031511
F,0031528
F,0031546
F,0031559
F,0031581
F,0031588
F,0031590
F,0031595
F,0031603
F,0031606
F,0031609
F,0031610
F,0031620
F,0031632
F,0031639
F,0031662
F,0031664
F,0031669
F,0031671
F,0031672
F,0031673
F,0031695
F,0031708
F,0031727
F,0031741
F,0031758
F,0031783
F,0031820
F,0031850
F,0031856
F,0031869
F,0031880
F,0031884
F,0031902
F,0031913
F,0031933
F,0031937
F,0031944
F,0031947
F,0031959
F,0031971
F,0031972
F,0031988
F,0031997
F,0032016
F,0032021
F,0032022
F,0032029
F,0032124
F,0032136
F,0032137
F,0032144
F,0032153
F,0032162
F,0032184
F,0032196
F,0032200
F,0032201
F,0032202
F,0032205
F,0032209
F,0032232
F,0032235
F,0032242
F,0032243
F,0032257
F,0032273
F,0032284
F,0032309
F,0032319
F,0032337
F,0032341
F,0032368
F,0032371
F,0032383
F,0032385
F,0032386
F,0032406
F,0032450
F,0032451
F,0032462
F,0032485
F,0032491
F,0032524
F,0032527
F,0032536
F,0032556
F,0032585
F,0032600
F,0032601
F,0032605
F,0032607
F,0032618
F,0032619
F,0032626
F,0032629
F,0032634
F,0032637
F,0032652
F,0032672
F,0032675
F,0032677
F,0032678
F,0032683
F,0032686
F,0032700
F,0032706
F,0032716
F,0032726
F,0032745
F,0032767
F,0032785
F,0032787
F,0032805
F,0032810
F,0032817
F,0032820
F,0032824
F,0032836
F,0032837
F,0032843
F,0032846
F,0032857
F,0032863
F,0032874
F,0032877
F,0032880
F,0032883
F,0032887
F,0032903
F,0032906
F,0032934
F,0032955
F,0032975
F,0032981
F,0032986
F,0032992
F,0032993
F,0033012
F,0033029
F,0033039
F,0033043
F,0033070
F,0033077
F,0033137
F,0033138
F,0033163
F,0033169
F,0033175
F,0033179
F,0033201
F,0033224
F,0033267
F,0033271
F,0033273
F,0033287
F,0033288
F,0033316
F,0033350
F,0033363
F,0033364
F,0033369
F,0033379
F,0033382
F,0033383
F,0033393
F,0033412
F,0033427
F,0033430
F,0033437
F,0033439
F,0033444
F,0033459
F,0033468
F,0033472
F,0033495
F,0033503
F,0033512
F,0033516
F,0033532
F,0033541
F,0033548
F,0033552
F,0033558
F,0033565
F,0033567
F,0033573
F,0033583
F,0033591
F,0033629
F,0033646
F,0033650
F,0033655
F,0033661
F,0033681
F,0033702
F,0033707
F,0033709
F,0033741
F,0033758
F,0033763
F,0033765
F,0033767
F,0033768
F,0033773
F,0033774
F,0033776
F,0033790
F,0033800
F,0033815
F,0033840
F,0033845
F,0033856
F,0033861
F,0033869
F,0033876
F,0033892
F,0033906
F,0033908
F,0033912
F,0033926
F,0033929
F,0033934
F,0033969
F,0034004
F,0034014
F,0034022
F,0034029
F,0034032
F,0034072
F,0034082
F,0034085
F,0034114
F,0034120
F,0034137
F,0034140
F,0034146
F,0034157
F,0034188
F,0034190
F,0034193
F,0034194
F,0034199
F,0034204
F,0034218
F,0034220
F,0034255
F,0034268
F,0034279
F,0034302
F,0034314
F,0034336
F,0034363
F,0034386
F,0034389
F,0034393
F,0034423
F,0034425
F,0034432
F,0034442
F,0034448
F,0034455
F,0034456
F,0034468
F,0034469
F,0034470
F,0034487
F,0034510
F,0034513
F,0034519
F,0034530
F,0034541
F,0034545
F,0034554
F,0034567
F,0034571
F,0034581
F,0034586
F,0034594
F,0034607
F,0034627
F,0034637
F,0034642
F,0034658
F,0034659
F,0034678
F,0034682
F,0034689
F,0034690
F,0034691
F,0034702
F,0034714
F,0034715
F,0034730
F,0034731
F,0034757
F,0034774
F,0034778
F,0034783
F,0034790
F,0034819
F,0034831
F,0034835
F,0034852
F,0034871
F,0034883
F,0034897
F,0034904
F,0034917
F,0034929
F,0034930
F,0034938
F,0034940
F,0034947
F,0034952
F,0034957
F,0034960
F,0034966
F,0034984
F,0034985
F,0034996
F,0035001
F,0035002
F,0035019
F,0035030
F,0035038
F,0035046
F,0035051
F,0035052
F,0035063
F,0035065
F,0035086
F,0035112
F,0035125
F,0035132
F,0035141
F,0035147
F,0035189
F,0035201
F,0035212
F,0035215
F,0035228
F,0035242
F,0035250
F,0035258
F,0035259
F,0035265
F,0035307
F,0035322
F,0035327
F,0035361
F,0035362
F,0035366
F,0035386
F,0035395
F,0035412
F,0035420
F,0035429
F,0035432
F,0035435
F,0035437
F,0035440
F,0035442
F,0035448
F,0035450
F,0035481
F,0035493
F,0035504
F,0035508
F,0035528
F,0035562
F,0035571
F,0035590
F,0035594
F,0035596
F,0035597
F,0035606
F,0035608
F,0035614
F,0035615
F,0035616
F,0035617
F,0035625
F,0035657
F,0035670
F,0035690
F,0035697
F,0035701
F,0035721
F,0035728
F,0035732
F,0035733
F,0035742
F,0035743
F,0035753
F,0035770
F,0035782
F,0035806
F,0035841
F,0035845
F,0035865
F,0035877
F,0035902
F,0035912
F,0035920
F,0035929
F,0035931
F,0036000
F,0036001
F,0036010
F,0036042
F,0036047
F,0036053
F,0036059
F,0036064
F,0036069
F,0036087
F,0036088
F,0036098
F,0036120
F,0036132
F,0036137
F,0036139
F,0036144
F,0036152
F,0036171
F,0036183
F,0036204
F,0036207
F,0036215
F,0036217
F,0036235
F,0036241
F,0036258
F,0036276
F,0036285
F,0036299
F,0036300
F,0036305
F,0036306
F,0036316
F,0036318
F,0036336
F,0036340
F,0036370
F,0036372
F,0036394
F,0036405
F,0036413
F,0036416
F,0036437
F,0036443
F,0036463
F,0036468
F,0036472
F,0036475
F,0036501
F,0036503
F,0036506
F,0036511
F,0036514
F,0036517
F,0036521
F,0036535
F,0036542
F,0036552
F,0036560
F,0036563
F,0036581
F,0036601
F,0036605
F,0036609
F,0036621
F,0036628
F,0036630
F,0036631
F,0036634
F,0036645
F,0036646
F,0036649
F,0036661
F,0036662
F,0036663
F,0036686
F,0036691
F,0036705
F,0036718
F,0036724
F,0036726
F,0036734
F,0036743
F,0036752
F,0036755
F,0036766
F,0036782
F,0036806
F,0036813
F,0036832
F,0036834
F,0036839
F,0036853
F,0036855
F,0036881
F,0036896
F,0036917
F,0036922
F,0036936
F,0036941
F,0036946
F,0036947
F,0036951
F,0036957
F,0036963
F,0036968
F,0036969
F,0036971
F,0036974
F,0037008
F,0037012
F,0037030
F,0037041
F,0037053
F,0037071
F,0037086
F,0037090
F,0037102
F,0037108
F,0037115
F,0037123
F,0037132
F,0037139
F,0037141
F,0037159
F,0037167
F,0037186
F,0037191
F,0037194
F,0037213
F,0037218
F,0037245
F,0037248
F,0037249
F,0037288
F,0037293
F,0037295
F,0037317
F,0037322
F,0037351
F,0037361
F,0037371
F,0037377
F,0037391
F,0037406
F,0037408
F,0037411
F,0037428
F,0037437
F,0037443
F,0037461
F,0037466
F,0037469
F,0037482
F,0037486
F,0037493
F,0037495
F,0037513
F,0037515
F,0037526
F,0037532
F,0037540
F,0037544
F,0037549
F,0037552
F,0037570
F,0037579
F,0037581
F,0037586
F,0037597
F,0037609
F,0037617
F,0037620
F,0037622
F,0037627
F,0037663
F,0037664
F,0037673
F,0037683
F,0037689
F,0037697
F,0037711
F,0037723
F,0037727
F,0037735
F,0037736
F,0037742
F,0037743
F,0037746
F,0037760
F,0037776
F,0037784
F,0037788
F,0037799
F,0037806
F,0037808
F,0037811
F,0037813
F,0037829
F,0037842
F,0037857
F,0037897
F,0037932
F,0037935
F,0037953
F,0037978
F,0037985
F,0037992
F,0038032
F,0038036
F,0038069
F,0038087
F,0038090
F,0038105
F,0038135
F,0038136
F,0038144
F,0038147
F,0038166
F,0038183
F,0038185
F,0038186
F,0038195
F,0038206
F,0038217
F,0038221
F,0038229
F,0038237
F,0038244
F,0038246
F,0038250
F,0038289
F,0038292
F,0038293
F,0038310
F,0038315
F,0038323
F,0038339
F,0038343
F,0038363
F,0038376
F,0038379
F,0038400
F,0038421
F,0038433
F,0038437
F,0038457
F,0038469
F,0038472
F,0038478
F,0038511
F,0038522
F,0038526
F,0038531
F,0038536
F,0038537
F,0038550
F,0038558
F,0038565
F,0038591
F,0038601
F,0038616
F,0038653
F,0038661
F,0038662
F,0038664
F,0038673
F,0038681
F,0038697
F,0038700
F,0038713
F,0038721
F,0038725
F,0038730
F,0038738
F,0038744
F,0038751
F,0038782
F,0038804
F,0038818
F,0038835
F,0038838
F,0038851
F,0038876
F,0038882
F,0038884
F,0038885
F,0038886
F,0038888
F,0038893
F,0038911
F,0038914
F,0038915
F,0038953
F,0039004
F,0039017
F,0039028
F,0039046
F,0039056
F,0039067
F,0039081
F,0039083
F,0039088
F,0039095
F,0039113
F,0039153
F,0039169
F,0039182
F,0039186
F,0039188
F,0039195
F,0039198
F,0039199
F,0039205
F,0039213
F,0039215
F,0039231
F,0039267
F,0039269
F,0039271
F,0039283
F,0039295
F,0039319
F,0039325
F,0039341
F,0039359
F,0039366
F,0039367
F,0039372
F,0039377
F,0039382
F,0039436
F,0039446
F,0039452
F,0039464
F,0039477
F,0039487
F,0039538
F,0039566
F,0039577
F,0039591
F,0039593
F,0039600
F,0039608
F,0039637
F,0039639
F,0039641
F,0039706
F,0039717
F,0039738
F,0039755
F,0039756
F,0039766
F,0039787
F,0039793
F,0039794
F,0039797
F,0039800
F,0039805
F,0039828
F,0039834
F,0039849
F,0039865
F,0039868
F,0039873
F,0039881
F,0039889
F,0039908
F,0039918
F,0039936
F,0039939
F,0039952
F,0039956
F,0039959
F,0039978
F,0039982
F,0039983
F,0040001
F,0040003
F,0040024
F,0040057
F,0040063
F,0040069
F,0040072
F,0040075
F,0040098
F,0040101
F,0040105
F,0040124
F,0040127
F,0040132
F,0040144
F,0040159
F,0040161
F,0040201
F,0040216
F,0040239
F,0040257
F,0040276
F,0040278
F,0040293
F,0040301
F,0040308
F,0040366
F,0040371
F,0040372
F,0040388
F,0040406
F,0040428
F,0040431
F,0040434
F,0040445
F,0040455
F,0040460
F,0040461
F,0040464
F,0040469
F,0040480
F,0040489
F,0040511
F,0040521
F,0040523
F,0040533
F,0040544
F,0040563
F,0040567
F,0040599
F,0040606
F,0040630
F,0040634
F,0040645
F,0040650
F,0040675
F,0040687
F,0040696
F,0040698
F,0040707
F,0040723
F,0040728
F,0040730
F,0040752
F,0040756
F,0040763
F,0040769
F,0040775
F,0040790
F,0040828
F,0040835
F,0040854
F,0040864
F,0040867
F,0040868
F,0040877
F,0040885
F,0040886
F,0040906
F,0040909
F,0040913
F,0040915
F,0040931
F,0040939
F,0040943
F,0040959
F,0040961
F,0040967
F,0040970
F,0040988
F,0041007
F,0041019
F,0041023
F,0041033
F,0041044
F,0041048
F,0041057
F,0041070
F,0041071
F,0041072
F,0041073
F,0041080
F,0041093
F,0041099
F,0041116
F,0041117
F,0041129
F,0041147
F,0041175
F,0041186
F,0041206
F,0041211
F,0041212
F,0041214
F,0041215
F,0041218
F,0041222
F,0041236
F,0041238
F,0041257
F,0041261
F,0041262
F,0041263
F,0041268
F,0041317
F,0041322
F,0041325
F,0041327
F,0041332
F,0041335
F,0041343
F,0041346
F,0041348
F,0041353
F,0041365
F,0041370
F,0041376
F,0041382
F,0041394
F,0041435
F,0041437
F,0041451
F,0041452
F,0041454
F,0041508
F,0041510
F,0041526
F,0041537
F,0041556
F,0041558
F,0041562
F,0041580
F,0041586
F,0041589
F,0041603
F,0041613
F,0041625
F,0041662
F,0041695
F,0041723
F,0041726
F,0041734
F,0041745
F,0041746
F,0041761
F,0041780
F,0041788
F,0041797
F,0041799
F,0041814
F,0041826
F,0041830
F,0041840
F,0041859
F,0041863
F,0041904
F,0041907
F,0041938
F,0041940
F,0041941
F,0041946
F,0041952
F,0041955
F,0041958
F,0041978
F,0041982
F,0041987
F,0042048
F,0042065
F,0042074
F,0042082
F,0042099
F,0042119
F,0042131
F,0042153
F,0042156
F,0042159
F,0042181
F,0042189
F,0042193
F,0042210
F,0042222
F,0042240
F,0042254
F,0042260
F,0042261
F,0042277
F,0042278
F,0042294
F,0042298
F,0042310
F,0042342
F,0042347
F,0042354
F,0042358
F,0042361
F,0042366
F,0042372
F,0042402
F,0042420
F,0042422
F,0042435
F,0042485
F,0042493
F,0042515
F,0042521
F,0042527
F,0042545
F,0042555
F,0042559
F,0042564
F,0042565
F,0042566
F,0042572
F,0042575
F,0042576
F,0042578
F,0042605
F,0042630
F,0042631
F,0042636
F,0042641
F,0042643
F,0042647
F,0042665
F,0042680
F,0042682
F,0042684
F,0042686
F,0042713
F,0042716
F,0042729
F,0042733
F,0042748
F,0042765
F,0042767
F,0042811
F,0042828
F,0042842
F,0042843
F,0042851
F,0042857
F,0042861
F,0042880
F,0042888
F,0042903
F,0042904
F,0042905
F,0042918
F,0042919
F,0042923
F,0042927
F,0042928
F,0042931
F,0042959
F,0042964
F,0042969
F,0042980
F,0042988
F,0042994
F,0043007
F,0043009
F,0043011
F,0043012
F,0043019
F,0043027
F,0043038
F,0043052
F,0043078
F,0043079
F,0043094
F,0043098
F,0043102
F,0043108
F,0043114
F,0043120
F,0043123
F,0043128
F,0043131
F,0043151
F,0043166
F,0043173
F,0043178
F,0043182
F,0043195
F,0043209
F,0043211
F,0043247
F,0043254
F,0043262
F,0043264
F,0043270
F,0043277
F,0043301
F,0043314
F,0043338
F,0043347
F,0043349
F,0043357
F,0043363
F,0043372
F,0043380
F,0043387
F,0043395
F,0043408
F,0043424
F,0043431
F,0043432
F,0043437
F,0043454
F,0043465
F,0043469
F,0043485
F,0043488
F,0043499
F,0043517
F,0043528
F,0043537
F,0043540
F,0043546
F,0043551
F,0043561
F,0043572
F,0043581
F,0043588
F,0043619
F,0043622
F,0043628
F,0043630
F,0043632
F,0043638
F,0043641
F,0043649
F,0043657
F,0043671
F,0043680
F,0043695
F,0043708
F,0043710
F,0043731
F,0043744
F,0043750
F,0043760
F,0043761
F,0043764
F,0043799
F,0043801
F,0043812
F,0043835
F,0043848
F,0043856
F,0043861
F,0043879
F,0043880
F,0043885
F,0043892
F,0043894
F,0043896
F,0043903
F,0043905
F,0043907
F,0043914
F,0043956
F,0043975
F,0043998
F,0044012
F,0044014
F,0044026
F,0044030
F,0044031
F,0044049
F,0044052
F,0044072
F,0044073
F,0044095
F,0044107
F,0044128
F,0044138
F,0044140
F,0044143
F,0044145
F,0044147
F,0044149
F,0044153
F,0044160
F,0044173
F,0044179
F,0044185
F,0044190
F,0044199
F,0044205
F,0044208
F,0044210
F,0044212
F,0044214
F,0044217
F,0044226
F,0044235
F,0044248
F,0044250
F,0044254
F,0044260
F,0044265
F,0044277
F,0044280
F,0044288
F,0044307
F,0044309
F,0044312
F,0044314
F,0044316
F,0044353
F,0044357
F,0044368
F,0044418
F,0044424
F,0044442
F,0044470
F,0044484
F,0044493
F,0044503
F,0044506
F,0044515
F,0044518
F,0044524
F,0044525
F,0044526
F,0044529
F,0044540
F,0044542
F,0044543
F,0044549
F,0044563
F,0044590
F,0044601
F,0044622
F,0044624
F,0044640
F,0044645
F,0044655
F,0044657
F,0044662
F,0044664
F,0044665
F,0044672
F,0044673
F,0044690
F,0044694
F,0044697
F,0044700
F,0044710
F,0044712
F,0044733
F,0044764
F,0044772
F,0044799
F,0044809
F,0044831
F,0044860
F,0044871
F,0044918
F,0044933
F,0044947
F,0044959
F,0044982
F,0044997
F,0045015
F,0045026
F,0045028
F,0045032
F,0045038
F,0045050
F,0045057
F,0045062
F,0045086
F,0045089
F,0045092
F,0045096
F,0045108
F,0045112
F,0045116
F,0045119
F,0045128
F,0045131
F,0045144
F,0045187
F,0045195
F,0045205
F,0045220
F,0045239
F,0045240
F,0045243
F,0045251
F,0045253
F,0045266
F,0045268
F,0045295
F,0045304
F,0045305
F,0045308
F,0045309
F,0045322
F,0045334
F,0045382
F,0045383
F,0045401
F,0045426
F,0045432
F,0045433
F,0045437
F,0045439
F,0045444
F,0045462
F,0045477
F,0045485
F,0045490
F,0045491
F,0045493
F,0045499
F,0045515
F,0045522
F,0045528
F,0045530
F,0045534
F,0045537
F,0045555
F,0045576
F,0045581
F,0045591
F,0045600
F,0045602
F,0045608
F,0045613
F,0045619
F,0045620
F,0045639
F,0045652
F,0045667
F,0045672
F,0045682
F,0045687
F,0045696
F,0045724
F,0045748
F,0045752
F,0045753
F,0045758
F,0045768
F,0045773
F,0045784
F,0045798
F,0045808
F,0045835
F,0045869
F,0045913
F,0045919
F,0045927
F,0045928
F,0045929
F,0045948
F,0045969
F,0045977
F,0045980
F,0045986
F,0045996
F,0046027
F,0046028
F,0046043
F,0046054
F,0046056
F,0046075
F,0046096
F,0046110
F,0046135
F,0046157
F,0046162
F,0046173
F,0046188
F,0046191
F,0046193
F,0046200
F,0046212
F,0046216
F,0046229
F,0046234
F,0046238
F,0046250
F,0046272
F,0046274
F,0046279
F,0046284
F,0046305
F,0046311
F,0046312
F,0046328
F,0046334
F,0046343
F,0046375
F,0046387
F,0046400
F,0046436
F,0046445
F,0046446
F,0046458
F,0046461
F,0046465
F,0046471
F,0046475
F,0046483
F,0046489
F,0046511
F,0046514
F,0046523
F,0046528
F,0046542
F,0046547
F,0046548
F,0046576
F,0046584
F,0046595
F,0046597
F,0046598
F,0046623
F,0046636
F,0046662
F,0046667
F,0046668
F,0046683
F,0046709
F,0046743
F,0046750
F,0046771
F,0046776
F,0046787
F,0046789
F,0046790
F,0046797
F,0046802
F,0046814
F,0046822
F,0046825
F,0046827
F,0046832
F,0046838
F,0046848
F,0046854
F,0046856
F,0046871
F,0046872
F,0046873
F,0046885
F,0046907
F,0046928
F,0046937
F,0046944
F,0046958
F,0046988
F,0046998
F,0047000
F,0047001
F,0047019
F,0047020
F,0047026
F,0047032
F,0047037
F,0047042
F,0047059
F,0047106
F,0047109
F,0047115
F,0047147
F,0047148
F,0047153
F,0047162
F,0047169
F,0047205
F,0047212
F,0047213
F,0047225
F,0047228
F,0047235
F,0047236
F,0047238
F,0047252
F,0047254
F,0047258
F,0047273
F,0047278
F,0047321
F,0047334
F,0047369
F,0047372
F,0047373
F,0047387
F,0047420
F,0047427
F,0047436
F,0047453
F,0047467
F,0047494
F,0047507
F,0047522
F,0047526
F,0047542
F,0047553
F,0047555
F,0047581
F,0047591
F,0047620
F,0047630
F,0047657
F,0047663
F,0047667
F,0047669
F,0047681
F,0047692
F,0047704
F,0047705
F,0047708
F,0047720
F,0047732
F,0047738
F,0047740
F,0047751
F,0047765
F,0047771
F,0047805
F,0047818
F,0047823
F,0047827
F,0047839
F,0047844
F,0047845
F,0047847
F,0047849
F,0047854
F,0047886
F,0047895
F,0047900
F,0047902
F,0047907
F,0047909
F,0047919
F,0047920
F,0047952
F,0047954
F,0047957
F,0047984
F,0048005
F,0048026
F,0048033
F,0048038
F,0048040
F,0048044
F,0048055
F,0048060
F,0048077
F,0048078
F,0048085
F,0048095
F,0048115
F,0048117
F,0048136
F,0048142
F,0048143
F,0048151
F,0048169
F,0048171
F,0048173
F,0048175
F,0048191
F,0048219
F,0048220
F,0048228
F,0048243
F,0048251
F,0048263
F,0048266
F,0048269
F,0048273
F,0048286
F,0048289
F,0048315
F,0048330
F,0048333
F,0048364
F,0048390
F,0048411
F,0048412
F,0048414
F,0048422
F,0048426
F,0048434
F,0048437
F,0048447
F,0048456
F,0048459
F,0048468
F,0048473
F,0048478
F,0048479
F,0048486
F,0048493
F,0048506
F,0048557
F,0048591
F,0048592
F,0048597
F,0048613
F,0048619
F,0048629
F,0048635
F,0048651
F,0048664
F,0048667
F,0048673
F,0048733
F,0048739
F,0048741
F,0048747
F,0048753
F,0048754
F,0048759
F,0048763
F,0048772
F,0048778
F,0048784
F,0048806
F,0048816
F,0048822
F,0048831
F,0048841
F,0048853
F,0048860
F,0048891
F,0048893
F,0048909
F,0048912
F,0048926
F,0048928
F,0048929
F,0048938
F,0048945
F,0048964
F,0048973
F,0048975
F,0048977
F,0048992
F,0048997
F,0049004
F,0049007
F,0049014
F,0049021
F,0049034
F,0049053
F,0049061
F,0049065
F,0049110
F,0049115
F,0049136
F,0049141
F,0049152
F,0049160
F,0049203
F,0049222
F,0049223
F,0049224
F,0049229
F,0049235
F,0049251
F,0049263
F,0049291
F,0049312
F,0049316
F,0049319
F,0049321
F,0049330
F,0049336
F,0049342
F,0049346
F,0049362
F,0049364
F,0049374
F,0049377
F,0049400
F,0049402
F,0049410
F,0049411
F,0049425
F,0049426
F,0049464
F,0049488
F,0049502
F,0049503
F,0049508
F,0049519
F,0049531
F,0049547
F,0049554
F,0049560
F,0049587
F,0049624
F,0049626
F,0049635
F,0049659
F,0049661
F,0049666
F,0049667
F,0049690
F,0049699
F,0049725
F,0049732
F,0049749
F,0049787
F,0049813
F,0049835
F,0049854
F,0049867
F,0049889
F,0049900
F,0049907
F,0049909
F,0049920
F,0049927
F,0049933
F,0049941
F,0049967
F,0049974
F,0049987
F,0050004
F,0050008
F,0050015
F,0050018
F,0050019
F,0050024
F,0050027
F,0050044
F,0050048
F,0050066
F,0050100
F,0050112
F,0050127
F,0050148
F,0050183
F,0050188
F,0050197
F,0050211
F,0050215
F,0050217
F,0050219
F,0050223
F,0050224
F,0050238
F,0050244
F,0050283
F,0050286
F,0050294
F,0050316
F,0050322
F,0050329
F,0050343
F,0050348
F,0050361
F,0050362
F,0050372
F,0050378
F,0050397
F,0050399
F,0050403
F,0050410
F,0050417
F,0050425
F,0050429
F,0050445
F,0050448
F,0050450
F,0050454
F,0050462
F,0050502
F,0050503
F,0050504
F,0050517
F,0050524
F,0050528
F,0050534
F,0050542
F,0050560
F,0050573
F,0050580
F,0050581
F,0050582
F,0050591
F,0050594
F,0050600
F,0050601
F,0050614
F,0050622
F,0050632
F,0050645
F,0050660
F,0050684
F,0050689
F,0050719
F,0050721
F,0050742
F,0050745
F,0050758
F,0050761
F,0050767
F,0050769
F,0050792
F,0050800
F,0050810
F,0050816
F,0050831
F,0050835
F,0050840
F,0050843
F,0050850
F,0050853
F,0050854
F,0050859
F,0050868
F,0050870
F,0050875
F,0050896
F,0050897
F,0050916
F,0050921
F,0050927
F,0050952
F,0050959
F,0050966
F,0051002
F,0051005
F,0051039
F,0051051
F,0051052
F,0051068
F,0051069
F,0051086
F,0051093
F,0051116
F,0051133
F,0051158
F,0051177
F,0051190
F,0051192
F,0051203
F,0051208
F,0051220
F,0051247
F,0051249
F,0051256
F,0051260
F,0051274
F,0051279
F,0051282
F,0051287
F,0051291
F,0051300
F,0051303
F,0051304
F,0051305
F,0051318
F,0051323
F,0051341
F,0051347
F,0051389
F,0051396
F,0051435
F,0051455
F,0051463
F,0051472
F,0051494
F,0051496
F,0051501
F,0051513
F,0051525
F,0051526
F,0051538
F,0051566
F,0051576
F,0051591
F,0051604
F,0051612
F,0051615
F,0051617
F,0051618
F,0051625
F,0051633
F,0051644
F,0051650
F,0051653
F,0051689
F,0051695
F,0051708
F,0051730
F,0051735
F,0051748
F,0051760
F,0051762
F,0051763
F,0051783
F,0051788
F,0051791
F,0051794
F,0051797
F,0051799
F,0051810
F,0051811
F,0051822
F,0051825
F,0051854
F,0051858
F,0051872
F,0051876
F,0051882
F,0051884
F,0051885
F,0051908
F,0051923
F,0051929
F,0051939
F,0051951
F,0051974
F,0051977
F,0051979
F,0051982
F,0051989
F,0051992
F,0052009
F,0052014
F,0052024
F,0052025
F,0052033
F,0052036
F,0052038
F,0052045
F,0052074
F,0052089
F,0052095
F,0052104
F,0052118
F,0052130
F,0052138
F,0052153
F,0052166
F,0052174
F,0052182
F,0052185
F,0052186
F,0052188
F,0052202
F,0052208
F,0052217
F,0052219
F,0052221
F,0052225
F,0052247
F,0052274
F,0052300
F,0052302
F,0052319
F,0052333
F,0052336
F,0052348
F,0052351
F,0052361
F,0052376
F,0052383
F,0052400
F,0052406
F,0052407
F,0052415
F,0052427
F,0052438
F,0052446
F,0052457
F,0052478
F,0052480
F,0052485
F,0052524
F,0052527
F,0052529
F,0052545
F,0052569
F,0052573
F,0052575
F,0052584
F,0052600
F,0052601
F,0052631
F,0052666
F,0052667
F,0052668
F,0052671
F,0052672
F,0052686
F,0052698
F,0052704
F,0052706
F,0052712
F,0052722
F,0052748
F,0052760
F,0052765
F,0052808
F,0052810
F,0052815
F,0052818
F,0052819
F,0052827
F,0052850
F,0052870
F,0052874
F,0052912
F,0052913
F,0052930
F,0052955
F,0052959
F,0052970
F,0052972
F,0052984
F,0052987
F,0052991
F,0053003
F,0053007
F,0053014
F,0053025
F,0053028
F,0053048
F,0053059
F,0053063
F,0053074
F,0053075
F,0053078
F,0053094
F,0053100
F,0053102
F,0053111
F,0053116
F,0053144
F,0053150
F,0053175
F,0053178
F,0053191
F,0053192
F,0053213
F,0053214
F,0053224
F,0053233
F,0053235
F,0053236
F,0053256
F,0053260
F,0053261
F,0053277
F,0053320
F,0053330
F,0053334
F,0053350
F,0053367
F,0053380
F,0053381
F,0053396
F,0053425
F,0053426
F,0053429
F,0053440
F,0053448
F,0053450
F,0053452
F,0053455
F,0053456
F,0053459
F,0053463
F,0053491
F,0053511
F,0053512
F,0053513
F,0053518
F,0053521
F,0053538
F,0053542
F,0053547
F,0053550
F,0053553
F,0053559
F,0053562
F,0053571
F,0053580
F,0053612
F,0053624
F,0053626
F,0053630
F,0053634
F,0053653
F,0053663
F,0053682
F,0053695
F,0053696
F,0053701
F,0053702
F,0053737
F,0053744
F,0053745
F,0053753
F,0053774
F,0053775
F,0053788
F,0053790
F,0053811
F,0053817
F,0053818
F,0053819
F,0053821
F,0053822
F,0053827
F,0053834
F,0053841
F,0053856
F,0053860
F,0053862
F,0053882
F,0053886
F,0053896
F,0053918
F,0053921
F,0053922
F,0053950
F,0053975
F,0053979
F,0053989
F,0053995
F,0054015
F,0054028
F,0054043
F,0054048
F,0054060
F,0054067
F,0054071
F,0054075
F,0054081
F,0054089
F,0054096
F,0054107
F,0054124
F,0054126
F,0054131
F,0054132
F,0054152
F,0054163
F,0054178
F,0054190
F,0054192
F,0054201
F,0054203
F,0054205
F,0054218
F,0054219
F,0054221
F,0054226
F,0054248
F,0054258
F,0054259
F,0054263
F,0054270
F,0054274
F,0054277
F,0054291
F,0054293
F,0054296
F,0054299
F,0054301
F,0054305
F,0054306
F,0054311
F,0054315
F,0054318
F,0054329
F,0054330
F,0054335
F,0054369
F,0054371
F,0054387
F,0054392
F,0054400
F,0054415
F,0054429
F,0054434
F,0054443
F,0054447
F,0054449
F,0054459
F,0054462
F,0054465
F,0054466
F,0054467
F,0054469
F,0054470
F,0054475
F,0054482
F,0054488
F,0054501
F,0054519
F,0054524
F,0054525
F,0054528
F,0054531
F,0054559
F,0054563
F,0054569
F,0054585
F,0054588
F,0054596
F,0054619
F,0054629
F,0054631
F,0054652
F,0054665
F,0054680
F,0054682
F,0054692
F,0054698
F,0054699
F,0054723
F,0054731
F,0054736
F,0054761
F,0054772
F,0054774
F,0054778
F,0054782
F,0054800
F,0054821
F,0054835
F,0054870
F,0054881
F,0054883
F,0054884
F,0054886
F,0054887
F,0054894
F,0054898
F,0054909
F,0054914
F,0054936
F,0054946
F,0054953
F,0054958
F,0054994
F,0055007
F,0055010
F,0055011
F,0055022
F,0055035
F,0055052
F,0055083
F,0055114
F,0055132
F,0055141
F,0055142
F,0055150
F,0055154
F,0055156
F,0055157
F,0055163
F,0055166
F,0055177
F,0055181
F,0055192
F,0055199
F,0055204
F,0055207
F,0055218
F,0055220
F,0055258
F,0055262
F,0055264
F,0055270
F,0055272
F,0055274
F,0055279
F,0055292
F,0055301
F,0055305
F,0055308
F,0055340
F,0055360
F,0055366
F,0055391
F,0055393
F,0055418
F,0055422
F,0055461
F,0055478
F,0055479
F,0055480
F,0055481
F,0055493
F,0055500
F,0055517
F,0055529
F,0055537
F,0055539
F,0055567
F,0055593
F,0055596
F,0055597
F,0055598
F,0055604
F,0055606
F,0055615
F,0055617
F,0055629
F,0055651
F,0055656
F,0055657
F,0055670
F,0055674
F,0055680
F,0055685
F,0055692
F,0055696
F,0055708
F,0055718
F,0055733
F,0055739
F,0055743
F,0055748
F,0055751
F,0055764
F,0055772
F,0055775
F,0055784
F,0055787
F,0055796
F,0055807
F,0055813
F,0055815
F,0055839
F,0055853
F,0055868
F,0055871
F,0055877
F,0055879
F,0055898
F,0055901
F,0055917
F,0055928
F,0055931
F,0055936
F,0055943
F,0055944
F,0055950
F,0055952
F,0055962
F,0055967
F,0055983
F,0056007
F,0056008
F,0056009
F,0056014
F,0056021
F,0056028
F,0056058
F,0056063
F,0056071
F,0056076
F,0056085
F,0056111
F,0056128
F,0056136
F,0056147
F,0056154
F,0056162
F,0056184
F,0056187
F,0056194
F,0056202
F,0056217
F,0056221
F,0056238
F,0056240
F,0056251
F,0056256
F,0056260
F,0056279
F,0056294
F,0056295
F,0056306
F,0056307
F,0056318
F,0056333
F,0056343
F,0056356
F,0056365
F,0056371
F,0056400
F,0056408
F,0056410
F,0056419
F,0056426
F,0056438
F,0056440
F,0056454
F,0056464
F,0056501
F,0056521
F,0056561
F,0056576
F,0056577
F,0056585
F,0056591
F,0056609
F,0056613
F,0056618
F,0056629
F,0056639
F,0056641
F,0056643
F,0056683
F,0056690
F,0056691
F,0056755
F,0056758
F,0056764
F,0056776
F,0056785
F,0056787
F,0056789
F,0056793
F,0056798
F,0056814
F,0056815
F,0056817
F,0056827
F,0056830
F,0056846
F,0056847
F,0056862
F,0056864
F,0056896
F,0056897
F,0056899
F,0056900
F,0056911
F,0056916
F,0056918
F,0056921
F,0056952
F,0056960
F,0056976
F,0056985
F,0056996
F,0057007
F,0057017
F,0057023
F,0057050
F,0057055
F,0057064
F,0057075
F,0057082
F,0057093
F,0057118
F,0057120
F,0057154
F,0057172
F,0057174
F,0057177
F,0057180
F,0057193
F,0057195
F,0057202
F,0057234
F,0057237
F,0057248
F,0057249
F,0057254
F,0057258
F,0057269
F,0057298
F,0057311
F,0057321
F,0057328
F,0057332
F,0057338
F,0057343
F,0057359
F,0057368
F,0057379
F,0057395
F,0057405
F,0057429
F,0057434
F,0057449
F,0057458
F,0057486
F,0057496
F,0057530
F,0057541
F,0057588
F,0057599
F,0057623
F,0057637
F,0057638
F,0057639
F,0057644
F,0057648
F,0057653
F,0057657
F,0057667
F,0057690
F,0057691
F,0057694
F,0057720
F,0057735
F,0057747
F,0057748
F,0057757
F,0057762
F,0057807
F,0057818
F,0057824
F,0057825
F,0057853
F,0057875
F,0057889
F,0057896
F,0057923
F,0057927
F,0057928
F,0057936
F,0057963
F,0057977
F,0057988
F,0058001
F,0058024
F,0058032
F,0058089
F,0058091
F,0058095
F,0058097
F,0058101
F,0058111
F,0058142
F,0058149
F,0058154
F,0058156
F,0058163
F,0058200
F,0058214
F,0058223
F,0058230
F,0058237
F,0058238
F,0058244
F,0058246
F,0058252
F,0058258
F,0058275
F,0058280
F,0058284
F,0058301
F,0058306
F,0058326
F,0058340
F,0058345
F,0058350
F,0058351
F,0058364
F,0058366
F,0058372
F,0058392
F,0058394
F,0058399
F,0058400
F,0058402
F,0058403
F,0058417
F,0058444
F,0058447
F,0058448
F,0058455
F,0058456
F,0058468
F,0058475
F,0058477
F,0058491
F,0058493
F,0058539
F,0058546
F,0058549
F,0058550
F,0058552
F,0058576
F,0058580
F,0058583
F,0058587
F,0058597
F,0058604
F,0058608
F,0058625
F,0058628
F,0058655
F,0058661
F,0058663
F,0058664
F,0058670
F,0058680
F,0058681
F,0058693
F,0058700
F,0058793
F,0058813
F,0058814
F,0058821
F,0058828
F,0058836
F,0058852
F,0058857
F,0058881
F,0058887
F,0058911
F,0058919
F,0058926
F,0058928
F,0058933
F,0058944
F,0058949
F,0058961
F,0058976
F,0058977
F,0058980
F,0058992
F,0058997
F,0059009
F,0059012
F,0059017
F,0059038
F,0059041
F,0059042
F,0059045
F,0059048
F,0059055
F,0059060
F,0059073
F,0059083
F,0059088
F,0059109
F,0059118
F,0059119
F,0059130
F,0059135
F,0059154
F,0059158
F,0059159
F,0059163
F,0059168
F,0059170
F,0059174
F,0059183
F,0059185
F,0059191
F,0059196
F,0059209
F,0059216
F,0059219
F,0059222
F,0059225
F,0059230
F,0059232
F,0059240
F,0059241
F,0059254
F,0059255
F,0059258
F,0059260
F,0059262
F,0059279
F,0059283
F,0059291
F,0059293
F,0059302
F,0059328
F,0059355
F,0059362
F,0059374
F,0059378
F,0059382
F,0059394
F,0059401
F,0059404
F,0059416
F,0059426
F,0059435
F,0059438
F,0059444
F,0059446
F,0059452
F,0059453
F,0059462
F,0059463
F,0059467
F,0059469
F,0059479
F,0059480
F,0059489
F,0059498
F,0059510
F,0059515
F,0059524
F,0059534
F,0059541
F,0059550
F,0059563
F,0059567
F,0059575
F,0059581
F,0059587
F,0059591
F,0059595
F,0059603
F,0059606
F,0059609
F,0059631
F,0059634
F,0059635
F,0059644
F,0059661
F,0059671
F,0059692
F,0059695
F,0059702
F,0059706
F,0059711
F,0059712
F,0059723
F,0059742
F,0059748
F,0059778
F,0059786
F,0059798
F,0059805
F,0059815
F,0059822
F,0059825
F,0059826
F,0059852
F,0059858
F,0059859
F,0059862
F,0059877
F,0059878
F,0059879
F,0059905
F,0059909
F,0059910
F,0059929
F,0059932
F,0059933
F,0059940
F,0059941
F,0059946
F,0059954
F,0059966
F,0059977
F,0059981
F,0060001
F,0060009
F,0060016
F,0060027
F,0060063
F,0060065
F,0060089
F,0060090
F,0060117
F,0060127
F,0060141
F,0060155
F,0060167
F,0060168
F,0060179
F,0060182
F,0060187
F,0060215
F,0060232
F,0060249
F,0060261
F,0060288
F,0060292
F,0060298
F,0060324
F,0060326
F,0060333
F,0060340
F,0060344
F,0060371
F,0060392
F,0060397
F,0060400
F,0060427
F,0060462
F,0060465
F,0060472
F,0060488
F,0060504
F,0060505
F,0060506
F,0060517
F,0060523
F,0060545
F,0060560
F,0060563
F,0060574
F,0060576
F,0060612
F,0060630
F,0060631
F,0060643
F,0060653
F,0060665
F,0060712
F,0060719
F,0060723
F,0060732
F,0060733
F,0060735
F,0060745
F,0060747
F,0060761
F,0060777
F,0060788
F,0060793
F,0060799
F,0060802
F,0060809
F,0060819
F,0060834
F,0060835
F,0060844
F,0060847
F,0060859
F,0060862
F,0060867
F,0060870
F,0060877
F,0060897
F,0060938
F,0060940
F,0060941
F,0060965
F,0060969
F,0060970
F,0060981
F,0060984
F,0060987
F,0060996
F,0061003
F,0061007
F,0061009
F,0061036
F,0061041
F,0061051
F,0061055
F,0061072
F,0061079
F,0061085
F,0061098
F,0061103
F,0061109
F,0061119
F,0061128
F,0061138
F,0061147
F,0061158
F,0061187
F,0061197
F,0061205
F,0061206
F,0061208
F,0061215
F,0061230
F,0061261
F,0061268
F,0061279
F,0061292
F,0061301
F,0061306
F,0061313
F,0061321
F,0061331
F,0061334
F,0061339
F,0061368
F,0061373
F,0061382
F,0061394
F,0061413
F,0061417
F,0061428
F,0061448
F,0061461
F,0061475
F,0061478
F,0061488
F,0061493
F,0061509
F,0061522
F,0061554
F,0061560
F,0061561
F,0061564
F,0061575
F,0061601
F,0061608
F,0061649
F,0061653
F,0061655
F,0061660
F,0061681
F,0061686
F,0061704
F,0061715
F,0061721
F,0061735
F,0061769
F,0061775
F,0061781
F,0061789
F,0061795
F,0061811
F,0061812
F,0061852
F,0061861
F,0061880
F,0061894
F,0061895
F,0061900
F,0061910
F,0061913
F,0061933
F,0061936
F,0061950
F,0061952
F,0061953
F,0061961
F,0061973
F,0062009
F,0062010
F,0062027
F,0062037
F,0062063
F,0062078
F,0062106
F,0062108
F,0062116
F,0062117
F,0062126
F,0062127
F,0062139
F,0062141
F,0062153
F,0062160
F,0062161
F,0062166
F,0062169
F,0062227
F,0062236
F,0062243
F,0062250
F,0062255
F,0062259
F,0062272
F,0062278
F,0062300
F,0062303
F,0062304
F,0062306
F,0062307
F,0062332
F,0062337
F,0062341
F,0062374
F,0062425
F,0062440
F,0062480
F,0062483
F,0062490
F,0062501
F,0062506
F,0062509
F,0062514
F,0062526
F,0062533
F,0062544
F,0062580
F,0062593
F,0062594
F,0062596
F,0062597
F,0062601
F,0062606
F,0062610
F,0062623
F,0062625
F,0062626
F,0062629
F,0062643
F,0062644
F,0062663
F,0062678
F,0062693
F,0062729
F,0062745
F,0062819
F,0062838
F,0062845
F,0062848
F,0062880
F,0062881
F,0062897
F,0062900
F,0062907
F,0062908
F,0062924
F,0062942
F,0062944
F,0062950
F,0062977
F,0062991
F,0062994
F,0062997
F,0062998
F,0063005
F,0063023
F,0063028
F,0063029
F,0063054
F,0063059
F,0063065
F,0063071
F,0063073
F,0063075
F,0063097
F,0063149
F,0063158
F,0063173
F,0063196
F,0063203
F,0063205
F,0063238
F,0063259
F,0063269
F,0063270
F,0063271
F,0063275
F,0063285
F,0063309
F,0063328
F,0063335
F,0063337
F,0063368
F,0063375
F,0063376
F,0063378
F,0063387
F,0063403
F,0063412
F,0063416
F,0063426
F,0063427
F,0063450
F,0063464
F,0063475
F,0063477
F,0063492
F,0063504
F,0063523
F,0063528
F,0063529
F,0063535
F,0063551
F,0063552
F,0063557
F,0063571
F,0063573
F,0063579
F,0063581
F,0063588
F,0063589
F,0063595
F,0063621
F,0063623
F,0063631
F,0063635
F,0063694
F,0063699
F,0063716
F,0063735
F,0063737
F,0063760
F,0063761
F,0063813
F,0063815
F,0063822
F,0063837
F,0063853
F,0063859
F,0063861
F,0063880
F,0063895
F,0063897
F,0063901
F,0063906
F,0063939
F,0063961
F,0063962
F,0063994
F,0064002
F,0064021
F,0064031
F,0064047
F,0064073
F,0064140
F,0064142
F,0064144
F,0064146
F,0064153
F,0064156
F,0064164
F,0064175
F,0064179
F,0064196
F,0064211
F,0064242
F,0064257
F,0064262
F,0064270
F,0064272
F,0064311
F,0064331
F,0064340
F,0064341
F,0064359
F,0064363
F,0064412
F,0064419
F,0064425
F,0064465
F,0064479
F,0064496
F,0064505
F,0064510
F,0064515
F,0064518
F,0064532
F,0064534
F,0064558
F,0064573
F,0064574
F,0064575
F,0064594
F,0064605
F,0064609
F,0064621
F,0064626
F,0064637
F,0064640
F,0064659
F,0064660
F,0064666
F,0064671
F,0064678
F,0064686
F,0064688
F,0064693
F,0064700
F,0064703
F,0064707
F,0064717
F,0064721
F,0064728
F,0064729
F,0064756
F,0064758
F,0064773
F,0064776
F,0064810
F,0064812
F,0064824
F,0064830
F,0064833
F,0064843
F,0064860
F,0064871
F,0064885
F,0064893
F,0064907
F,0064908
F,0064925
F,0064934
F,0064941
F,0064944
F,0064954
F,0064959
F,0064965
F,0064972
F,0064974
F,0064976
F,0064989
F,0064995
F,0065006
F,0065007
F,0065017
F,0065021
F,0065032
F,0065057
F,0065078
F,0065094
F,0065100
F,0065101
F,0065102
F,0065111
F,0065113
F,0065119
F,0065124
F,0065136
F,0065163
F,0065186
F,0065188
F,0065195
F,0065199
F,0065203
F,0065205
F,0065224
F,0065252
F,0065254
F,0065261
F,0065264
F,0065266
F,0065267
F,0065272
F,0065297
F,0065306
F,0065315
F,0065317
F,0065318
F,0065322
F,0065324
F,0065328
F,0065329
F,0065346
F,0065362
F,0065372
F,0065379
F,0065382
F,0065389
F,0065400
F,0065411
F,0065424
F,0065434
F,0065436
F,0065440
F,0065448
F,0065452
F,0065463
F,0065477
F,0065486
F,0065511
F,0065525
F,0065531
F,0065534
F,0065535
F,0065538
F,0065544
F,0065550
F,0065556
F,0065580
F,0065591
F,0065600
F,0065622
F,0065623
F,0065634
F,0065644
F,0065646
F,0065647
F,0065648
F,0065658
F,0065665
F,0065709
F,0065711
F,0065741
F,0065743
F,0065759
F,0065791
F,0065794
F,0065795
F,0065800
F,0065801
F,0065802
F,0065803
F,0065811
F,0065819
F,0065820
F,0065823
F,0065830
F,0065832
F,0065837
F,0065864
F,0065869
F,0065873
F,0065881
F,0065882
F,0065895
F,0065897
F,0065900
F,0065946
F,0065952
F,0065968
F,0065980
F,0065995
F,0065997
F,0065998
F,0066000
F,0066038
F,0066042
F,0066050
F,0066063
F,0066065
F,0066071
F,0066073
F,0066078
F,0066135
F,0066146
F,0066147
F,0066148
F,0066150
F,0066163
F,0066193
F,0066201
F,0066207
F,0066221
F,0066226
F,0066237
F,0066244
F,0066273
F,0066277
F,0066295
F,0066337
F,0066341
F,0066350
F,0066360
F,0066381
F,0066391
F,0066399
F,0066413
F,0066430
F,0066444
F,0066456
F,0066460
F,0066473
F,0066486
F,0066499
F,0066503
F,0066506
F,0066519
F,0066547
F,0066553
F,0066554
F,0066578
F,0066579
F,0066586
F,0066591
F,0066620
F,0066633
F,0066636
F,0066637
F,0066640
F,0066641
F,0066643
F,0066649
F,0066664
F,0066665
F,0066670
F,0066673
F,0066704
F,0066739
F,0066743
F,0066754
F,0066755
F,0066760
F,0066799
F,0066800
F,0066828
F,0066835
F,0066836
F,0066847
F,0066871
F,0066882
F,0066887
F,0066893
F,0066901
F,0066905
F,0066913
F,0066917
F,0066920
F,0066926
F,0066939
F,0066970
F,0067012
F,0067030
F,0067032
F,0067059
F,0067063
F,0067093
F,0067110
F,0067114
F,0067128
F,0067142
F,0067152
F,0067172
F,0067184
F,0067186
F,0067193
F,0067197
F,0067200
F,0067203
F,0067211
F,0067213
F,0067222
F,0067232
F,0067241
F,0067245
F,0067256
F,0067265
F,0067277
F,0067299
F,0067321
F,0067349
F,0067357
F,0067382
F,0067384
F,0067393
F,0067400
F,0067414
F,0067417
F,0067426
F,0067428
F,0067450
F,0067452
F,0067453
F,0067454
F,0067467
F,0067468
F,0067490
F,0067497
F,0067498
F,0067499
F,0067520
F,0067533
F,0067547
F,0067580
F,0067599
F,0067620
F,0067633
F,0067636
F,0067645
F,0067654
F,0067669
F,0067700
F,0067705
F,0067711
F,0067719
F,0067725
F,0067752
F,0067764
F,0067766
F,0067770
F,0067783
F,0067784
F,0067785
F,0067788
F,0067823
F,0067830
F,0067831
F,0067838
F,0067894
F,0067928
F,0067931
F,0067945
F,0067947
F,0067957
F,0067958
F,0067982
F,0067986
F,0067987
F,0068002
F,0068003
F,0068011
F,0068016
F,0068017
F,0068044
F,0068046
F,0068072
F,0068077
F,0068095
F,0068102
F,0068114
F,0068118
F,0068121
F,0068129
F,0068135
F,0068141
F,0068143
F,0068146
F,0068152
F,0068159
F,0068205
F,0068225
F,0068248
F,0068249
F,0068255
F,0068262
F,0068268
F,0068277
F,0068280
F,0068282
F,0068295
F,0068310
F,0068325
F,0068329
F,0068332
F,0068345
F,0068366
F,0068412
F,0068414
F,0068417
F,0068431
F,0068433
F,0068437
F,0068453
F,0068455
F,0068474
F,0068479
F,0068490
F,0068500
F,0068501
F,0068508
F,0068510
F,0068516
F,0068537
F,0068540
F,0068554
F,0068555
F,0068560
F,0068591
F,0068597
F,0068620
F,0068621
F,0068623
F,0068624
F,0068625
F,0068657
F,0068659
F,0068663
F,0068700
F,0068705
F,0068708
F,0068716
F,0068718
F,0068720
F,0068725
F,0068740
F,0068753
F,0068755
F,0068757
F,0068770
F,0068786
F,0068787
F,0068793
F,0068794
F,0068798
F,0068799
F,0068804
F,0068820
F,0068830
F,0068839
F,0068873
F,0068928
F,0068936
F,0068940
F,0068951
F,0068955
F,0068967
F,0068970
F,0068973
F,0068990
F,0068993
F,0068997
F,0069016
F,0069038
F,0069059
F,0069062
F,0069071
F,0069075
F,0069085
F,0069111
F,0069119
F,0069134
F,0069161
F,0069185
F,0069204
F,0069210
F,0069236
F,0069243
F,0069251
F,0069252
F,0069265
F,0069268
F,0069323
F,0069342
F,0069359
F,0069385
F,0069389
F,0069398
F,0069416
F,0069417
F,0069423
F,0069424
F,0069434
F,0069454
F,0069459
F,0069462
F,0069465
F,0069468
F,0069477
F,0069505
F,0069506
F,0069517
F,0069529
F,0069536
F,0069537
F,0069554
F,0069559
F,0069561
F,0069564
F,0069566
F,0069574
F,0069596
F,0069601
F,0069604
F,0069620
F,0069638
F,0069644
F,0069649
F,0069658
F,0069666
F,0069667
F,0069669
F,0069675
F,0069697
F,0069702
F,0069704
F,0069713
F,0069716
F,0069739
F,0069749
F,0069750
F,0069754
F,0069758
F,0069759
F,0069762
F,0069765
F,0069804
F,0069813
F,0069826
F,0069830
F,0069847
F,0069854
F,0069865
F,0069866
F,0069874
F,0069881
F,0069892
F,0069896
F,0069909
F,0069915
F,0069921
F,0069922
F,0069937
F,0069975
F,0069982
F,0069988
F,0069990
F,0070016
F,0070027
F,0070036
F,0070042
F,0070043
F,0070079
F,0070092
F,0070097
F,0070128
F,0070132
F,0070153
F,0070185
F,0070208
F,0070209
F,0070214
F,0070279
F,0070284
F,0070286
F,0070290
F,0070307
F,0070324
F,0070331
F,0070342
F,0070346
F,0070357
F,0070358
F,0070364
F,0070367
F,0070381
F,0070391
F,0070394
F,0070402
F,0070412
F,0070418
F,0070424
F,0070448
F,0070457
F,0070472
F,0070474
F,0070494
F,0070499
F,0070501
F,0070505
F,0070509
F,0070517
F,0070518
F,0070526
F,0070553
F,0070569
F,0070587
F,0070591
F,0070594
F,0070619
F,0070626
F,0070629
F,0070640
F,0070657
F,0070696
F,0070702
F,0070720
F,0070722
F,0070738
F,0070745
F,0070746
F,0070754
F,0070781
F,0070783
F,0070805
F,0070818
F,0070824
F,0070832
F,0070833
F,0070844
F,0070853
F,0070876
F,0070877
F,0070881
F,0070886
F,0070887
F,0070913
F,0070941
F,0070943
F,0070945
F,0070961
F,0070983
F,0070986
F,0070992
F,0071014
F,0071024
F,0071025
F,0071028
F,0071035
F,0071059
F,0071060
F,0071066
F,0071068
F,0071089
F,0071090
F,0071094
F,0071103
F,0071104
F,0071127
F,0071134
F,0071136
F,0071153
F,0071159
F,0071168
F,0071173
F,0071177
F,0071195
F,0071197
F,0071229
F,0071235
F,0071242
F,0071253
F,0071254
F,0071259
F,0071262
F,0071293
F,0071310
F,0071325
F,0071355
F,0071358
F,0071388
F,0071394
F,0071399
F,0071443
F,0071451
F,0071473
F,0071477
F,0071479
F,0071484
F,0071485
F,0071488
F,0071489
F,0071491
F,0071518
F,0071535
F,0071539
F,0071540
F,0071569
F,0071570
F,0071591
F,0071599
F,0071613
F,0071616
F,0071630
F,0071642
F,0071651
F,0071666
F,0071672
F,0071675
F,0071691
F,0071704
F,0071706
F,0071717
F,0071728
F,0071735
F,0071737
F,0071751
F,0071752
F,0071755
F,0071785
F,0071791
F,0071792
F,0071806
F,0071821
F,0071833
F,0071835
F,0071836
F,0071856
F,0071889
F,0071903
F,0071911
F,0071920
F,0071924
F,0071929
F,0071944
F,0071949
F,0071954
F,0071971
F,0071974
F,0072001
F,0072009
F,0072011
F,0072029
F,0072032
F,0072052
F,0072096
F,0072114
F,0072138
F,0072145
F,0072156
F,0072158
F,0072212
F,0072219
F,0072234
F,0072244
F,0072253
F,0072263
F,0072285
F,0072288
F,0072290
F,0072300
F,0072310
F,0072318
F,0072320
F,0072321
F,0072328
F,0072331
F,0072332
F,0072337
F,0072344
F,0072371
F,0072372
F,0072387
F,0072402
F,0072404
F,0072405
F,0072406
F,0072422
F,0072446
F,0072466
F,0072473
F,0072478
F,0072484
F,0072488
F,0072490
F,0072493
F,0072505
F,0072544
F,0072549
F,0072570
F,0072573
F,0072620
F,0072626
F,0072656
F,0072663
F,0072670
F,0072723
F,0072734
F,0072738
F,0072739
F,0072742
F,0072748
F,0072752
F,0072754
F,0072770
F,0072789
F,0072860
F,0072863
F,0072898
F,0072911
F,0072912
F,0072918
F,0072919
F,0072956
F,0072958
F,0072980
F,0073011
F,0073018
F,0073021
F,0073034
F,0073054
F,0073055
F,0073058
F,0073068
F,0073070
F,0073081
F,0073087
F,0073119
F,0073143
F,0073154
F,0073165
F,0073173
F,0073174
F,0073177
F,0073190
F,0073193
F,0073209
F,0073212
F,0073213
F,0073218
F,0073228
F,0073229
F,0073243
F,0073250
F,0073263
F,0073266
F,0073270
F,0073333
F,0073338
F,0073349
F,0073352
F,0073361
F,0073366
F,0073372
F,0073373
F,0073376
F,0073377
F,0073401
F,0073427
F,0073437
F,0073460
F,0073471
F,0073476
F,0073478
F,0073479
F,0073492
F,0073497
F,0073498
F,0073505
F,0073521
F,0073529
F,0073533
F,0073535
F,0073538
F,0073547
F,0073556
F,0073567
F,0073571
F,0073579
F,0073588
F,0073592
F,0073623
F,0073637
F,0073640
F,0073641
F,0073642
F,0073646
F,0073668
F,0073675
F,0073721
F,0073730
F,0073741
F,0073742
F,0073748
F,0073769
F,0073770
F,0073791
F,0073795
F,0073802
F,0073812
F,0073814
F,0073824
F,0073837
F,0073844
F,0073848
F,0073862
F,0073878
F,0073914
F,0073916
F,0073917
F,0073922
F,0073923
F,0073925
F,0073954
F,0073960
F,0073961
F,0073969
F,0073972
F,0073974
F,0073976
F,0073978
F,0073981
F,0073991
F,0073998
F,0074009
F,0074027
F,0074041
F,0074048
F,0074058
F,0074080
F,0074089
F,0074095
F,0074101
F,0074116
F,0074117
F,0074122
F,0074130
F,0074132
F,0074143
F,0074146
F,0074158
F,0074159
F,0074163
F,0074178
F,0074183
F,0074191
F,0074192
F,0074194
F,0074198
F,0074209
F,0074211
F,0074222
F,0074226
F,0074247
F,0074253
F,0074273
F,0074276
F,0074281
F,0074288
F,0074292
F,0074296
F,0074346
F,0074356
F,0074366
F,0074378
F,0074380
F,0074395
F,0074408
F,0074410
F,0074437
F,0074440
F,0074464
F,0074466
F,0074481
F,0074488
F,0074495
F,0074503
F,0074508
F,0074510
F,0074517
F,0074524
F,0074529
F,0074541
F,0074543
F,0074554
F,0074574
F,0074576
F,0074577
F,0074586
F,0074617
F,0074624
F,0074632
F,0074640
F,0074650
F,0074653
F,0074668
F,0074673
F,0074683
F,0074696
F,0074703
F,0074704
F,0074712
F,0074721
F,0074743
F,0074748
F,0074749
F,0074767
F,0074783
F,0074788
F,0074790
F,0074800
F,0074809
F,0074826
F,0074829
F,0074840
F,0074869
F,0074878
F,0074891
F,0074904
F,0074921
F,0074932
F,0074945
F,0074953
F,0074960
F,0074967
F,0074972
F,0074977
F,0074984
F,0074987
F,0075000
F,0075013
F,0075032
F,0075039
F,0075041
F,0075047
F,0075067
F,0075069
F,0075072
F,0075077
F,0075090
F,0075091
F,0075101
F,0075103
F,0075121
F,0075126
F,0075128
F,0075141
F,0075146
F,0075154
F,0075176
F,0075196
F,0075200
F,0075202
F,0075207
F,0075209
F,0075210
F,0075226
F,0075244
F,0075248
F,0075258
F,0075267
F,0075268
F,0075300
F,0075305
F,0075318
F,0075324
F,0075325
F,0075348
F,0075368
F,0075392
F,0075403
F,0075405
F,0075427
F,0075440
F,0075447
F,0075465
F,0075487
F,0075497
F,0075514
F,0075522
F,0075540
F,0075555
F,0075564
F,0075573
F,0075592
F,0075598
F,0075600
F,0075618
F,0075629
F,0075631
F,0075688
F,0075694
F,0075722
F,0075723
F,0075750
F,0075752
F,0075757
F,0075769
F,0075770
F,0075771
F,0075777
F,0075788
F,0075797
F,0075799
F,0075811
F,0075819
F,0075824
F,0075829
F,0075831
F,0075835
F,0075843
F,0075846
F,0075860
F,0075868
F,0075877
F,0075892
F,0075912
F,0075918
F,0075925
F,0075927
F,0075930
F,0075933
F,0075935
F,0075943
F,0075960
F,0075974
F,0075980
F,0075981
F,0076001
F,0076018
F,0076024
F,0076044
F,0076077
F,0076092
F,0076108
F,0076137
F,0076150
F,0076151
F,0076154
F,0076158
F,0076160
F,0076167
F,0076170
F,0076186
F,0076189
F,0076223
F,0076237
F,0076240
F,0076241
F,0076257
F,0076259
F,0076269
F,0076272
F,0076274
F,0076286
F,0076322
F,0076350
F,0076352
F,0076361
F,0076363
F,0076394
F,0076407
F,0076419
F,0076425
F,0076473
F,0076475
F,0076493
F,0076496
F,0076498
F,0076505
F,0076510
F,0076519
F,0076527
F,0076536
F,0076545
F,0076588
F,0076594
F,0076601
F,0076603
F,0076618
F,0076623
F,0076627
F,0076629
F,0076636
F,0076638
F,0076642
F,0076653
F,0076715
F,0076716
F,0076718
F,0076729
F,0076730
F,0076761
F,0076763
F,0076783
F,0076785
F,0076799
F,0076811
F,0076815
F,0076823
F,0076824
F,0076826
F,0076827
F,0076843
F,0076864
F,0076878
F,0076882
F,0076890
F,0076894
F,0076895
F,0076921
F,0076956
F,0076959
F,0076976
F,0076978
F,0076996
F,0076998
F,0076999
F,0077002
F,0077022
F,0077027
F,0077032
F,0077043
F,0077053
F,0077063
F,0077066
F,0077069
F,0077105
F,0077111
F,0077115
F,0077117
F,0077136
F,0077137
F,0077143
F,0077152
F,0077176
F,0077185
F,0077188
F,0077219
F,0077223
F,0077225
F,0077229
F,0077231
F,0077240
F,0077248
F,0077254
F,0077258
F,0077260
F,0077274
F,0077278
F,0077282
F,0077285
F,0077288
F,0077294
F,0077333
F,0077349
F,0077354
F,0077363
F,0077379
F,0077384
F,0077385
F,0077393
F,0077397
F,0077401
F,0077433
F,0077455
F,0077469
F,0077472
F,0077474
F,0077502
F,0077510
F,0077575
F,0077585
F,0077598
F,0077621
F,0077625
F,0077626
F,0077652
F,0077655
F,0077659
F,0077667
F,0077669
F,0077675
F,0077684
F,0077686
F,0077690
F,0077692
F,0077703
F,0077706
F,0077718
F,0077731
F,0077738
F,0077752
F,0077784
F,0077789
F,0077791
F,0077815
F,0077825
F,0077832
F,0077833
F,0077845
F,0077868
F,0077870
F,0077890
F,0077896
F,0077901
F,0077912
F,0077920
F,0077927
F,0077928
F,0077951
F,0077952
F,0077965
F,0077972
F,0077985
F,0077986
F,0077994
F,0078019
F,0078035
F,0078040
F,0078043
F,0078051
F,0078054
F,0078067
F,0078082
F,0078101
F,0078108
F,0078154
F,0078168
F,0078182
F,0078191
F,0078193
F,0078202
F,0078214
F,0078219
F,0078229
F,0078244
F,0078271
F,0078283
F,0078289
F,0078295
F,0078306
F,0078307
F,0078309
F,0078317
F,0078331
F,0078335
F,0078344
F,0078348
F,0078365
F,0078375
F,0078379
F,0078458
F,0078461
F,0078463
F,0078467
F,0078475
F,0078480
F,0078485
F,0078489
F,0078503
F,0078508
F,0078510
F,0078541
F,0078542
F,0078544
F,0078568
F,0078572
F,0078581
F,0078584
F,0078585
F,0078594
F,0078600
F,0078635
F,0078638
F,0078639
F,0078644
F,0078648
F,0078650
F,0078675
F,0078710
F,0078718
F,0078728
F,0078739
F,0078749
F,0078760
F,0078768
F,0078786
F,0078798
F,0078810
F,0078843
F,0078851
F,0078852
F,0078858
F,0078864
F,0078879
F,0078884
F,0078890
F,0078892
F,0078913
F,0078926
F,0078936
F,0078940
F,0078947
F,0078955
F,0078975
F,0078989
F,0078991
F,0078994
F,0078996
F,0078997
F,0079001
F,0079017
F,0079024
F,0079025
F,0079027
F,0079028
F,0079067
F,0079071
F,0079090
F,0079092
F,0079101
F,0079102
F,0079122
F,0079128
F,0079131
F,0079136
F,0079138
F,0079142
F,0079144
F,0079151
F,0079160
F,0079206
F,0079209
F,0079210
F,0079222
F,0079245
F,0079248
F,0079264
F,0079265
F,0079270
F,0079271
F,0079275
F,0079293
F,0079307
F,0079309
F,0079335
F,0079343
F,0079345
F,0079376
F,0079408
F,0079418
F,0079428
F,0079462
F,0079466
F,0079475
F,0079496
F,0079513
F,0079518
F,0079522
F,0079538
F,0079551
F,0079568
F,0079610
F,0079615
F,0079616
F,0079622
F,0079640
F,0079644
F,0079648
F,0079655
F,0079656
F,0079658
F,0079687
F,0079695
F,0079724
F,0079730
F,0079740
F,0079752
F,0079761
F,0079762
F,0079790
F,0079795
F,0079814
F,0079815
F,0079820
F,0079829
F,0079836
F,0079840
F,0079843
F,0079880
F,0079884
F,0079892
F,0079900
F,0079923
F,0079926
F,0079949
F,0079960
F,0079961
F,0079976
F,0079979
F,0080016
F,0080018
F,0080027
F,0080054
F,0080058
F,0080062
F,0080067
F,0080069
F,0080071
F,0080080
F,0080081
F,0080083
F,0080093
F,0080108
F,0080129
F,0080140
F,0080144
F,0080145
F,0080146
F,0080153
F,0080196
F,0080199
F,0080212
F,0080272
F,0080276
F,0080297
F,0080306
F,0080307
F,0080336
F,0080343
F,0080348
F,0080358
F,0080366
F,0080376
F,0080403
F,0080445
F,0080465
F,0080473
F,0080475
F,0080478
F,0080481
F,0080483
F,0080495
F,0080505
F,0080521
F,0080522
F,0080524
F,0080559
F,0080561
F,0080569
F,0080596
F,0080597
F,0080601
F,0080609
F,0080610
F,0080615
F,0080639
F,0080643
F,0080660
F,0080664
F,0080669
F,0080681
F,0080698
F,0080721
F,0080722
F,0080725
F,0080735
F,0080736
F,0080738
F,0080747
F,0080771
F,0080774
F,0080776
F,0080790
F,0080813
F,0080833
F,0080834
F,0080851
F,0080862
F,0080865
F,0080866
F,0080887
F,0080891
F,0080933
F,0080937
F,0080954
F,0080963
F,0080970
F,0080992
F,0081000
F,0081005
F,0081018
F,0081068
F,0081075
F,0081076
F,0081080
F,0081090
F,0081103
F,0081109
F,0081127
F,0081133
F,0081134
F,0081143
F,0081148
F,0081162
F,0081171
F,0081213
F,0081214
F,0081230
F,0081306
F,0081315
F,0081317
F,0081321
F,0081327
F,0081344
F,0081348
F,0081352
F,0081368
F,0081386
F,0081393
F,0081394
F,0081404
F,0081436
F,0081451
F,0081460
F,0081461
F,0081466
F,0081468
F,0081474
F,0081475
F,0081476
F,0081479
F,0081491
F,0081512
F,0081518
F,0081535
F,0081551
F,0081559
F,0081560
F,0081569
F,0081572
F,0081584
F,0081585
F,0081623
F,0081633
F,0081639
F,0081655
F,0081660
F,0081672
F,0081679
F,0081687
F,0081688
F,0081697
F,0081701
F,0081707
F,0081711
F,0081712
F,0081715
F,0081717
F,0081725
F,0081742
F,0081743
F,0081763
F,0081772
F,0081780
F,0081784
F,0081789
F,0081794
F,0081800
F,0081801
F,0081818
F,0081841
F,0081846
F,0081853
F,0081861
F,0081865
F,0081874
F,0081888
F,0081896
F,0081901
F,0081910
F,0081916
F,0081924
F,0081942
F,0081968
F,0081975
F,0081981
F,0082008
F,0082014
F,0082021
F,0082022
F,0082033
F,0082045
F,0082053
F,0082062
F,0082071
F,0082096
F,0082121
F,0082148
F,0082163
F,0082174
F,0082206
F,0082214
F,0082225
F,0082233
F,0082241
F,0082246
F,0082283
F,0082296
F,0082299
F,0082311
F,0082345
F,0082346
F,0082350
F,0082366
F,0082378
F,0082382
F,0082393
F,0082404
F,0082407
F,0082408
F,0082409
F,0082417
F,0082419
F,0082425
F,0082429
F,0082442
F,0082446
F,0082459
F,0082478
F,0082489
F,0082520
F,0082530
F,0082531
F,0082548
F,0082551
F,0082555
F,0082563
F,0082576
F,0082584
F,0082596
F,0082616
F,0082623
F,0082633
F,0082658
F,0082660
F,0082667
F,0082668
F,0082677
F,0082683
F,0082707
F,0082708
F,0082709
F,0082713
F,0082720
F,0082734
F,0082750
F,0082762
F,0082775
F,0082786
F,0082796
F,0082800
F,0082802
F,0082808
F,0082826
F,0082838
F,0082845
F,0082848
F,0082851
F,0082867
F,0082869
F,0082872
F,0082888
F,0082901
F,0082920
F,0082952
F,0082958
F,0082964
F,0082970
F,0082985
F,0083013
F,0083018
F,0083019
F,0083060
F,0083067
F,0083073
F,0083080
F,0083084
F,0083093
F,0083095
F,0083096
F,0083124
F,0083134
F,0083138
F,0083154
F,0083159
F,0083168
F,0083171
F,0083176
F,0083206
F,0083218
F,0083220
F,0083234
F,0083249
F,0083258
F,0083259
F,0083260
F,0083269
F,0083271
F,0083272
F,0083274
F,0083279
F,0083289
F,0083314
F,0083320
F,0083321
F,0083332
F,0083360
F,0083365
F,0083369
F,0083376
F,0083390
F,0083391
F,0083408
F,0083431
F,0083450
F,0083452
F,0083474
F,0083476
F,0083483
F,0083517
F,0083562
F,0083575
F,0083608
F,0083639
F,0083643
F,0083649
F,0083651
F,0083670
F,0083681
F,0083708
F,0083728
F,0083730
F,0083731
F,0083746
F,0083783
F,0083789
F,0083820
F,0083825
F,0083836
F,0083848
F,0083850
F,0083857
F,0083877
F,0083883
F,0083891
F,0083913
F,0083929
F,0083932
F,0083934
F,0083947
F,0083961
F,0083965
F,0083979
F,0083980
F,0083981
F,0083983
F,0083989
F,0083991
F,0083998
F,0084024
F,0084030
F,0084031
F,0084047
F,0084052
F,0084076
F,0084082
F,0084091
F,0084092
F,0084101
F,0084103
F,0084107
F,0084112
F,0084116
F,0084122
F,0084142
F,0084176
F,0084181
F,0084189
F,0084204
F,0084246
F,0084248
F,0084251
F,0084262
F,0084269
F,0084270
F,0084284
F,0084291
F,0084293
F,0084297
F,0084312
F,0084320
F,0084325
F,0084333
F,0084334
F,0084339
F,0084340
F,0084341
F,0084349
F,0084385
F,0084392
F,0084409
F,0084421
F,0084431
F,0084444
F,0084452
F,0084454
F,0084459
F,0084470
F,0084486
F,0084496
F,0084505
F,0084520
F,0084528
F,0084529
F,0084530
F,0084531
F,0084537
F,0084548
F,0084557
F,0084568
F,0084574
F,0084575
F,0084596
F,0084598
F,0084615
F,0084622
F,0084643
F,0084648
F,0084650
F,0084653
F,0084675
F,0084679
F,0084683
F,0084688
F,0084694
F,0084718
F,0084722
F,0084736
F,0084737
F,0084739
F,0084776
F,0084778
F,0084786
F,0084797
F,0084804
F,0084820
F,0084834
F,0084835
F,0084845
F,0084917
F,0084920
F,0084927
F,0084956
F,0084975
F,0084981
F,0084985
F,0084997
F,0085004
F,0085016
F,0085049
F,0085054
F,0085065
F,0085069
F,0085078
F,0085086
F,0085111
F,0085126
F,0085127
F,0085131
F,0085132
F,0085133
F,0085134
F,0085139
F,0085149
F,0085182
F,0085185
F,0085186
F,0085227
F,0085236
F,0085242
F,0085245
F,0085246
F,0085263
F,0085268
F,0085271
F,0085284
F,0085302
F,0085326
F,0085336
F,0085342
F,0085348
F,0085354
F,0085362
F,0085376
F,0085385
F,0085386
F,0085428
F,0085440
F,0085442
F,0085455
F,0085484
F,0085505
F,0085511
F,0085543
F,0085551
F,0085568
F,0085572
F,0085584
F,0085588
F,0085596
F,0085603
F,0085612
F,0085631
F,0085636
F,0085640
F,0085642
F,0085644
F,0085653
F,0085665
F,0085666
F,0085667
F,0085672
F,0085682
F,0085685
F,0085698
F,0085699
F,0085702
F,0085704
F,0085706
F,0085717
F,0085759
F,0085765
F,0085796
F,0085806
F,0085817
F,0085820
F,0085824
F,0085834
F,0085839
F,0085844
F,0085847
F,0085860
F,0085862
F,0085865
F,0085870
F,0085873
F,0085878
F,0085884
F,0085886
F,0085901
F,0085918
F,0085925
F,0085927
F,0085938
F,0085951
F,0085960
F,0085965
F,0085994
F,0085995
F,0086008
F,0086013
F,0086023
F,0086029
F,0086031
F,0086044
F,0086053
F,0086057
F,0086061
F,0086066
F,0086069
F,0086070
F,0086076
F,0086096
F,0086101
F,0086120
F,0086123
F,0086133
F,0086139
F,0086143
F,0086144
F,0086187
F,0086193
F,0086205
F,0086216
F,0086217
F,0086225
F,0086227
F,0086228
F,0086229
F,0086262
F,0086269
F,0086281
F,0086286
F,0086294
F,0086313
F,0086321
F,0086329
F,0086339
F,0086341
F,0086352
F,0086367
F,0086368
F,0086377
F,0086390
F,0086392
F,0086398
F,0086429
F,0086443
F,0086456
F,0086474
F,0086475
F,0086483
F,0086491
F,0086498
F,0086502
F,0086516
F,0086526
F,0086528
F,0086529
F,0086533
F,0086537
F,0086540
F,0086541
F,0086552
F,0086553
F,0086599
F,0086601
F,0086603
F,0086609
F,0086611
F,0086621
F,0086635
F,0086652
F,0086673
F,0086674
F,0086677
F,0086679
F,0086686
F,0086689
F,0086692
F,0086697
F,0086701
F,0086754
F,0086761
F,0086766
F,0086786
F,0086801
F,0086807
F,0086816
F,0086817
F,0086818
F,0086854
F,0086859
F,0086867
F,0086873
F,0086879
F,0086882
F,0086914
F,0086916
F,0086948
F,0086982
F,0086994
F,0087020
F,0087024
F,0087044
F,0087057
F,0087062
F,0087066
F,0087071
F,0087081
F,0087089
F,0087101
F,0087109
F,0087117
F,0087123
F,0087126
F,0087139
F,0087161
F,0087168
F,0087189
F,0087209
F,0087235
F,0087248
F,0087251
F,0087258
F,0087299
F,0087302
F,0087304
F,0087322
F,0087324
F,0087327
F,0087329
F,0087338
F,0087347
F,0087359
F,0087362
F,0087363
F,0087375
F,0087390
F,0087393
F,0087394
F,0087395
F,0087398
F,0087408
F,0087426
F,0087441
F,0087446
F,0087457
F,0087469
F,0087471
F,0087514
F,0087517
F,0087535
F,0087537
F,0087547
F,0087552
F,0087556
F,0087563
F,0087565
F,0087567
F,0087575
F,0087580
F,0087589
F,0087596
F,0087598
F,0087603
F,0087643
F,0087644
F,0087645
F,0087646
F,0087663
F,0087669
F,0087684
F,0087695
F,0087705
F,0087734
F,0087747
F,0087752
F,0087758
F,0087759
F,0087760
F,0087766
F,0087767
F,0087770
F,0087775
F,0087777
F,0087780
F,0087794
F,0087803
F,0087806
F,0087807
F,0087817
F,0087829
F,0087832
F,0087836
F,0087839
F,0087843
F,0087867
F,0087868
F,0087892
F,0087921
F,0087933
F,0087934
F,0087944
F,0087959
F,0087961
F,0087972
F,0087974
F,0087976
F,0088001
F,0088014
F,0088020
F,0088023
F,0088052
F,0088057
F,0088068
F,0088077
F,0088084
F,0088088
F,0088112
F,0088120
F,0088123
F,0088132
F,0088149
F,0088176
F,0088188
F,0088191
F,0088192
F,0088202
F,0088205
F,0088209
F,0088210
F,0088213
F,0088218
F,0088228
F,0088255
F,0088282
F,0088286
F,0088309
F,0088332
F,0088340
F,0088354
F,0088383
F,0088387
F,0088390
F,0088392
F,0088404
F,0088444
F,0088451
F,0088454
F,0088487
F,0088489
F,0088504
F,0088516
F,0088536
F,0088541
F,0088613
F,0088624
F,0088625
F,0088639
F,0088652
F,0088654
F,0088655
F,0088656
F,0088685
F,0088690
F,0088726
F,0088793
F,0088806
F,0088809
F,0088813
F,0088827
F,0088839
F,0088894
F,0088916
F,0088935
F,0088948
F,0088962
F,0088965
F,0088990
F,0088994
F,0089002
F,0089011
F,0089013
F,0089014
F,0089021
F,0089025
F,0089045
F,0089093
F,0089104
F,0089107
F,0089114
F,0089115
F,0089117
F,0089125
F,0089127
F,0089128
F,0089138
F,0089143
F,0089162
F,0089163
F,0089195
F,0089218
F,0089240
F,0089250
F,0089251
F,0089262
F,0089270
F,0089280
F,0089307
F,0089312
F,0089338
F,0089340
F,0089351
F,0089352
F,0089380
F,0089392
F,0089403
F,0089413
F,0089428
F,0089447
F,0089455
F,0089480
F,0089505
F,0089509
F,0089512
F,0089518
F,0089537
F,0089554
F,0089559
F,0089574
F,0089591
F,0089605
F,0089618
F,0089625
F,0089631
F,0089666
F,0089677
F,0089695
F,0089700
F,0089701
F,0089711
F,0089714
F,0089737
F,0089745
F,0089749
F,0089755
F,0089757
F,0089762
F,0089763
F,0089766
F,0089774
F,0089779
F,0089812
F,0089822
F,0089825
F,0089858
F,0089874
F,0089886
F,0089899
F,0089905
F,0089911
F,0089935
F,0089947
F,0089951
F,0089957
F,0089960
F,0089964
F,0089974
F,0089993
F,0090004
F,0090005
F,0090006
F,0090030
F,0090036
F,0090042
F,0090054
F,0090056
F,0090072
F,0090097
F,0090119
F,0090126
F,0090161
F,0090188
F,0090191
F,0090196
F,0090213
F,0090217
F,0090226
F,0090230
F,0090246
F,0090253
F,0090273
F,0090276
F,0090281
F,0090289
F,0090292
F,0090313
F,0090326
F,0090351
F,0090354
F,0090384
F,0090389
F,0090402
F,0090425
F,0090427
F,0090466
F,0090467
F,0090473
F,0090480
F,0090495
F,0090505
F,0090515
F,0090575
F,0090577
F,0090585
F,0090588
F,0090594
F,0090595
F,0090598
F,0090601
F,0090602
F,0090610
F,0090619
F,0090630
F,0090635
F,0090638
F,0090651
F,0090654
F,0090657
F,0090658
F,0090663
F,0090673
F,0090678
F,0090696
F,0090731
F,0090753
F,0090768
F,0090772
F,0090774
F,0090782
F,0090791
F,0090799
F,0090802
F,0090805
F,0090809
F,0090811
F,0090814
F,0090827
F,0090833
F,0090837
F,0090841
F,0090853
F,0090861
F,0090882
F,0090886
F,0090906
F,0090908
F,0090910
F,0090925
F,0090937
F,0090947
F,0090949
F,0090955
F,0090959
F,0090964
F,0090970
F,0090974
F,0090981
F,0091012
F,0091013
F,0091019
F,0091033
F,0091053
F,0091070
F,0091072
F,0091080
F,0091083
F,0091085
F,0091092
F,0091106
F,0091108
F,0091122
F,0091125
F,0091128
F,0091153
F,0091165
F,0091172
F,0091173
F,0091189
F,0091191
F,0091193
F,0091203
F,0091233
F,0091244
F,0091248
F,0091251
F,0091261
F,0091266
F,0091267
F,0091275
F,0091287
F,0091297
F,0091304
F,0091308
F,0091309
F,0091316
F,0091319
F,0091330
F,0091337
F,0091362
F,0091364
F,0091374
F,0091385
F,0091398
F,0091401
F,0091412
F,0091413
F,0091420
F,0091425
F,0091433
F,0091446
F,0091450
F,0091463
F,0091467
F,0091477
F,0091480
F,0091491
F,0091501
F,0091535
F,0091552
F,0091565
F,0091568
F,0091646
F,0091657
F,0091685
F,0091688
F,0091694
F,0091719
F,0091726
F,0091738
F,0091739
F,0091744
F,0091745
F,0091747
F,0091755
F,0091759
F,0091763
F,0091782
F,0091807
F,0091810
F,0091817
F,0091822
F,0091832
F,0091843
F,0091860
F,0091922
F,0091931
F,0091933
F,0091951
F,0091965
F,0091973
F,0091974
F,0091975
F,0091998
F,0092010
F,0092014
F,0092026
F,0092030
F,0092031
F,0092032
F,0092040
F,0092055
F,0092062
F,0092067
F,0092071
F,0092089
F,0092091
F,0092102
F,0092111
F,0092118
F,0092139
F,0092140
F,0092142
F,0092152
F,0092159
F,0092178
F,0092179
F,0092184
F,0092187
F,0092190
F,0092204
F,0092222
F,0092230
F,0092243
F,0092258
F,0092259
F,0092264
F,0092266
F,0092267
F,0092276
F,0092281
F,0092292
F,0092317
F,0092344
F,0092376
F,0092383
F,0092392
F,0092400
F,0092415
F,0092422
F,0092434
F,0092438
F,0092455
F,0092464
F,0092473
F,0092485
F,0092491
F,0092495
F,0092502
F,0092511
F,0092536
F,0092550
F,0092553
F,0092556
F,0092579
F,0092595
F,0092602
F,0092632
F,0092649
F,0092650
F,0092656
F,0092657
F,0092673
F,0092722
F,0092741
F,0092745
F,0092750
F,0092756
F,0092757
F,0092758
F,0092777
F,0092779
F,0092790
F,0092798
F,0092799
F,0092825
F,0092830
F,0092852
F,0092855
F,0092865
F,0092875
F,0092881
F,0092899
F,0092933
F,0092955
F,0092956
F,0092967
F,0092986
F,0092998
F,0093002
F,0093016
F,0093021
F,0093031
F,0093034
F,0093035
F,0093036
F,0093044
F,0093062
F,0093064
F,0093066
F,0093079
F,0093080
F,0093090
F,0093124
F,0093131
F,0093134
F,0093141
F,0093147
F,0093180
F,0093183
F,0093190
F,0093208
F,0093209
F,0093233
F,0093234
F,0093238
F,0093249
F,0093252
F,0093259
F,0093276
F,0093278
F,0093321
F,0093325
F,0093341
F,0093343
F,0093350
F,0093352
F,0093362
F,0093363
F,0093366
F,0093367
F,0093404
F,0093416
F,0093417
F,0093433
F,0093442
F,0093449
F,0093482
F,0093490
F,0093506
F,0093507
F,0093513
F,0093537
F,0093555
F,0093562
F,0093566
F,0093603
F,0093612
F,0093649
F,0093654
F,0093656
F,0093684
F,0093691
F,0093694
F,0093703
F,0093715
F,0093720
F,0093730
F,0093761
F,0093771
F,0093775
F,0093776
F,0093777
F,0093789
F,0093813
F,0093841
F,0093848
F,0093855
F,0093858
F,0093859
F,0093860
F,0093886
F,0093893
F,0093898
F,0093908
F,0093911
F,0093912
F,0093914
F,0093926
F,0093941
F,0093943
F,0093947
F,0093960
F,0093985
F,0093998
F,0094016
F,0094021
F,0094054
F,0094063
F,0094066
F,0094105
F,0094109
F,0094135
F,0094177
F,0094210
F,0094218
F,0094220
F,0094230
F,0094246
F,0094275
F,0094280
F,0094287
F,0094291
F,0094300
F,0094301
F,0094310
F,0094324
F,0094335
F,0094351
F,0094356
F,0094371
F,0094374
F,0094378
F,0094380
F,0094390
F,0094399
F,0094408
F,0094430
F,0094444
F,0094445
F,0094466
F,0094467
F,0094479
F,0094482
F,0094485
F,0094492
F,0094502
F,0094515
F,0094517
F,0094518
F,0094519
F,0094535
F,0094542
F,0094544
F,0094556
F,0094557
F,0094562
F,0094563
F,0094602
F,0094605
F,0094615
F,0094640
F,0094647
F,0094650
F,0094654
F,0094660
F,0094693
F,0094697
F,0094701
F,0094711
F,0094717
F,0094731
F,0094741
F,0094756
F,0094777
F,0094784
F,0094795
F,0094808
F,0094816
F,0094818
F,0094825
F,0094830
F,0094843
F,0094884
F,0094888
F,0094915
F,0094930
F,0094949
F,0094954
F,0094960
F,0094964
F,0094970
F,0094976
F,0095001
F,0095039
F,0095042
F,0095070
F,0095081
F,0095091
F,0095098
F,0095104
F,0095122
F,0095128
F,0095129
F,0095132
F,0095143
F,0095160
F,0095174
F,0095208
F,0095220
F,0095224
F,0095228
F,0095232
F,0095233
F,0095267
F,0095286
F,0095312
F,0095320
F,0095322
F,0095333
F,0095341
F,0095355
F,0095358
F,0095367
F,0095371
F,0095381
F,0095382
F,0095411
F,0095426
F,0095433
F,0095434
F,0095441
F,0095473
F,0095481
F,0095482
F,0095500
F,0095501
F,0095538
F,0095543
F,0095548
F,0095562
F,0095564
F,0095578
F,0095584
F,0095593
F,0095601
F,0095606
F,0095607
F,0095618
F,0095621
F,0095625
F,0095703
F,0095704
F,0095705
F,0095707
F,0095725
F,0095771
F,0095800
F,0095811
F,0095815
F,0095835
F,0095836
F,0095837
F,0095842
F,0095846
F,0095851
F,0095866
F,0095870
F,0095872
F,0095878
F,0095889
F,0095895
F,0095897
F,0095911
F,0095917
F,0095918
F,0095919
F,0095922
F,0095924
F,0095928
F,0095939
F,0095954
F,0095970
F,0095972
F,0095978
F,0095989
F,0095997
F,0096004
F,0096005
F,0096010
F,0096018
F,0096042
F,0096045
F,0096055
F,0096062
F,0096076
F,0096084
F,0096085
F,0096091
F,0096101
F,0096104
F,0096105
F,0096112
F,0096129
F,0096150
F,0096151
F,0096176
F,0096185
F,0096189
F,0096205
F,0096210
F,0096216
F,0096223
F,0096224
F,0096227
F,0096228
F,0096233
F,0096256
F,0096261
F,0096270
F,0096274
F,0096282
F,0096311
F,0096312
F,0096326
F,0096327
F,0096330
F,0096364
F,0096376
F,0096384
F,0096389
F,0096397
F,0096404
F,0096407
F,0096412
F,0096417
F,0096427
F,0096428
F,0096437
F,0096478
F,0096492
F,0096498
F,0096521
F,0096529
F,0096532
F,0096533
F,0096542
F,0096543
F,0096552
F,0096580
F,0096590
F,0096603
F,0096618
F,0096647
F,0096648
F,0096665
F,0096666
F,0096667
F,0096671
F,0096689
F,0096701
F,0096711
F,0096715
F,0096720
F,0096725
F,0096747
F,0096755
F,0096772
F,0096778
F,0096789
F,0096793
F,0096817
F,0096826
F,0096829
F,0096832
F,0096834
F,0096867
F,0096868
F,0096870
F,0096872
F,0096875
F,0096878
F,0096881
F,0096907
F,0096950
F,0096951
F,0096954
F,0096962
F,0096963
F,0096973
F,0096984
F,0096988
F,0096990
F,0096992
F,0096995
F,0096996
F,0096999
F,0097001
F,0097029
F,0097039
F,0097055
F,0097081
F,0097092
F,0097093
F,0097100
F,0097128
F,0097135
F,0097136
F,0097144
F,0097145
F,0097146
F,0097149
F,0097156
F,0097171
F,0097174
F,0097195
F,0097200
F,0097211
F,0097215
F,0097243
F,0097264
F,0097286
F,0097291
F,0097306
F,0097313
F,0097321
F,0097348
F,0097356
F,0097374
F,0097426
F,0097429
F,0097430
F,0097441
F,0097453
F,0097456
F,0097465
F,0097489
F,0097492
F,0097496
F,0097499
F,0097530
F,0097535
F,0097558
F,0097585
F,0097587
F,0097594
F,0097608
F,0097610
F,0097647
F,0097661
F,0097662
F,0097673
F,0097674
F,0097680
F,0097689
F,0097696
F,0097715
F,0097728
F,0097750
F,0097757
F,0097766
F,0097771
F,0097793
F,0097794
F,0097798
F,0097830
F,0097841
F,0097851
F,0097860
F,0097862
F,0097870
F,0097875
F,0097879
F,0097881
F,0097884
F,0097897
F,0097904
F,0097916
F,0097935
F,0097940
F,0097977
F,0097983
F,0098008
F,0098014
F,0098015
F,0098041
F,0098067
F,0098071
F,0098080
F,0098087
F,0098106
F,0098113
F,0098122
F,0098132
F,0098151
F,0098156
F,0098167
F,0098173
F,0098183
F,0098192
F,0098203
F,0098206
F,0098211
F,0098215
F,0098218
F,0098220
F,0098230
F,0098240
F,0098242
F,0098271
F,0098278
F,0098282
F,0098287
F,0098288
F,0098289
F,0098298
F,0098304
F,0098321
F,0098328
F,0098369
F,0098375
F,0098376
F,0098380
F,0098384
F,0098392
F,0098400
F,0098404
F,0098408
F,0098409
F,0098412
F,0098416
F,0098431
F,0098461
F,0098462
F,0098476
F,0098478
F,0098480
F,0098502
F,0098511
F,0098515
F,0098520
F,0098521
F,0098525
F,0098531
F,0098552
F,0098557
F,0098564
F,0098572
F,0098573
F,0098607
F,0098611
F,0098628
F,0098638
F,0098640
F,0098649
F,0098655
F,0098686
F,0098688
F,0098696
F,0098700
F,0098702
F,0098721
F,0098731
F,0098747
F,0098752
F,0098753
F,0098755
F,0098783
F,0098787
F,0098798
F,0098804
F,0098808
F,0098823
F,0098831
F,0098834
F,0098835
F,0098857
F,0098875
F,0098880
F,0098892
F,0098921
F,0098922
F,0098941
F,0098946
F,0098966
F,0098967
F,0098970
F,0098975
F,0098979
F,0098985
F,0098991
F,0099004
F,0099014
F,0099023
F,0099025
F,0099036
F,0099057
F,0099060
F,0099066
F,0099096
F,0099103
F,0099108
F,0099121
F,0099137
F,0099139
F,0099143
F,0099157
F,0099158
F,0099163
F,0099164
F,0099186
F,0099189
F,0099220
F,0099230
F,0099232
F,0099233
F,0099238
F,0099240
F,0099246
F,0099247
F,0099251
F,0099262
F,0099271
F,0099277
F,0099285
F,0099300
F,0099319
F,0099335
F,0099356
F,0099365
F,0099371
F,0099374
F,0099382
F,0099385
F,0099390
F,0099400
F,0099404
F,0099414
F,0099467
F,0099470
F,0099479
F,0099483
F,0099509
F,0099518
F,0099525
F,0099533
F,0099539
F,0099544
F,0099559
F,0099562
F,0099566
F,0099569
F,0099571
F,0099574
F,0099591
F,0099594
F,0099613
F,0099615
F,0099617
F,0099643
F,0099644
F,0099645
F,0099697
F,0099711
F,0099769
F,0099776
F,0099784
F,0099802
F,0099822
F,0099823
F,0099837
F,0099843
F,0099857
F,0099911
F,0099916
F,0099936
F,0099945
F,0099953
F,0099954
F,0099958
F,0099959
F,0099963
F,0099965
F,0099970
F,0099971
F,0099979
F,0099980
F,0099983
F,0099984
F,0099996
F,0100007
F,0100017
F,0100029
F,0100041
F,0100043
F,0100052
F,0100075
F,0100076
F,0100100
F,0100102
F,0100106
F,0100108
F,0100114
F,0100121
F,0100130
F,0100173
F,0100187
F,0100205
F,0100219
F,0100227
F,0100249
F,0100250
F,0100265
F,0100304
F,0100316
F,0100332
F,0100333
F,0100356
F,0100360
F,0100362
F,0100412
F,0100438
F,0100458
F,0100465
F,0100480
F,0100485
F,0100488
F,0100514
F,0100530
F,0100541
F,0100556
F,0100567
F,0100584
F,0100591
F,0100605
F,0100640
F,0100651
F,0100654
F,0100657
F,0100672
F,0100677
F,0100698
F,0100708
F,0100736
F,0100740
F,0100747
F,0100770
F,0100784
F,0100788
F,0100799
F,0100816
F,0100821
F,0100822
F,0100825
F,0100828
F,0100866
F,0100880
F,0100896
F,0100907
F,0100910
F,0100933
F,0100935
F,0100937
F,0100938
F,0100948
F,0100979
F,0100985
F,0100988
F,0100989
F,0100995
F,0101031
F,0101035
F,0101041
F,0101061
F,0101063
F,0101067
F,0101097
F,0101113
F,0101144
F,0101152
F,0101168
F,0101170
F,0101176
F,0101178
F,0101183
F,0101203
F,0101211
F,0101218
F,0101225
F,0101232
F,0101237
F,0101252
F,0101256
F,0101268
F,0101271
F,0101274
F,0101295
F,0101313
F,0101317
F,0101326
F,0101342
F,0101361
F,0101368
F,0101382
F,0101404
F,0101413
F,0101420
F,0101422
F,0101432
F,0101438
F,0101445
F,0101460
F,0101466
F,0101485
F,0101499
F,0101565
F,0101578
F,0101579
F,0101583
F,0101599
F,0101600
F,0101606
F,0101660
F,0101673
F,0101678
F,0101687
F,0101707
F,0101711
F,0101719
F,0101729
F,0101734
F,0101738
F,0101753
F,0101760
F,0101761
F,0101808
F,0101822
F,0101832
F,0101837
F,0101840
F,0101847
F,0101849
F,0101859
F,0101869
F,0101874
F,0101880
F,0101912
F,0101927
F,0101937
F,0101951
F,0101967
F,0101991
F,0101993
F,0101996
F,0102019
F,0102022
F,0102040
F,0102045
F,0102048
F,0102053
F,0102072
F,0102121
F,0102132
F,0102138
F,0102141
F,0102144
F,0102159
F,0102162
F,0102169
F,0102176
F,0102185
F,0102197
F,0102207
F,0102221
F,0102236
F,0102252
F,0102262
F,0102270
F,0102272
F,0102282
F,0102285
F,0102296
F,0102311
F,0102313
F,0102352
F,0102368
F,0102375
F,0102400
F,0102418
F,0102437
F,0102440
F,0102441
F,0102448
F,0102457
F,0102467
F,0102469
F,0102484
F,0102485
F,0102487
F,0102505
F,0102509
F,0102517
F,0102528
F,0102531
F,0102533
F,0102541
F,0102550
F,0102569
F,0102590
F,0102641
F,0102645
F,0102647
F,0102649
F,0102667
F,0102672
F,0102682
F,0102719
F,0102728
F,0102739
F,0102741
F,0102747
F,0102763
F,0102764
F,0102765
F,0102766
F,0102773
F,0102780
F,0102781
F,0102842
F,0102846
F,0102851
F,0102858
F,0102872
F,0102890
F,0102927
F,0102930
F,0102932
F,0102936
F,0102939
F,0102954
F,0102967
F,0102980
F,0102981
F,0102993
F,0103024
F,0103039
F,0103041
F,0103042
F,0103054
F,0103061
F,0103063
F,0103064
F,0103081
F,0103085
F,0103090
F,0103093
F,0103098
F,0103101
F,0103103
F,0103109
F,0103120
F,0103121
F,0103127
F,0103130
F,0103131
F,0103141
F,0103151
F,0103155
F,0103157
F,0103181
F,0103182
F,0103183
F,0103187
F,0103192
F,0103195
F,0103199
F,0103201
F,0103208
F,0103214
F,0103230
F,0103236
F,0103239
F,0103242
F,0103243
F,0103247
F,0103252
F,0103259
F,0103264
F,0103273
F,0103290
F,0103302
F,0103316
F,0103326
F,0103333
F,0103374
F,0103397
F,0103417
F,0103437
F,0103444
F,0103446
F,0103463
F,0103467
F,0103473
F,0103484
F,0103487
F,0103489
F,0103498
F,0103499
F,0103503
F,0103508
F,0103518
F,0103519
F,0103521
F,0103524
F,0103533
F,0103540
F,0103563
F,0103567
F,0103583
F,0103590
F,0103594
F,0103607
F,0103627
F,0103633
F,0103641
F,0103651
F,0103656
F,0103661
F,0103664
F,0103673
F,0103677
F,0103681
F,0103686
F,0103688
F,0103711
F,0103732
F,0103744
F,0103745
F,0103751
F,0103791
F,0103793
F,0103811
F,0103819
F,0103827
F,0103848
F,0103849
F,0103850
F,0103860
F,0103877
F,0103917
F,0103930
F,0103935
F,0103937
F,0103949
F,0103963
F,0103967
F,0103972
F,0103977
F,0103979
F,0103983
F,0104014
F,0104015
F,0104024
F,0104027
F,0104034
F,0104057
F,0104065
F,0104066
F,0104069
F,0104073
F,0104080
F,0104083
F,0104096
F,0104103
F,0104118
F,0104119
F,0104120
F,0104135
F,0104140
F,0104178
F,0104183
F,0104190
F,0104207
F,0104245
F,0104254
F,0104274
F,0104277
F,0104293
F,0104297
F,0104304
F,0104307
F,0104333
F,0104344
F,0104347
F,0104353
F,0104369
F,0104387
F,0104404
F,0104419
F,0104425
F,0104429
F,0104433
F,0104434
F,0104435
F,0104438
F,0104448
F,0104456
F,0104460
F,0104464
F,0104465
F,0104489
F,0104490
F,0104497
F,0104513
F,0104521
F,0104524
F,0104533
F,0104538
F,0104541
F,0104542
F,0104543
F,0104547
F,0104564
F,0104579
F,0104581
F,0104591
F,0104624
F,0104626
F,0104635
F,0104643
F,0104646
F,0104660
F,0104664
F,0104668
F,0104671
F,0104676
F,0104678
F,0104690
F,0104694
F,0104741
F,0104744
F,0104774
F,0104779
F,0104783
F,0104801
F,0104809
F,0104848
F,0104854
F,0104863
F,0104868
F,0104889
F,0104906
F,0104909
F,0104911
F,0104940
F,0104949
F,0104960
F,0104961
F,0104970
F,0104991
F,0105020
F,0105038
F,0105046
F,0105052
F,0105055
F,0105057
F,0105066
F,0105085
F,0105094
F,0105096
F,0105117
F,0105121
F,0105139
F,0105157
F,0105158
F,0105167
F,0105197
F,0105199
F,0105206
F,0105215
F,0105219
F,0105229
F,0105235
F,0105241
F,0105249
F,0105254
F,0105257
F,0105265
F,0105272
F,0105287
F,0105289
F,0105292
F,0105318
F,0105327
F,0105336
F,0105347
F,0105351
F,0105359
F,0105366
F,0105374
F,0105378
F,0105397
F,0105414
F,0105439
F,0105445
F,0105447
F,0105466
F,0105468
F,0105471
F,0105475
F,0105479
F,0105480
F,0105504
F,0105510
F,0105528
F,0105535
F,0105575
F,0105594
F,0105595
F,0105611
F,0105619
F,0105637
F,0105655
F,0105690
F,0105701
F,0105702
F,0105705
F,0105709
F,0105710
F,0105714
F,0105718
F,0105726
F,0105731
F,0105746
F,0105750
F,0105757
F,0105763
F,0105768
F,0105776
F,0105812
F,0105823
F,0105837
F,0105855
F,0105871
F,0105873
F,0105898
F,0105912
F,0105923
F,0105924
F,0105948
F,0105955
F,0105956
F,0105967
F,0105984
F,0106002
F,0106022
F,0106031
F,0106049
F,0106059
F,0106067
F,0106083
F,0106090
F,0106099
F,0106102
F,0106106
F,0106109
F,0106119
F,0106142
F,0106148
F,0106151
F,0106165
F,0106174
F,0106176
F,0106185
F,0106187
F,0106189
F,0106190
F,0106193
F,0106199
F,0106216
F,0106231
F,0106239
F,0106242
F,0106244
F,0106245
F,0106249
F,0106274
F,0106278
F,0106300
F,0106311
F,0106313
F,0106348
F,0106357
F,0106363
F,0106365
F,0106384
F,0106393
F,0106398
F,0106405
F,0106408
F,0106429
F,0106436
F,0106441
F,0106463
F,0106484
F,0106486
F,0106493
F,0106498
F,0106506
F,0106507
F,0106516
F,0106522
F,0106527
F,0106534
F,0106535
F,0106537
F,0106548
F,0106551
F,0106562
F,0106570
F,0106604
F,0106605
F,0106606
F,0106624
F,0106632
F,0106639
F,0106640
F,0106656
F,0106681
F,0106683
F,0106687
F,0106692
F,0106695
F,0106738
F,0106755
F,0106778
F,0106782
F,0106787
F,0106800
F,0106804
F,0106817
F,0106822
F,0106840
F,0106843
F,0106850
F,0106856
F,0106873
F,0106882
F,0106886
F,0106890
F,0106894
F,0106897
F,0106898
F,0106916
F,0106928
F,0106932
F,0106933
F,0106942
F,0106944
F,0106950
F,0106953
F,0106967
F,0106972
F,0106988
F,0106997
F,0107006
F,0107013
F,0107014
F,0107027
F,0107034
F,0107036
F,0107037
F,0107042
F,0107045
F,0107052
F,0107061
F,0107071
F,0107088
F,0107112
F,0107114
F,0107149
F,0107153
F,0107160
F,0107178
F,0107183
F,0107187
F,0107190
F,0107203
F,0107206
F,0107208
F,0107216
F,0107225
F,0107233
F,0107239
F,0107250
F,0107251
F,0107266
F,0107277
F,0107299
F,0107306
F,0107308
F,0107316
F,0107324
F,0107327
F,0107330
F,0107338
F,0107341
F,0107367
F,0107369
F,0107370
F,0107392
F,0107405
F,0107408
F,0107424
F,0107432
F,0107436
F,0107441
F,0107465
F,0107466
F,0107478
F,0107511
F,0107515
F,0107537
F,0107552
F,0107553
F,0107561
F,0107565
F,0107572
F,0107579
F,0107582
F,0107593
F,0107612
F,0107615
F,0107616
F,0107633
F,0107638
F,0107646
F,0107647
F,0107654
F,0107694
F,0107695
F,0107698
F,0107705
F,0107706
F,0107717
F,0107735
F,0107744
F,0107745
F,0107758
F,0107767
F,0107774
F,0107787
F,0107790
F,0107793
F,0107795
F,0107798
F,0107810
F,0107811
F,0107823
F,0107832
F,0107835
F,0107859
F,0107860
F,0107868
F,0107874
F,0107880
F,0107889
F,0107903
F,0107918
F,0107935
F,0107952
F,0107953
F,0107961
F,0107981
F,0107988
F,0107999
F,0108023
F,0108046
F,0108048
F,0108072
F,0108079
F,0108093
F,0108102
F,0108103
F,0108109
F,0108115
F,0108145
F,0108160
F,0108205
F,0108207
F,0108218
F,0108229
F,0108234
F,0108243
F,0108252
F,0108268
F,0108271
F,0108274
F,0108281
F,0108301
F,0108313
F,0108324
F,0108335
F,0108339
F,0108366
F,0108369
F,0108373
F,0108378
F,0108379
F,0108380
F,0108386
F,0108387
F,0108390
F,0108423
F,0108427
F,0108451
F,0108469
F,0108484
F,0108485
F,0108496
F,0108505
F,0108511
F,0108524
F,0108529
F,0108543
F,0108551
F,0108559
F,0108576
F,0108593
F,0108620
F,0108645
F,0108664
F,0108683
F,0108689
F,0108707
F,0108725
F,0108726
F,0108729
F,0108747
F,0108748
F,0108756
F,0108761
F,0108763
F,0108765
F,0108774
F,0108775
F,0108780
F,0108803
F,0108828
F,0108830
F,0108853
F,0108861
F,0108863
F,0108869
F,0108872
F,0108891
F,0108918
F,0108931
F,0108937
F,0108951
F,0108953
F,0108971
F,0108988
F,0109001
F,0109036
F,0109039
F,0109053
F,0109079
F,0109086
F,0109093
F,0109115
F,0109118
F,0109132
F,0109146
F,0109155
F,0109167
F,0109170
F,0109196
F,0109204
F,0109210
F,0109229
F,0109238
F,0109264
F,0109274
F,0109322
F,0109329
F,0109330
F,0109332
F,0109342
F,0109345
F,0109379
F,0109401
F,0109404
F,0109415
F,0109417
F,0109418
F,0109435
F,0109441
F,0109442
F,0109448
F,0109450
F,0109462
F,0109482
F,0109491
F,0109499
F,0109503
F,0109511
F,0109515
F,0109520
F,0109538
F,0109542
F,0109544
F,0109546
F,0109547
F,0109551
F,0109553
F,0109556
F,0109557
F,0109571
F,0109573
F,0109577
F,0109595
F,0109600
F,0109605
F,0109611
F,0109634
F,0109635
F,0109636
F,0109637
F,0109638
F,0109643
F,0109667
F,0109685
F,0109687
F,0109688
F,0109693
F,0109703
F,0109726
F,0109742
F,0109780
F,0109783
F,0109794
F,0109814
F,0109828
F,0109832
F,0109847
F,0109891
F,0109894
F,0109903
F,0109904
F,0109911
F,0109937
F,0109945
F,0109949
F,0109953
F,0109962
F,0109963
F,0110005
F,0110016
F,0110017
F,0110020
F,0110027
F,0110032
F,0110046
F,0110050
F,0110063
F,0110085
F,0110114
F,0110118
F,0110120
F,0110122
F,0110138
F,0110142
F,0110149
F,0110150
F,0110159
F,0110162
F,0110165
F,0110166
F,0110178
F,0110182
F,0110188
F,0110210
F,0110213
F,0110222
F,0110240
F,0110241
F,0110255
F,0110259
F,0110260
F,0110270
F,0110286
F,0110288
F,0110320
F,0110330
F,0110334
F,0110336
F,0110368
F,0110375
F,0110382
F,0110388
F,0110393
F,0110394
F,0110399
F,0110400
F,0110404
F,0110405
F,0110411
F,0110416
F,0110454
F,0110462
F,0110468
F,0110473
F,0110483
F,0110486
F,0110487
F,0110493
F,0110496
F,0110500
F,0110512
F,0110525
F,0110540
F,0110543
F,0110548
F,0110590
F,0110591
F,0110608
F,0110623
F,0110626
F,0110633
F,0110642
F,0110645
F,0110684
F,0110692
F,0110703
F,0110709
F,0110719
F,0110756
F,0110760
F,0110772
F,0110791
F,0110793
F,0110806
F,0110812
F,0110826
F,0110827
F,0110833
F,0110840
F,0110852
F,0110861
F,0110871
F,0110874
F,0110877
F,0110884
F,0110900
F,0110907
F,0110936
F,0110942
F,0110962
F,0110968
F,0110972
F,0110977
F,0110980
F,0110985
F,0110986
F,0110996
F,0111009
F,0111025
F,0111028
F,0111030
F,0111032
F,0111047
F,0111049
F,0111084
F,0111092
F,0111096
F,0111097
F,0111115
F,0111145
F,0111148
F,0111152
F,0111154
F,0111188
F,0111205
F,0111209
F,0111224
F,0111236
F,0111239
F,0111241
F,0111279
F,0111291
F,0111300
F,0111309
F,0111310
F,0111311
F,0111326
F,0111328
F,0111352
F,0111354
F,0111356
F,0111366
F,0111368
F,0111375
F,0111377
F,0111385
F,0111400
F,0111407
F,0111414
F,0111462
F,0111486
F,0111491
F,0111493
F,0111494
F,0111496
F,0111506
F,0111520
F,0111527
F,0111537
F,0111548
F,0111552
F,0111559
F,0111560
F,0111578
F,0111581
F,0111586
F,0111596
F,0111600
F,0111602
F,0111629
F,0111641
F,0111644
F,0111657
F,0111660
F,0111669
F,0111673
F,0111674
F,0111677
F,0111682
F,0111692
F,0111694
F,0111714
F,0111722
F,0111723
F,0111730
F,0111732
F,0111733
F,0111742
F,0111783
F,0111784
F,0111827
F,0111842
F,0111844
F,0111851
F,0111861
F,0111862
F,0111865
F,0111897
F,0111907
F,0111924
F,0111953
F,0111959
F,0111976
F,0111981
F,0111986
F,0112006
F,0112016
F,0112037
F,0112045
F,0112067
F,0112073
F,0112075
F,0112084
F,0112090
F,0112105
F,0112111
F,0112117
F,0112119
F,0112131
F,0112132
F,0112146
F,0112149
F,0112159
F,0112163
F,0112167
F,0112169
F,0112175
F,0112191
F,0112212
F,0112222
F,0112247
F,0112252
F,0112256
F,0112266
F,0112272
F,0112274
F,0112280
F,0112283
F,0112285
F,0112291
F,0112292
F,0112303
F,0112316
F,0112323
F,0112330
F,0112335
F,0112348
F,0112351
F,0112355
F,0112357
F,0112373
F,0112374
F,0112380
F,0112383
F,0112398
F,0112416
F,0112418
F,0112419
F,0112423
F,0112442
F,0112448
F,0112460
F,0112465
F,0112477
F,0112479
F,0112486
F,0112498
F,0112499
F,0112500
F,0112502
F,0112525
F,0112559
F,0112565
F,0112570
F,0112571
F,0112575
F,0112586
F,0112607
F,0112620
F,0112634
F,0112662
F,0112679
F,0112684
F,0112706
F,0112724
F,0112732
F,0112735
F,0112736
F,0112739
F,0112748
F,0112755
F,0112758
F,0112778
F,0112780
F,0112781
F,0112797
F,0112806
F,0112817
F,0112822
F,0112829
F,0112837
F,0112845
F,0112857
F,0112864
F,0112886
F,0112891
F,0112908
F,0112919
F,0112920
F,0112923
F,0112936
F,0112943
F,0112945
F,0112947
F,0112954
F,0112961
F,0112982
F,0112989
F,0112990
F,0112998
F,0113002
F,0113009
F,0113012
F,0113022
F,0113039
F,0113043
F,0113071
F,0113072
F,0113083
F,0113132
F,0113144
F,0113146
F,0113157
F,0113183
F,0113230
F,0113247
F,0113259
F,0113267
F,0113290
F,0113319
F,0113323
F,0113325
F,0113329
F,0113339
F,0113353
F,0113383
F,0113391
F,0113393
F,0113396
F,0113401
F,0113402
F,0113407
F,0113418
F,0113421
F,0113435
F,0113477
F,0113482
F,0113516
F,0113519
F,0113534
F,0113542
F,0113548
F,0113551
F,0113571
F,0113579
F,0113584
F,0113592
F,0113598
F,0113604
F,0113622
F,0113638
F,0113653
F,0113664
F,0113669
F,0113674
F,0113680
F,0113698
F,0113699
F,0113700
F,0113701
F,0113708
F,0113724
F,0113743
F,0113744
F,0113753
F,0113754
F,0113762
F,0113769
F,0113776
F,0113788
F,0113795
F,0113797
F,0113817
F,0113820
F,0113824
F,0113849
F,0113855
F,0113858
F,0113867
F,0113875
F,0113879
F,0113888
F,0113907
F,0113909
F,0113921
F,0113924
F,0113933
F,0113938
F,0113940
F,0113948
F,0113961
F,0113965
F,0113968
F,0113969
F,0113982
F,0113989
F,0113997
F,0114027
F,0114028
F,0114037
F,0114041
F,0114047
F,0114052
F,0114084
F,0114086
F,0114092
F,0114093
F,0114095
F,0114110
F,0114115
F,0114121
F,0114127
F,0114131
F,0114132
F,0114139
F,0114148
F,0114155
F,0114160
F,0114162
F,0114170
F,0114175
F,0114178
F,0114183
F,0114185
F,0114201
F,0114223
F,0114233
F,0114236
F,0114247
F,0114255
F,0114275
F,0114283
F,0114310
F,0114312
F,0114328
F,0114339
F,0114345
F,0114346
F,0114352
F,0114375
F,0114376
F,0114383
F,0114420
F,0114429
F,0114435
F,0114442
F,0114453
F,0114455
F,0114478
F,0114489
F,0114494
F,0114500
F,0114506
F,0114511
F,0114517
F,0114519
F,0114525
F,0114526
F,0114546
F,0114547
F,0114552
F,0114556
F,0114579
F,0114590
F,0114615
F,0114617
F,0114631
F,0114636
F,0114639
F,0114661
F,0114681
F,0114686
F,0114688
F,0114690
F,0114695
F,0114699
F,0114739
F,0114740
F,0114778
F,0114797
F,0114820
F,0114821
F,0114828
F,0114834
F,0114844
F,0114850
F,0114851
F,0114856
F,0114867
F,0114869
F,0114878
F,0114884
F,0114888
F,0114891
F,0114893
F,0114899
F,0114903
F,0114908
F,0114914
F,0114925
F,0114927
F,0114939
F,0114947
F,0114952
F,0114953
F,0114962
F,0115003
F,0115004
F,0115013
F,0115035
F,0115037
F,0115049
F,0115065
F,0115070
F,0115071
F,0115080
F,0115094
F,0115100
F,0115117
F,0115127
F,0115131
F,0115136
F,0115139
F,0115148
F,0115154
F,0115157
F,0115164
F,0115173
F,0115179
F,0115181
F,0115187
F,0115189
F,0115196
F,0115217
F,0115218
F,0115247
F,0115255
F,0115258
F,0115264
F,0115287
F,0115289
F,0115321
F,0115341
F,0115344
F,0115346
F,0115360
F,0115369
F,0115385
F,0115408
F,0115460
F,0115482
F,0115492
F,0115494
F,0115506
F,0115514
F,0115548
F,0115553
F,0115561
F,0115568
F,0115571
F,0115575
F,0115581
F,0115590
F,0115609
F,0115613
F,0115629
F,0115630
F,0115639
F,0115641
F,0115642
F,0115652
F,0115694
F,0115702
F,0115718
F,0115720
F,0115732
F,0115744
F,0115749
F,0115755
F,0115761
F,0115765
F,0115771
F,0115780
F,0115796
F,0115805
F,0115811
F,0115829
F,0115860
F,0115861
F,0115880
F,0115960
F,0115970
F,0115973
F,0115993
F,0116004
F,0116016
F,0116022
F,0116042
F,0116053
F,0116095
F,0116097
F,0116099
F,0116100
F,0116111
F,0116130
F,0116139
F,0116140
F,0116157
F,0116159
F,0116166
F,0116187
F,0116190
F,0116191
F,0116205
F,0116206
F,0116221
F,0116235
F,0116245
F,0116246
F,0116250
F,0116259
F,0116264
F,0116273
F,0116285
F,0116289
F,0116296
F,0116335
F,0116354
F,0116365
F,0116379
F,0116392
F,0116403
F,0116415
F,0116423
F,0116429
F,0116431
F,0116438
F,0116444
F,0116449
F,0116450
F,0116542
F,0116560
F,0116567
F,0116579
F,0116587
F,0116592
F,0116594
F,0116604
F,0116606
F,0116615
F,0116655
F,0116657
F,0116666
F,0116685
F,0116689
F,0116691
F,0116695
F,0116746
F,0116756
F,0116762
F,0116780
F,0116794
F,0116796
F,0116806
F,0116809
F,0116820
F,0116826
F,0116833
F,0116841
F,0116843
F,0116852
F,0116855
F,0116879
F,0116899
F,0116907
F,0116908
F,0116919
F,0116940
F,0116954
F,0116958
F,0116965
F,0116979
F,0116981
F,0116984
F,0116998
F,0117009
F,0117013
F,0117021
F,0117026
F,0117028
F,0117040
F,0117044
F,0117052
F,0117065
F,0117072
F,0117075
F,0117084
F,0117097
F,0117100
F,0117110
F,0117116
F,0117118
F,0117130
F,0117133
F,0117136
F,0117138
F,0117144
F,0117165
F,0117167
F,0117172
F,0117202
F,0117215
F,0117224
F,0117226
F,0117236
F,0117244
F,0117257
F,0117294
F,0117314
F,0117328
F,0117329
F,0117343
F,0117359
F,0117364
F,0117370
F,0117371
F,0117399
F,0117422
F,0117425
F,0117434
F,0117435
F,0117442
F,0117447
F,0117464
F,0117466
F,0117506
F,0117507
F,0117517
F,0117523
F,0117530
F,0117533
F,0117535
F,0117545
F,0117549
F,0117554
F,0117555
F,0117556
F,0117559
F,0117580
F,0117585
F,0117593
F,0117601
F,0117612
F,0117616
F,0117630
F,0117645
F,0117650
F,0117659
F,0117662
F,0117665
F,0117676
F,0117681
F,0117685
F,0117686
F,0117687
F,0117690
F,0117701
F,0117709
F,0117711
F,0117728
F,0117740
F,0117748
F,0117752
F,0117760
F,0117761
F,0117763
F,0117765
F,0117777
F,0117780
F,0117783
F,0117814
F,0117857
F,0117873
F,0117883
F,0117884
F,0117892
F,0117898
F,0117899
F,0117902
F,0117904
F,0117915
F,0117932
F,0117957
F,0117961
F,0117969
F,0117972
F,0117976
F,0117983
F,0118019
F,0118032
F,0118043
F,0118070
F,0118076
F,0118098
F,0118101
F,0118102
F,0118110
F,0118113
F,0118132
F,0118141
F,0118145
F,0118159
F,0118163
F,0118182
F,0118188
F,0118193
F,0118197
F,0118205
F,0118232
F,0118243
F,0118263
F,0118268
F,0118277
F,0118281
F,0118283
F,0118285
F,0118310
F,0118316
F,0118324
F,0118328
F,0118343
F,0118353
F,0118355
F,0118367
F,0118377
F,0118384
F,0118406
F,0118409
F,0118412
F,0118417
F,0118421
F,0118438
F,0118441
F,0118458
F,0118471
F,0118495
F,0118501
F,0118504
F,0118515
F,0118560
F,0118564
F,0118581
F,0118588
F,0118597
F,0118605
F,0118619
F,0118620
F,0118626
F,0118635
F,0118637
F,0118638
F,0118659
F,0118695
F,0118698
F,0118712
F,0118719
F,0118721
F,0118749
F,0118765
F,0118783
F,0118790
F,0118798
F,0118801
F,0118807
F,0118817
F,0118821
F,0118841
F,0118842
F,0118847
F,0118848
F,0118851
F,0118852
F,0118855
F,0118867
F,0118934
F,0118938
F,0118943
F,0118952
F,0118955
F,0118981
F,0119007
F,0119013
F,0119017
F,0119027
F,0119042
F,0119046
F,0119058
F,0119065
F,0119066
F,0119079
F,0119085
F,0119088
F,0119097
F,0119100
F,0119105
F,0119119
F,0119136
F,0119140
F,0119143
F,0119151
F,0119157
F,0119183
F,0119192
F,0119193
F,0119209
F,0119220
F,0119229
F,0119233
F,0119240
F,0119250
F,0119255
F,0119301
F,0119305
F,0119324
F,0119327
F,0119333
F,0119338
F,0119343
F,0119347
F,0119360
F,0119366
F,0119384
F,0119401
F,0119403
F,0119407
F,0119415
F,0119428
F,0119432
F,0119453
F,0119457
F,0119458
F,0119479
F,0119481
F,0119494
F,0119513
F,0119520
F,0119528
F,0119530
F,0119535
F,0119541
F,0119545
F,0119552
F,0119557
F,0119559
F,0119567
F,0119570
F,0119571
F,0119575
F,0119577
F,0119578
F,0119582
F,0119597
F,0119634
F,0119648
F,0119652
F,0119653
F,0119654
F,0119665
F,0119668
F,0119671
F,0119683
F,0119689
F,0119690
F,0119691
F,0119713
F,0119722
F,0119734
F,0119777
F,0119790
F,0119801
F,0119803
F,0119804
F,0119805
F,0119806
F,0119809
F,0119814
F,0119821
F,0119824
F,0119827
F,0119833
F,0119843
F,0119868
F,0119896
F,0119901
F,0119907
F,0119924
F,0119928
F,0119930
F,0119932
F,0119934
F,0119935
F,0119936
F,0119941
F,0119943
F,0119944
F,0119952
F,0119954
F,0119958
F,0119964
F,0119969
F,0119975
F,0119977
F,0119981
F,0119992
F,0119996
F,0120001
F,0120032
F,0120034
F,0120046
F,0120057
F,0120058
F,0120062
F,0120064
F,0120069
F,0120082
F,0120086
F,0120103
F,0120111
F,0120119
F,0120124
F,0120141
F,0120145
F,0120150
F,0120151
F,0120161
F,0120165
F,0120170
F,0120171
F,0120173
F,0120184
F,0120194
F,0120205
F,0120206
F,0120208
F,0120211
F,0120222
F,0120234
F,0120251
F,0120255
F,0120270
F,0120271
F,0120277
F,0120292
F,0120330
F,0120347
F,0120353
F,0120371
F,0120379
F,0120380
F,0120382
F,0120393
F,0120402
F,0120422
F,0120428
F,0120437
F,0120440
F,0120441
F,0120462
F,0120495
F,0120499
F,0120504
F,0120511
F,0120515
F,0120520
F,0120524
F,0120529
F,0120535
F,0120536
F,0120568
F,0120571
F,0120574
F,0120602
F,0120606
F,0120614
F,0120615
F,0120628
F,0120630
F,0120631
F,0120637
F,0120641
F,0120643
F,0120657
F,0120675
F,0120679
F,0120705
F,0120706
F,0120711
F,0120713
F,0120733
F,0120734
F,0120750
F,0120753
F,0120773
F,0120775
F,0120790
F,0120803
F,0120808
F,0120822
F,0120837
F,0120849
F,0120852
F,0120861
F,0120868
F,0120871
F,0120880
F,0120882
F,0120893
F,0120896
F,0120897
F,0120913
F,0120915
F,0120940
F,0120942
F,0120946
F,0120952
F,0120956
F,0120958
F,0120980
F,0120999
F,0121000
F,0121003
F,0121013
F,0121042
F,0121048
F,0121064
F,0121075
F,0121076
F,0121079
F,0121106
F,0121113
F,0121123
F,0121124
F,0121128
F,0121134
F,0121138
F,0121147
F,0121157
F,0121176
F,0121180
F,0121185
F,0121200
F,0121210
F,0121211
F,0121216
F,0121233
F,0121247
F,0121259
F,0121282
F,0121293
F,0121295
F,0121308
F,0121346
F,0121363
F,0121373
F,0121382
F,0121386
F,0121393
F,0121397
F,0121401
F,0121405
F,0121424
F,0121429
F,0121434
F,0121452
F,0121454
F,0121460
F,0121466
F,0121472
F,0121476
F,0121477
F,0121485
F,0121492
F,0121496
F,0121513
F,0121517
F,0121521
F,0121527
F,0121536
F,0121545
F,0121555
F,0121557
F,0121561
F,0121563
F,0121580
F,0121582
F,0121605
F,0121616
F,0121617
F,0121625
F,0121628
F,0121635
F,0121652
F,0121654
F,0121668
F,0121680
F,0121685
F,0121686
F,0121690
F,0121691
F,0121696
F,0121698
F,0121703
F,0121709
F,0121711
F,0121712
F,0121720
F,0121727
F,0121736
F,0121742
F,0121758
F,0121761
F,0121770
F,0121801
F,0121843
F,0121855
F,0121874
F,0121877
F,0121884
F,0121897
F,0121901
F,0121903
F,0121907
F,0121918
F,0121919
F,0121923
F,0121925
F,0121953
F,0121960
F,0121965
F,0121972
F,0121975
F,0122008
F,0122015
F,0122042
F,0122049
F,0122071
F,0122079
F,0122080
F,0122089
F,0122092
F,0122094
F,0122113
F,0122133
F,0122142
F,0122145
F,0122147
F,0122153
F,0122167
F,0122180
F,0122187
F,0122204
F,0122209
F,0122210
F,0122219
F,0122224
F,0122226
F,0122237
F,0122241
F,0122248
F,0122267
F,0122269
F,0122278
F,0122280
F,0122286
F,0122287
F,0122288
F,0122297
F,0122314
F,0122319
F,0122343
F,0122363
F,0122368
F,0122371
F,0122377
F,0122383
F,0122388
F,0122405
F,0122415
F,0122451
F,0122454
F,0122455
F,0122456
F,0122469
F,0122471
F,0122487
F,0122488
F,0122494
F,0122510
F,0122525
F,0122559
F,0122562
F,0122578
F,0122585
F,0122586
F,0122598
F,0122599
F,0122601
F,0122606
F,0122607
F,0122611
F,0122627
F,0122632
F,0122651
F,0122655
F,0122657
F,0122668
F,0122682
F,0122692
F,0122698
F,0122712
F,0122729
F,0122740
F,0122743
F,0122758
F,0122769
F,0122776
F,0122785
F,0122800
F,0122807
F,0122817
F,0122818
F,0122822
F,0122834
F,0122853
F,0122866
F,0122871
F,0122892
F,0122920
F,0122921
F,0122923
F,0122927
F,0122953
F,0122971
F,0122977
F,0122986
F,0122988
F,0122995
F,0122997
F,0122998
F,0123001
F,0123009
F,0123013
F,0123028
F,0123031
F,0123044
F,0123045
F,0123060
F,0123065
F,0123067
F,0123080
F,0123096
F,0123102
F,0123118
F,0123120
F,0123125
F,0123126
F,0123128
F,0123129
F,0123132
F,0123150
F,0123159
F,0123171
F,0123181
F,0123193
F,0123207
F,0123216
F,0123226
F,0123230
F,0123232
F,0123236
F,0123241
F,0123242
F,0123254
F,0123255
F,0123264
F,0123265
F,0123277
F,0123280
F,0123282
F,0123297
F,0123304
F,0123305
F,0123310
F,0123313
F,0123327
F,0123332
F,0123334
F,0123335
F,0123343
F,0123353
F,0123362
F,0123371
F,0123375
F,0123376
F,0123381
F,0123395
F,0123400
F,0123404
F,0123419
F,0123432
F,0123438
F,0123443
F,0123444
F,0123457
F,0123467
F,0123481
F,0123482
F,0123489
F,0123504
F,0123536
F,0123552
F,0123556
F,0123561
F,0123568
F,0123572
F,0123574
F,0123577
F,0123582
F,0123583
F,0123586
F,0123587
F,0123588
F,0123593
F,0123597
F,0123612
F,0123616
F,0123619
F,0123626
F,0123628
F,0123630
F,0123631
F,0123647
F,0123671
F,0123673
F,0123676
F,0123679
F,0123681
F,0123697
F,0123710
F,0123722
F,0123744
F,0123745
F,0123748
F,0123750
F,0123752
F,0123755
F,0123767
F,0123793
F,0123794
F,0123796
F,0123799
F,0123801
F,0123802
F,0123812
F,0123815
F,0123816
F,0123818
F,0123819
F,0123829
F,0123831
F,0123832
F,0123842
F,0123848
F,0123862
F,0123866
F,0123872
F,0123887
F,0123899
F,0123906
F,0123917
F,0123920
F,0123925
F,0123934
F,0123938
F,0123944
F,0123945
F,0123956
F,0123957
F,0123965
F,0123971
F,0123995
F,0124002
F,0124012
F,0124017
F,0124019
F,0124022
F,0124025
F,0124037
F,0124039
F,0124042
F,0124051
F,0124056
F,0124071
F,0124075
F,0124076
F,0124077
F,0124083
F,0124087
F,0124088
F,0124090
F,0124094
F,0124102
F,0124109
F,0124112
F,0124113
F,0124115
F,0124126
F,0124127
F,0124135
F,0124140
F,0124146
F,0124150
F,0124157
F,0124164
F,0124165
F,0124166
F,0124184
F,0124194
F,0124199
F,0124206
F,0124216
F,0124219
F,0124225
F,0124242
F,0124251
F,0124252
F,0124253
F,0124274
F,0124278
F,0124285
F,0124289
F,0124312
F,0124313
F,0124321
F,0124341
F,0124355
F,0124357
F,0124372
F,0124378
F,0124393
F,0124399
F,0124418
F,0124425
F,0124426
F,0124435
F,0124441
F,0124442
F,0124446
F,0124462
F,0124470
F,0124475
F,0124476
F,0124480
F,0124482
F,0124484
F,0124503
F,0124515
F,0124522
F,0124524
F,0124535
F,0124561
F,0124562
F,0124564
F,0124571
F,0124577
F,0124597
F,0124606
F,0124611
F,0124612
F,0124616
F,0124631
F,0124635
F,0124650
F,0124666
F,0124678
F,0124679
F,0124689
F,0124698
F,0124705
F,0124714
F,0124726
F,0124728
F,0124740
F,0124752
F,0124755
F,0124768
F,0124772
F,0124800
F,0124807
F,0124811
F,0124839
F,0124870
F,0124883
F,0124898
F,0124903
F,0124908
F,0124916
F,0124919
F,0124926
F,0124943
F,0124950
F,0124979
F,0124982
F,0124986
F,0124987
F,0125055
F,0125073
F,0125078
F,0125086
F,0125107
F,0125110
F,0125124
F,0125127
F,0125130
F,0125134
F,0125137
F,0125147
F,0125154
F,0125156
F,0125177
F,0125245
F,0125250
F,0125265
F,0125292
F,0125312
F,0125334
F,0125344
F,0125359
F,0125368
F,0125381
F,0125421
F,0125448
F,0125451
F,0125471
F,0125478
F,0125503
F,0125519
F,0125553
F,0125564
F,0125578
F,0125585
F,0125596
F,0125622
F,0125672
F,0125674
F,0125699
F,0125707
F,0125731
F,0125765
F,0125770
F,0125774
F,0125777
F,0125785
F,0125791
F,0125803
F,0125810
F,0125821
F,0125842
F,0125848
F,0125856
F,0125865
F,0125882
F,0125890
F,0125892
F,0125894
F,0125930
F,0125936
F,0125938
F,0125949
F,0125958
F,0125969
F,0125992
F,0126005
F,0126010
F,0126017
F,0126018
F,0126026
F,0126067
F,0126072
F,0126082
F,0126110
F,0126129
F,0126136
F,0126142
F,0126162
F,0126197
F,0126209
F,0126242
F,0126256
F,0126265
F,0126276
F,0126282
F,0126290
F,0126318
F,0126322
F,0126328
F,0126344
F,0126347
F,0126362
F,0126379
F,0126410
F,0126424
F,0126427
F,0126430
F,0126442
F,0126444
F,0126480
F,0126495
F,0126517
F,0126581
F,0126596
F,0126623
F,0126651
F,0126687
F,0126712
F,0126730
F,0126740
F,0126742
F,0126764
F,0126765
F,0126770
F,0126823
F,0126869
F,0126877
F,0126918
F,0126928
F,0127050
F,0127092
F,0127137
F,0127175
F,0127245
F,0127314
F,0127323
F,0127415
F,0127439
F,0127539
F,0127545
F,0127587
F,0127608
F,0127617
F,0127641
F,0127674
F,0127717
F,0127723
F,0127751
F,0127758
F,0127829
F,0127893
F,0127951
F,0128004
F,0128014
F,0128020
F,0128100
F,0128114
F,0128167
F,0128201
F,0128205
F,0128208
F,0128293
F,0128301
F,0128317
F,0128373
F,0128386
F,0128397
F,0128420
F,0128455
F,0128523
F,0128633
F,0128680
F,0128700
F,0128717
F,0128823
F,0128878
F,0128879
F,0128929
F,0128987
F,0129025
F,0130001
F,0130015
F,0130021
F,0130030
F,0130034
F,0130037
F,0130046
F,0130051
F,0130062
F,0130083
F,0130098
F,0130099
F,0130102
F,0130120
F,0130129
F,0130150
F,0130160
F,0130176
F,0130200
F,0130227
F,0130229
F,0130230
F,0130232
F,0130242
F,0130262
F,0130289
F,0130301
F,0130312
F,0130331
F,0130339
F,0130353
F,0130356
F,0130360
F,0130370
F,0130372
F,0130411
F,0130415
F,0130418
F,0130419
F,0130423
F,0514497
F,0549790
F,0558983
F,3000005
F,3000024
F,3000035
F,3000068
F,3000069
F,3000098
F,3000114
F,3000115
F,3000122
F,3000124
F,3000125
F,3000166
F,3000180
F,3000205
F,3000213
F,3000223
F,3000301
F,3000315
F,3000389
F,3000437
F,3000459
F,3000480
F,3000485
F,3000497
F,3000508
F,3000530
F,3000533
F,3000536
F,3000560
F,3000582
F,3000586
F,3000592
F,3000611
F,3000612
F,3000631
F,3000636
F,3000643
F,3000644
F,3000649
F,3000658
F,3000713
F,3000715
F,3000722
F,3000723
F,3000762
F,3000771
F,3000787
F,3000788
F,3000858
F,3000863
F,3000881
F,3000893
F,3001077
F,3001089
F,3001094
F,3001138
F,3001203
F,3001246
F,3001274
F,3001310
F,3001348
F,3001429
F,3001558
F,3001590
F,3001615
F,3001650
F,3001654
F,3001674
F,3001703
F,3001714
F,3001715
F,3001718
F,3001720
F,3001725
F,3001775
F,3001782
F,3001788
F,3001789
F,3001791
F,3001877
F,3002006
F,3002040
F,3002077
F,3002126
F,3002140
F,3002157
F,3002178
F,3002196
F,3002214
F,3002216
F,3002261
F,3002266
F,3002349
F,3002350
F,3002376
F,3002399
F,3002403
F,3002405
F,3002434
F,3002464
F,3002478
F,3002487
F,3002497
F,3002544
F,3002612
F,3002628
F,3002656
F,3002664
F,3002691
F,3002698
F,3002701
F,3002764
F,3002769
F,3002780
F,3002811
F,3002818
F,3002837
F,3002852
F,3002858
F,3002884
F,3002903
F,3002913
F,3002938
F,3002941
F,3002954
F,3002976
F,3002992
F,3003013
F,3003031
F,3003035
F,3003038
F,3003045
F,3003096
F,3003120
F,3003130
F,3003147
F,3003150
F,3003172
F,3003181
F,3003186
F,3003216
F,3003221
F,3003224
F,3003229
F,3003255
F,3003256
F,3003267
F,3003289
F,3003301
F,3003309
F,3003312
F,3003329
F,3003370
F,3003373
F,3003375
F,3003380
F,3003396
F,3003397
F,3003415
F,3003425
F,3003430
F,3003530
F,3003533
F,3003541
F,3003543
F,3003578
F,3003585
F,3003592
F,3003627
F,3003640
F,3003649
F,3003654
F,3003677
F,3003678
F,3003681
F,3003684
F,3003691
F,3003704
F,3003707
F,3003711
F,3003722
F,3003734
F,3003754
F,3003760
F,3003783
F,3003795
F,3003802
F,3003815
F,3003827
F,3003843
F,3003845
F,3003853
F,3003871
F,3003927
F,3003954
F,3003961
F,3004034
F,3004041
F,3004098
F,3004100
F,3004115
F,3004117
F,3004126
F,3004142
F,3004168
F,3004258
F,3004261
F,3004265
F,3004354
F,3004388
F,3004438
F,3004452
F,3004492
F,3004519
F,3004544
F,3004567
F,3004568
F,3004574
F,3004575
F,3004583
F,3004604
F,3004619
F,3004642
F,3004655
F,3004670
F,3004689
F,3004718
F,3004740
F,3004743
F,3004776
F,3004795
F,3004810
F,3004817
F,3004839
F,3004860
F,3004868
F,3004879
F,3004899
F,3004938
F,3004954
F,3004971
F,3004984
F,3004986
F,3005048
F,3005088
F,3005103
F,3005104
F,3005166
F,3005170
F,3005202
F,3005222
F,3005234
F,3005254
F,3005255
F,3005259
F,3005273
F,3005274
F,3005276
F,3005309
F,3005369
F,3005387
F,3005389
F,3005422
F,3005431
F,3005447
F,3005462
F,3005468
F,3005524
F,3005574
F,3005678
F,3005700
F,3005721
F,3005764
F,3005772
F,3005794
F,3005801
F,3005813
F,3005832
F,3005847
F,3005862
F,3005866
F,3005867
F,3005906
F,3005909
F,3005915
F,3005927
F,3005961
F,3005963
F,3005966
F,3005975
F,3005982
F,3006009
F,3006016
F,3006043
F,3006044
F,3006050
F,3006062
F,3006078
F,3006085
F,3006097
F,3006103
F,3006105
F,3006108
F,3006128
F,3006141
F,3006150
F,3006153
F,3006162
F,3006172
F,3006173
F,3006189
F,3006193
F,3006199
F,3006244
F,3006258
F,3006281
F,3006305
F,3006308
F,3006313
F,3006323
F,3006348
F,3006352
F,3006363
F,3006371
F,3006394
F,3006413
F,3006443
F,3006452
F,3006454
F,3006457
F,3006487
F,3006492
F,3006507
F,3006515
F,3006531
F,3006539
F,3006542
F,3006543
F,3006564
F,3006574
F,3006579
F,3006585
F,3006607
F,3006614
F,3006639
F,3006656
F,3006662
F,3006709
F,3006712
F,3006733
F,3006740
F,3006755
F,3006768
F,3006772
F,3006793
F,3006798
F,3006801
F,3006807
F,3006819
F,3006826
F,3006855
F,3006864
F,3006866
F,3006876
F,3006909
F,3006916
F,3006917
F,3006922
F,3006926
F,3006937
F,3006940
F,3006942
F,3006944
F,3006946
F,3006963
F,3006982
F,3006988
F,3006990
F,3006995
F,3007003
F,3007025
F,3007029
F,3007033
F,3007057
F,3007069
F,3007146
F,3007152
F,3007158
F,3007159
F,3007166
F,3007178
F,3007223
F,3007228
F,3007249
F,3007260
F,3007279
F,3007306
F,3007314
F,3007327
F,3007330
F,3007347
F,3007401
F,3007408
F,3007436
F,3007437
F,3007448
F,3007464
F,3007470
F,3007477
F,3007492
F,3007514
F,3007534
F,3007558
F,3007575
F,3007602
F,3007609
F,3007627
F,3007638
F,3007660
F,3007684
F,3007701
F,3007707
F,3007747
F,3007778
F,3007794
F,3007802
F,3007819
F,3007847
F,3007875
F,3007892
F,3007902
F,3007913
F,3007914
F,3007955
F,3007957
F,3008009
F,3008022
F,3008048
F,3008051
F,3008058
F,3008064
F,3008079
F,3008098
F,3008102
F,3008105
F,3008118
F,3008139
F,3008141
F,3008173
F,3008196
F,3008204
F,3008208
F,3008237
F,3008251
F,3008276
F,3008301
F,3008345
F,3008346
F,3008351
F,3008356
F,3008380
F,3008383
F,3008401
F,3008405
F,3008437
F,3008449
F,3008486
F,3008542
F,3008572
F,3008574
F,3008578
F,3008586
F,3008596
F,3008604
F,3008609
F,3008663
F,3008677
F,3008707
F,3008753
F,3008789
F,3008800
F,3008803
F,3008816
F,3008838
F,3008842
F,3008889
F,3008916
F,3008951
F,3008959
F,3008974
F,3009027
F,3009056
F,3009059
F,3009060
F,3009062
F,3009074
F,3009087
F,3009090
F,3009093
F,3009100
F,3009123
F,3009128
F,3009133
F,3009138
F,3009139
F,3009147
F,3009156
F,3009171
F,3009184
F,3009189
F,3009224
F,3009317
F,3009367
F,3009412
F,3009415
F,3009563
F,3009598
F,3009615
F,3009618
F,3009720
F,3009723
F,3009755
F,3009768
F,3009832
F,3009839
F,3009864
F,3009875
F,3009884
F,3009889
F,3009891
F,3009912
F,3009925
F,3009927
F,3009935
F,3009956
F,3009969
F,3010009
F,3010011
F,3010038
F,3010049
F,3010058
F,3010061
F,3010063
F,3010069
F,3010078
F,3010086
F,3010093
F,3010110
F,3010124
F,3010129
F,3010132
F,3010142
F,3010148
F,3010151
F,3010166
F,3010167
F,3010181
F,3010201
F,3010271
F,3010273
F,3010289
F,3010293
F,3010321
F,3010329
F,3010368
F,3010394
F,3010411
F,3010429
F,3010470
F,3010477
F,3010494
F,3010532
F,3010539
F,3010547
F,3010568
F,3010579
F,3010701
F,3010725
F,3010730
F,3010759
F,3010771
F,3010795
F,3010810
F,3010824
F,3010832
F,3010886
F,3010923
F,3010932
F,3010944
F,3010968
F,3010987
F,3010990
F,3010998
F,3011000
F,3011003
F,3011004
F,3011010
F,3011012
F,3011044
F,3011049
F,3011050
F,3011084
F,3011087
F,3011095
F,3011112
F,3011130
F,3011135
F,3011145
F,3011149
F,3011155
F,3011164
F,3011174
F,3011191
F,3011219
F,3011256
F,3011265
F,3011271
F,3011280
F,3011319
F,3011330
F,3011346
F,3011348
F,3011349
F,3011441
F,3011447
F,3011451
F,3011470
F,3011471
F,3011477
F,3011485
F,3011502
F,3011503
F,3011551
F,3011560
F,3011573
F,3011579
F,3011580
F,3011582
F,3011585
F,3011592
F,3011604
F,3011614
F,3011618
F,3011620
F,3011669
F,3011687
F,3011690
F,3011696
F,3011709
F,3011713
F,3011747
F,3011758
F,3011771
F,3011781
F,3011843
F,3011855
F,3011886
F,3011891
F,3011904
F,3011922
F,3012028
F,3012030
F,3012099
F,3012175
F,3012180
F,3012183
F,3012186
F,3012188
F,3012212
F,3012252
F,3012262
F,3012299
F,3012303
F,3012307
F,3012343
F,3012366
F,3012373
F,3012415
F,3012434
F,3012453
F,3012463
F,3012491
F,3012496
F,3012500
F,3012502
F,3012517
F,3012521
F,3012554
F,3012558
F,3012575
F,3012579
F,3012584
F,3012588
F,3012590
F,3012614
F,3012661
F,3012664
F,3012676
F,3012696
F,3012782
F,3012818
F,3012819
F,3012896
F,3012912
F,3012919
F,3012939
F,3012961
F,3012967
F,3012979
F,3012984
F,3013007
F,3013013
F,3013029
F,3013059
F,3013080
F,3013112
F,3013151
F,3013153
F,3013162
F,3013189
F,3013210
F,3013229
F,3013248
F,3013251
F,3013258
F,3013290
F,3013296
F,3013300
F,3013301
F,3013305
F,3013308
F,3013334
F,3013349
F,3013354
F,3013356
F,3013362
F,3013365
F,3013367
F,3013369
F,3013405
F,3013410
F,3013411
F,3013437
F,3013448
F,3013455
F,3013476
F,3013481
F,3013502
F,3013504
F,3013603
F,3013610
F,3013638
F,3013646
F,3013653
F,3013671
F,3013701
F,3013750
F,3013753
F,3013766
F,3013829
F,3013857
F,3013860
F,3013901
F,3013914
F,3013955
F,3014037
F,3014058
F,3014072
F,3014096
F,3014116
F,3014166
F,3014206
F,3014300
F,3014419
F,3014514
F,3014516
F,3014596
F,3014598
F,3014602
F,3014603
F,3014612
F,3014623
F,3014657
F,3014658
F,3014676
F,3014713
F,3014766
F,3014861
F,3014864
F,3014871
F,3014974
F,3014993
F,3015010
F,3015032
F,3015033
F,3015041
F,3015090
F,3015137
F,3015142
F,3015160
F,3015189
F,3015194
F,3015196
F,3015237
F,3015294
F,3015377
F,3015378
F,3015386
F,3015407
F,3015431
F,3015535
F,3015568
F,3015572
F,3015603
F,3015621
F,3015622
F,3015623
F,3015629
F,3015680
F,3015725
F,3015735
F,3015750
F,3015762
F,3015791
F,3015805
F,3015806
F,3015852
F,3015885
F,3015900
F,3015902
F,3015911
F,3015916
F,3015924
F,3015934
F,3015950
F,3015964
F,3015993
F,3015997
F,3016017
F,3016021
F,3016022
F,3016026
F,3016034
F,3016038
F,3016069
F,3016080
F,3016098
F,3016125
F,3016148
F,3016154
F,3016158
F,3016169
F,3016170
F,3016192
F,3016233
F,3016237
F,3016252
F,3016257
F,3016292
F,3016295
F,3016331
F,3016391
F,3016408
F,3016421
F,3016448
F,3016476
F,3016502
F,3016528
F,3016547
F,3016554
F,3016574
F,3016585
F,3016619
F,3016621
F,3016623
F,3016625
F,3016637
F,3016642
F,3016667
F,3016669
F,3016687
F,3016748
F,3016758
F,3016774
F,3016790
F,3016826
F,3016837
F,3016864
F,3016939
F,3016958
F,3017039
F,3017041
F,3017097
F,3017150
F,3017205
F,3017240
F,3017259
F,3017299
F,3017303
F,3017383
F,3017450
F,3017510
F,3017548
F,3017558
F,3017560
F,3017572
F,3017592
F,3017607
F,3017639
F,3017725
F,3017743
F,3017750
F,3017788
F,3017842
F,3017849
F,3017882
F,3017885
F,3017897
F,3017906
F,3017919
F,3017927
F,3017945
F,3017956
F,3017990
F,3018063
F,3018074
F,3018081
F,3018102
F,3018124
F,3018136
F,3018195
F,3018209
F,3018212
F,3018218
F,3018229
F,3018239
F,3018255
F,3018269
F,3018285
F,3018317
F,3018321
F,3018339
F,3018408
F,3018476
F,3018479
F,3018490
F,3018554
F,3018562
F,3018574
F,3018578
F,3018628
F,3018662
F,3018754
F,3018787
F,3018815
F,3018825
F,3018834
F,3018868
F,3018877
F,3018897
F,3018911
F,3018913
F,3018918
F,3018936
F,3018937
F,3018950
F,3018996
F,3019009
F,3019031
F,3019034
F,3019070
F,3019073
F,3019078
F,3019113
F,3019139
F,3019155
F,3019182
F,3019183
F,3019228
F,3019240
F,3019250
F,3019253
F,3019257
F,3019272
F,3019273
F,3019300
F,3019303
F,3019305
F,3019309
F,3019319
F,3019340
F,3019344
F,3019457
F,3019459
F,3019466
F,3019500
F,3019516
F,3019543
F,3019561
F,3019580
F,3019595
F,3019596
F,3019615
F,3019624
F,3019656
F,3019665
F,3019669
F,3019683
F,3019690
F,3019722
F,3019736
F,3019738
F,3019741
F,3019748
F,3019758
F,3019759
F,3019762
F,3019772
F,3019779
F,3019801
F,3019806
F,3019828
F,3019833
F,3019839
F,3019858
F,3019861
F,3019870
F,3019875
F,3019886
F,3019913
F,3019915
F,3019936
F,3019943
F,3020051
F,3020063
F,3020081
F,3020124
F,3020134
F,3020138
F,3020149
F,3020153
F,3020177
F,3020196
F,3020332
F,3020393
F,3020411
F,3020542
F,3020548
F,3020595
F,3020629
F,3020714
F,3020730
F,3020822
F,3020829
F,3020830
F,3020952
F,3020964
F,3020991
F,3020993
F,3021034
F,3021044
F,3021178
F,3021191
F,3021198
F,3021205
F,3021212
F,3021259
F,3021482
F,3021541
F,3021554
F,3021662
F,3022053
F,3022058
F,3022069
F,3022085
F,3022089
F,3022111
F,3022113
F,3022114
F,3022125
F,3022133
F,3022138
F,3022182
F,3022191
F,3022192
F,3022202
F,3022212
F,3022234
F,3022274
F,3022292
F,3022293
F,3022322
F,3022351
F,3022377
F,3022378
F,3022379
F,3022387
F,3022389
F,3022401
F,3022405
F,3022418
F,3022420
F,3022429
F,3022466
F,3022475
F,3022477
F,3022499
F,3022514
F,3022572
F,3022582
F,3022640
F,3022643
F,3022667
F,3022673
F,3022760
F,3022802
F,3022845
F,3022866
F,3022898
F,3022929
F,3022930
F,3022931
F,3022944
F,3022947
F,3022967
F,3022970
F,3022971
F,3022972
F,3022981
F,3023019
F,3023024
F,3023038
F,3023039
F,3023053
F,3023072
F,3023094
F,3023110
F,3023129
F,3023141
F,3023144
F,3023149
F,3023153
F,3023154
F,3023195
F,3023203
F,3023208
F,3023235
F,3023262
F,3023284
F,3023335
F,3023337
F,3023344
F,3023347
F,3023360
F,3023376
F,3023379
F,3023432
F,3023496
F,3023510
F,3023517
F,3023522
F,3023534
F,3023536
F,3023537
F,3023546
F,3023556
F,3023612
F,3023614
F,3023628
F,3023629
F,3023635
F,3023638
F,3023639
F,3023670
F,3023679
F,3023683
F,3023696
F,3023711
F,3023712
F,3023726
F,3023766
F,3023777
F,3023793
F,3023796
F,3023806
F,3023812
F,3023819
F,3023820
F,3023854
F,3023857
F,3023868
F,3023879
F,3023888
F,3023910
F,3023912
F,3023919
F,3023922
F,3023928
F,3023952
F,3023977
F,3023981
F,3023990
F,3023991
F,3024027
F,3024028
F,3024062
F,3024071
F,3024072
F,3024090
F,3024112
F,3024120
F,3024130
F,3024141
F,3024151
F,3024154
F,3024176
F,3024197
F,3024227
F,3024237
F,3024267
F,3024270
F,3024293
F,3024301
F,3024304
F,3024327
F,3024342
F,3024358
F,3024365
F,3024369
F,3024379
F,3024391
F,3024393
F,3024432
F,3024433
F,3024445
F,3024454
F,3024468
F,3024488
F,3024496
F,3024503
F,3024513
F,3024536
F,3024539
F,3024565
F,3024566
F,3024578
F,3024590
F,3024591
F,3024593
F,3024621
F,3024634
F,3024637
F,3024638
F,3024643
F,3024665
F,3024696
F,3024704
F,3024715
F,3024719
F,3024720
F,3024727
F,3024729
F,3024730
F,3024747
F,3024772
F,3024775
F,3024782
F,3024801
F,3024803
F,3024809
F,3024817
F,3024874
F,3024876
F,3024894
F,3024905
F,3024935
F,3024941
F,3024946
F,3024948
F,3024951
F,3024955
F,3024970
F,3024981
F,3024994
F,3025009
F,3025013
F,3025019
F,3025028
F,3025049
F,3025052
F,3025066
F,3025089
F,3025097
F,3025115
F,3025139
F,3025160
F,3025187
F,3025189
F,3025191
F,3025210
F,3025212
F,3025231
F,3025236
F,3025272
F,3025277
F,3025278
F,3025292
F,3025315
F,3025325
F,3025355
F,3025362
F,3025372
F,3025412
F,3025423
F,3025466
F,3025467
F,3025476
F,3025481
F,3025486
F,3025495
F,3025504
F,3025509
F,3025526
F,3025534
F,3025551
F,3025552
F,3025553
F,3025572
F,3025584
F,3025585
F,3025598
F,3025621
F,3025629
F,3025658
F,3025667
F,3025685
F,3025690
F,3025700
F,3025702
F,3025704
F,3025711
F,3025714
F,3025768
F,3025814
F,3025817
F,3025833
F,3025885
F,3025902
F,3025948
F,3025959
F,3025968
F,3025998
F,3026000
F,3026043
F,3026046
F,3026063
F,3026092
F,3026137
F,3026139
F,3026206
F,3026235
F,3026237
F,3026285
F,3026297
F,3026300
F,3026311
F,3026320
F,3026372
F,3026373
F,3026380
F,3026401
F,3026404
F,3026412
F,3026414
F,3026418
F,3026422
F,3026427
F,3026428
F,3026445
F,3026453
F,3026465
F,3026495
F,3026496
F,3026518
F,3026522
F,3026525
F,3026549
F,3026557
F,3026558
F,3026580
F,3026581
F,3026596
F,3026619
F,3026623
F,3026625
F,3026631
F,3026647
F,3026658
F,3026672
F,3026676
F,3026679
F,3026691
F,3026695
F,3026708
F,3026730
F,3026734
F,3026757
F,3026776
F,3026779
F,3026801
F,3026813
F,3026820
F,3026823
F,3026829
F,3026858
F,3026867
F,3026885
F,3026893
F,3026896
F,3026903
F,3026924
F,3026936
F,3026937
F,3026945
F,3026949
F,3026952
F,3026974
F,3027004
F,3027017
F,3027042
F,3027111
F,3027136
F,3027146
F,3027157
F,3027174
F,3027181
F,3027183
F,3027194
F,3027202
F,3027211
F,3027212
F,3027216
F,3027218
F,3027226
F,3027234
F,3027237
F,3027239
F,3027257
F,3027267
F,3027286
F,3027293
F,3027304
F,3027310
F,3027314
F,3027319
F,3027333
F,3027338
F,3027352
F,3027357
F,3027359
F,3027370
F,3027378
F,3027394
F,3027454
F,3027497
F,3027502
F,3027532
F,3027534
F,3027544
F,3027553
F,3027578
F,3027580
F,3027599
F,3027618
F,3027622
F,3027626
F,3027667
F,3027701
F,3027732
F,3027739
F,3027742
F,3027756
F,3027772
F,3027781
F,3027782
F,3027784
F,3027791
F,3027800
F,3027802
F,3027806
F,3027807
F,3027832
F,3027833
F,3027835
F,3027840
F,3027843
F,3027850
F,3027851
F,3027866
F,3027875
F,3027878
F,3027881
F,3027882
F,3027887
F,3027892
F,3027897
F,3027898
F,3027975
F,3027994
F,3028002
F,3028049
F,3028064
F,3028081
F,3028097
F,3028098
F,3028105
F,3028106
F,3028107
F,3028158
F,3028165
F,3028186
F,3028245
F,3028272
F,3028274
F,3028303
F,3028317
F,3028343
F,3028359
F,3028377
F,3028378
F,3028379
F,3028388
F,3028390
F,3028416
F,3028441
F,3028459
F,3028463
F,3028503
F,3028505
F,3028509
F,3028511
F,3028512
F,3028550
F,3028561
F,3028585
F,3028592
F,3028607
F,3028619
F,3028622
F,3028628
F,3028637
F,3028663
F,3028686
F,3028693
F,3028705
F,3028726
F,3028733
F,3028734
F,3028742
F,3028743
F,3028753
F,3028828
F,3028850
F,3028852
F,3028867
F,3028882
F,3028903
F,3028908
F,3028912
F,3028918
F,3028928
F,3028943
F,3028949
F,3028970
F,3028977
F,3028985
F,3028998
F,3029000
F,3029011
F,3029015
F,3029030
F,3029035
F,3029038
F,3029039
F,3029043
F,3029044
F,3029052
F,3029055
F,3029085
F,3029101
F,3029119
F,3029128
F,3029184
F,3029193
F,3029202
F,3029214
F,3029236
F,3029253
F,3029272
F,3029283
F,3029333
F,3029346
F,3029364
F,3029368
F,3029403
F,3029415
F,3029476
F,3029484
F,3029486
F,3029497
F,3029499
F,3029558
F,3029597
F,3029663
F,3029778
F,3029782
F,3029810
F,3029864
F,3029910
F,3029924
F,3029941
F,3029967
F,3029975
F,3029986
F,3029989
F,3030024
F,3030040
F,3030049
F,3030066
F,3030069
F,3030162
F,3030205
F,3030213
F,3030221
F,3030236
F,3030269
F,3030284
F,3030330
F,3030336
F,3030343
F,3030344
F,3030345
F,3030393
F,3030436
F,3030453
F,3030463
F,3030483
F,3030484
F,3030511
F,3030514
F,3030519
F,3030520
F,3030547
F,3030569
F,3030615
F,3030621
F,3030652
F,3030664
F,3030681
F,3030686
F,3030839
F,3030882
F,3030891
F,3030932
F,3030990
F,3030996
F,3031021
F,3031042
F,3031056
F,3031065
F,3031168
F,3031235
F,3031243
F,3031260
F,3031299
F,3031306
F,3031315
F,3031364
F,3031365
F,3031385
F,3031391
F,3031426
F,3031449
F,3031461
F,3031464
F,3031537
F,3031546
F,3031555
F,3031597
F,3031602
F,3031612
F,3031618
F,3031622
F,3031623
F,3031644
F,3031671
F,3031732
F,3031738
F,3031765
F,3031799
F,3031801
F,3031813
F,3031827
F,3031831
F,3031885
F,3031886
F,3031906
F,3031939
F,3032002
F,3032007
F,3032017
F,3032022
F,3032024
F,3032026
F,3032050
F,3032071
F,3032079
F,3032080
F,3032099
F,3032201
F,3032264
F,3032328
F,3032367
F,3032374
F,3032385
F,3032400
F,3032414
F,3032469
F,3032470
F,3032490
F,3032540
F,3032554
F,3032555
F,3032573
F,3032600
F,3032605
F,3032607
F,3032614
F,3032668
F,3032686
F,3032709
F,3032717
F,3032776
F,3032785
F,3032791
F,3032794
F,3032816
F,3032824
F,3032858
F,3032865
F,3032866
F,3032881
F,3032882
F,3032975
F,3032985
F,3033037
F,3033059
F,3033066
F,3033133
F,3033136
F,3033161
F,3033177
F,3033186
F,3033219
F,3033236
F,3033303
F,3033323
F,3033327
F,3033364
F,3033380
F,3033381
F,3033396
F,3033415
F,3033430
F,3033528
F,3033542
F,3033571
F,3033633
F,3033689
F,3033693
F,3033714
F,3033771
F,3033789
F,3033799
F,3033805
F,3033826
F,3033846
F,3033856
F,3033863
F,3033884
F,3033902
F,3033906
F,3033929
F,3033934
F,3033957
F,3033960
F,3034007
F,3034026
F,3034074
F,3034084
F,3034088
F,3034090
F,3034098
F,3034110
F,3034139
F,3034140
F,3034147
F,3034159
F,3034171
F,3034180
F,3034213
F,3034226
F,3034227
F,3034228
F,3034230
F,3034252
F,3034297
F,3034310
F,3034331
F,3034349
F,3034357
F,3034361
F,3034389
F,3034414
F,3034443
F,3034532
F,3034568
F,3034591
F,3034611
F,3034620
F,3034625
F,3034676
F,3034677
F,3034680
F,3034698
F,3034710
F,3034713
F,3034720
F,3034733
F,3034740
F,3034742
F,3034753
F,3034780
F,3034794
F,3034795
F,3034807
F,3034840
F,3034867
F,3034872
F,3034880
F,3034891
F,3034896
F,3034919
F,3034929
F,3034931
F,3034947
F,3034948
F,3034951
F,3034959
F,3034961
F,3034975
F,3035003
F,3035008
F,3035017
F,3035028
F,3035038
F,3035041
F,3035062
F,3035067
F,3035084
F,3035099
F,3035102
F,3035110
F,3035121
F,3035135
F,3035147
F,3035152
F,3035154
F,3035162
F,3035166
F,3035173
F,3035178
F,3035187
F,3035201
F,3035215
F,3035239
F,3035240
F,3035267
F,3035284
F,3035289
F,3035290
F,3035291
F,3035302
F,3035336
F,3035339
F,3035352
F,3035354
F,3035360
F,3035365
F,3035379
F,3035400
F,3035407
F,3035410
F,3035416
F,3035418
F,3035489
F,3035490
F,3035494
F,3035507
F,3035509
F,3035520
F,3035532
F,3035545
F,3035552
F,3035579
F,3035598
F,3035623
F,3035647
F,3035650
F,3035668
F,3035686
F,3035699
F,3035736
F,3035737
F,3035744
F,3035745
F,3035779
F,3035782
F,3035803
F,3035805
F,3035838
F,3035845
F,3035887
F,3035980
F,3036061
F,3036084
F,3036100
F,3036175
F,3036242
F,3036258
F,3036266
F,3036401
F,3036416
F,3036438
F,3036522
F,3036528
F,3036537
F,3036599
F,3036611
F,3036619
F,3036633
F,3036641
F,3036658
F,3036659
F,3036674
F,3036678
F,3036687
F,3036688
F,3036701
F,3036702
F,3036731
F,3036839
F,3036889
F,3036913
F,3036920
F,3036971
F,3036976
F,3036984
F,3036987
F,3037045
F,3037059
F,3037080
F,3037106
F,3037288
F,3037298
F,3037348
F,3037380
F,3037402
F,3037412
F,3037535
F,3037578
F,3037608
F,3037609
F,3037642
F,3037653
F,3037670
F,3037686
F,3037688
F,3037707
F,3037710
F,3037721
F,3037729
F,3037732
F,3037733
F,3037745
F,3037749
F,3037756
F,3037762
F,3037767
F,3037768
F,3037801
F,3037830
F,3037840
F,3037843
F,3037852
F,3037864
F,3037868
F,3037879
F,3037889
F,3037938
F,3037957
F,3037964
F,3037977
F,3037980
F,3037987
F,3038016
F,3038019
F,3038024
F,3038027
F,3038055
F,3038102
F,3038114
F,3038142
F,3038158
F,3038181
F,3038213
F,3038214
F,3038220
F,3038223
F,3038234
F,3038259
F,3038261
F,3038265
F,3038280
F,3038331
F,3038348
F,3038373
F,3038378
F,3038385
F,3038387
F,3038395
F,3038488
F,3038535
F,3038553
F,3038571
F,3038660
F,3038668
F,3038678
F,3038679
F,3038689
F,3038696
F,3038705
F,3038715
F,3038727
F,3038793
F,3038801
F,3038802
F,3038862
F,3038864
F,3038872
F,3038878
F,3038883
F,3038887
F,3038894
F,3038898
F,3038923
F,3038925
F,3038934
F,3038953
F,3038959
F,3038984
F,3038989
F,3038995
F,3039000
F,3039001
F,3039006
F,3039022
F,3039029
F,3039037
F,3039062
F,3039074
F,3039112
F,3039117
F,3039122
F,3039124
F,3039126
F,3039135
F,3039140
F,3039156
F,3039167
F,3039182
F,3039185
F,3039190
F,3039195
F,3039214
F,3039250
F,3039262
F,3039263
F,3039271
F,3039277
F,3039281
F,3039294
F,3039298
F,3039312
F,3039317
F,3039337
F,3039359
F,3039365
F,3039369
F,3039381
F,3039390
F,3039402
F,3039406
F,3039411
F,3039414
F,3039419
F,3039476
F,3039498
F,3039522
F,3039634
F,3039649
F,3039660
F,3039672
F,3039689
F,3039691
F,3039696
F,3039713
F,3039717
F,3039739
F,3039749
F,3039754
F,3039756
F,3039770
F,3039799
F,3039803
F,3039812
F,3039836
F,3039839
F,3039846
F,3039856
F,3039866
F,3039867
F,3039871
F,3039877
F,3039898
F,3039918
F,3040012
F,3040017
F,3040019
F,3040027
F,3040034
F,3040039
F,3040071
F,3040082
F,3040085
F,3040088
F,3040091
F,3040125
F,3040140
F,3040157
F,3040159
F,3040173
F,3040179
F,3040210
F,3040222
F,3040236
F,3040246
F,3040251
F,3040258
F,3040260
F,3040263
F,3040272
F,3040280
F,3040306
F,3040312
F,3040315
F,3040323
F,3040338
F,3040341
F,3040350
F,3040351
F,3040369
F,3040394
F,3040418
F,3040442
F,3040444
F,3040476
F,3040485
F,3040510
F,3040557
F,3040562
F,3040574
F,3040579
F,3040614
F,3040641
F,3040666
F,3040729
F,3040730
F,3040740
F,3040753
F,3040779
F,3040785
F,3040799
F,3040815
F,3040832
F,3040873
F,3040967
F,3040973
F,3040977
F,3040980
F,3041012
F,3041037
F,3041051
F,3041053
F,3041063
F,3041077
F,3041107
F,3041111
F,3041126
F,3041129
F,3041136
F,3041155
F,3041167
F,3041240
F,3041270
F,3041271
F,3041278
F,3041358
F,3041369
F,3041384
F,3041385
F,3041388
F,3041391
F,3041394
F,3041401
F,3041405
F,3041409
F,3041419
F,3041423
F,3041439
F,3041442
F,3041480
F,3041491
F,3041529
F,3041537
F,3041567
F,3041572
F,3041612
F,3041643
F,3041649
F,3041667
F,3041681
F,3041729
F,3041749
F,3041775
F,3041796
F,3041933
F,3041957
F,3041961
F,3041972
F,3041977
F,3041981
F,3041992
F,3041995
F,3042005
F,3042008
F,3042020
F,3042025
F,3042044
F,3042057
F,3042061
F,3042074
F,3042076
F,3042093
F,3042099
F,3042104
F,3042112
F,3042113
F,3042149
F,3042183
F,3042187
F,3042188
F,3042214
F,3042215
F,3042218
F,3042227
F,3042231
F,3042239
F,3042245
F,3042288
F,3042335
F,3042342
F,3042343
F,3042346
F,3042354
F,3042393
F,3042412
F,3042436
F,3042447
F,3042451
F,3042452
F,3042462
F,3042495
F,3042511
F,3042531
F,3042539
F,3042559
F,3042563
F,3042568
F,3042636
F,3042640
F,3042711
F,3042764
F,3042767
F,3042770
F,3042807
F,3042814
F,3042836
F,3042843
F,3042893
F,3042964
F,3043075
F,3043097
F,3043106
F,3043109
F,3043119
F,3043129
F,3043132
F,3043184
F,3043198
F,3043202
F,3043212
F,3043215
F,3043216
F,3043220
F,3043237
F,3043240
F,3043241
F,3043244
F,3043246
F,3043248
F,3043257
F,3043260
F,3043264
F,3043272
F,3043306
F,3043310
F,3043313
F,3043315
F,3043318
F,3043349
F,3043356
F,3043363
F,3043383
F,3043395
F,3043406
F,3043410
F,3043421
F,3043438
F,3043451
F,3043452
F,3043456
F,3043499
F,3043517
F,3043580
F,3043593
F,3043688
F,3043721
F,3043728
F,3043729
F,3043730
F,3043731
F,3043751
F,3043778
F,3043795
F,3043811
F,3043821
F,3043833
F,3043871
F,3043877
F,3043880
F,3043902
F,3043926
F,3043927
F,3043948
F,3043951
F,3043985
F,3044023
F,3044037
F,3044049
F,3044052
F,3044054
F,3044055
F,3044080
F,3044082
F,3044098
F,3044100
F,3044104
F,3044282
F,3044335
F,3044414
F,3044417
F,3044440
F,3044475
F,3044507
F,3044510
F,3044512
F,3044529
F,3044539
F,3044605
F,3044756
F,3044787
F,3044788
F,3044817
F,3044834
F,3044837
F,3044868
F,3044883
F,3044903
F,3044926
F,3044942
F,3044945
F,3044964
F,3044982
F,3045011
F,3045016
F,3045071
F,3045147
F,3045152
F,3045197
F,3045226
F,3045240
F,3045298
F,3045299
F,3045334
F,3045342
F,3045380
F,3045401
F,3045418
F,3045423
F,3045432
F,3045433
F,3045452
F,3045455
F,3045457
F,3045657
F,3045675
F,3045718
F,3045763
F,3045796
F,3045801
F,3045814
F,3045900
F,3045929
F,3045942
F,3045950
F,3045976
F,3045987
F,3046016
F,3046023
F,3046032
F,3046087
F,3046088
F,3046102
F,3046106
F,3046113
F,3046135
F,3046286
F,3046288
F,3046324
F,3046452
F,3046492
F,3046520
F,3046525
F,3046543
F,3046582
F,3046607
F,3046621
F,3046644
F,3046676
F,3046692
F,3046786
F,3046815
F,3046837
F,3046861
F,3046879
F,3046883
F,3046929
F,3046937
F,3046948
F,3046966
F,3046989
F,3046991
F,3046992
F,3047003
F,3047033
F,3047051
F,3047064
F,3047122
F,3047148
F,3047153
F,3047194
F,3047201
F,3047256
F,3047269
F,3047329
F,3047334
F,3047335
F,3047342
F,3047344
F,3047353
F,3047372
F,3047380
F,3047393
F,3047394
F,3047412
F,3047499
F,3047545
F,3047548
F,3047564
F,3047574
F,3047589
F,3047646
F,3047675
F,3047683
F,3047688
F,3047699
F,3047710
F,3047728
F,3047804
F,3047805
F,3047826
F,3047841
F,3047906
F,3047992
F,3047997
F,3048075
F,3048085
F,3048095
F,3048096
F,3048100
F,3048105
F,3048113
F,3048165
F,3048319
F,3048327
F,3048373
F,3048374
F,3048384
F,3048392
F,3048437
F,3048464
F,3048475
F,3048504
F,3048510
F,3048528
F,3048541
F,3048549
F,3048607
F,3048642
F,3048643
F,3048644
F,3048683
F,3048700
F,3048735
F,3048738
F,3048739
F,3048761
F,3048772
F,3048798
F,3048807
F,3048820
F,3048872
F,3048882
F,3048926
F,3049014
F,3049018
F,3049080
F,3049086
F,3049092
F,3049098
F,3049129
F,3049131
F,3049194
F,3049251
F,3049310
F,3049341
F,3049344
F,3049356
F,3049399
F,3049437
F,3049442
F,3049517
F,3049549
F,3049552
F,3049591
F,3049614
F,3049649
F,3049654
F,3049677
F,3049744
F,3049782
F,3049794
F,3049801
F,3049822
F,3049846
F,3049856
F,3049907
F,3049926
F,3049947
F,3049953
F,3049966
F,3049975
F,3050012
F,3050018
F,3050054
F,3050081
F,3050087
F,3050094
F,3050119
F,3050149
F,3050167
F,3050199
F,3050242
F,3050265
F,3050280
F,3050294
F,3050308
F,3050322
F,3050328
F,3050331
F,3050360
F,3050367
F,3050368
F,3050385
F,3050386
F,3050396
F,3050455
F,3050537
F,3050539
F,3050542
F,3050563
F,3050578
F,3050588
F,3050593
F,3050604
F,3050665
F,3050687
F,3050718
F,3050725
F,3050748
F,3050793
F,3050835
F,3050903
F,3050922
F,3050926
F,3051067
F,3051150
F,3051227
F,3051274
F,3051358
F,3051507
F,3051514
F,3051717
F,3051719
F,3051721
F,3051785
F,3051797
F,3051859
F,3051888
F,3051916
F,3051953
F,3051963
F,3052243
F,3052442
F,3052498
F,3052525
F,3052545
F,3052660
F,3052665
F,3052793
F,3052906
F,3052959
F,3052979
F,3052981
F,3053116
F,3053117
F,3053190
F,3053223
F,3053257
F,3053296
F,3053312
F,3053321
F,3053345
F,3053361
F,3053372
F,3053392
F,3053399
F,3053400
F,3053407
F,3053431
F,3053453
F,3053496
F,3053503
F,3053620
F,3053624
F,3053634
F,3053639
F,3053656
F,3053670
F,3053702
F,3053722
F,3053734
F,3053759
F,3053773
F,3053800
F,3053872
F,3053878
F,3053892
F,3053902
F,3053911
F,3054011
F,3054038
F,3054040
F,3054092
F,3054097
F,3054100
F,3054142
F,3054154
F,3054195
F,3054204
F,3054207
F,3054265
F,3054268
F,3054304
F,3054408
F,3054409
F,3054418
F,3054429
F,3054431
F,3054441
F,3054456
F,3054462
F,3054467
F,3054478
F,3054481
F,3054506
F,3054509
F,3054510
F,3054576
F,3054577
F,3054581
F,3054590
F,3054594
F,3054676
F,3054684
F,3054687
F,3054709
F,3054729
F,3054753
F,3054775
F,3054778
F,3054791
F,3054793
F,3054850
F,3054882
F,3054904
F,3054916
F,3054923
F,3054927
F,3054939
F,3054941
F,3054942
F,3054958
F,3054964
F,3054965
F,3054967
F,3054973
F,3054989
F,3054998
F,3055056
F,3055083
F,3055089
F,3055091
F,3055093
F,3055115
F,3055117
F,3055135
F,3055141
F,3055156
F,3055201
F,3055208
F,3055222
F,3055250
F,3055263
F,3055282
F,3055283
F,3055284
F,3055289
F,3055294
F,3055309
F,3055320
F,3055341
F,3055343
F,3055344
F,3055432
F,3055524
F,3055565
F,3055580
F,3055590
F,3055602
F,3055624
F,3055680
F,3055702
F,3055760
F,3055775
F,3055789
F,3055791
F,3055792
F,3055854
F,3055863
F,3055875
F,3055928
F,3055931
F,3055953
F,3055975
F,3055978
F,3055999
F,3056001
F,3056005
F,3056054
F,3056099
F,3056109
F,3056110
F,3056121
F,3056205
F,3056211
F,3056223
F,3056243
F,3056306
F,3056308
F,3056313
F,3056327
F,3056369
F,3056372
F,3056376
F,3056384
F,3056422
F,3056426
F,3056454
F,3056455
F,3056516
F,3056529
F,3056553
F,3056646
F,3056665
F,3056763
F,3056769
F,3056789
F,3056791
F,3056818
F,3056827
F,3056836
F,3056877
F,3056878
F,3056982
F,3057004
F,3057007
F,3057038
F,3057041
F,3057052
F,3057054
F,3057057
F,3057073
F,3057083
F,3057086
F,3057110
F,3057117
F,3057170
F,3057183
F,3057200
F,3057201
F,3057225
F,3057227
F,3057232
F,3057249
F,3057261
F,3057263
F,3057264
F,3057308
F,3057310
F,3057314
F,3057323
F,3057326
F,3057378
F,3057382
F,3057399
F,3057401
F,3057406
F,3057411
F,3057436
F,3057439
F,3057444
F,3057445
F,3057447
F,3057488
F,3057504
F,3057513
F,3057520
F,3057561
F,3057562
F,3057572
F,3057575
F,3057582
F,3057590
F,3057600
F,3057610
F,3057615
F,3057639
F,3057646
F,3057667
F,3057674
F,3057676
F,3057685
F,3057700
F,3057739
F,3057754
F,3057769
F,3057778
F,3057788
F,3057793
F,3057795
F,3057826
F,3057834
F,3057838
F,3057852
F,3057884
F,3057888
F,3057922
F,3057928
F,3057934
F,3057949
F,3057954
F,3058018
F,3058025
F,3058046
F,3058053
F,3058058
F,3058068
F,3058124
F,3058134
F,3058145
F,3058185
F,3058191
F,3058243
F,3058349
F,3058389
F,3058392
F,3058399
F,3058430
F,3058443
F,3058464
F,3058466
F,3058510
F,3058512
F,3058540
F,3058549
F,3058553
F,3058638
F,3058673
F,3058704
F,3058717
F,3058861
F,3058872
F,3058889
F,3058895
F,3058896
F,3058916
F,3058921
F,3058937
F,3058948
F,3059007
F,3059013
F,3059022
F,3059040
F,3059049
F,3059066
F,3059100
F,3059115
F,3059117
F,3059118
F,3059119
F,3059161
F,3059191
F,3059206
F,3059252
F,3059281
F,3059291
F,3059296
F,3059299
F,3059327
F,3059332
F,3059359
F,3059364
F,3059403
F,3059568
F,3059590
F,3059606
F,3059607
F,3059646
F,3059675
F,3059711
F,3059717
F,3059749
F,3059754
F,3059798
F,3059804
F,3059854
F,3059893
F,3059921
F,3060021
F,3060058
F,3060071
F,3060097
F,3060110
F,3060138
F,3060170
F,3060186
F,3060187
F,3060191
F,3060210
F,3060228
F,3060241
F,3060248
F,3060250
F,3060288
F,3060300
F,3060319
F,3060321
F,3060330
F,3060408
F,3060415
F,3060428
F,3060430
F,3060445
F,3060459
F,3060466
F,3060509
F,3060513
F,3060535
F,3060542
F,3060556
F,3060565
F,3060631
F,3060642
F,3060656
F,3060675
F,3060677
F,3060701
F,3060702
F,3060714
F,3060727
F,3060752
F,3060758
F,3060821
F,3060823
F,3060842
F,3060852
F,3060855
F,3060876
F,3060884
F,3060891
F,3060897
F,3060952
F,3060962
F,3060999
F,3061002
F,3061039
F,3061093
F,3061127
F,3061149
F,3061176
F,3061183
F,3061230
F,3061235
F,3061236
F,3061239
F,3061274
F,3061293
F,3061327
F,3061337
F,3061356
F,3061404
F,3061414
F,3061419
F,3061429
F,3061436
F,3061440
F,3061454
F,3061510
F,3061519
F,3061527
F,3061537
F,3061566
F,3061593
F,3061645
F,3061659
F,3061668
F,3061680
F,3061702
F,3061707
F,3061739
F,3061747
F,3061766
F,3061773
F,3061778
F,3061791
F,3061796
F,3061801
F,3061814
F,3061831
F,3061869
F,3061909
F,3061923
F,3061994
F,3062005
F,3062040
F,3062076
F,3062114
F,3062143
F,3062168
F,3062173
F,3062184
F,3062185
F,3062188
F,3062218
F,3062260
F,3062274
F,3062280
F,3062299
F,3062349
F,3062354
F,3062357
F,3062362
F,3062384
F,3062398
F,3062412
F,3062483
F,3062495
F,3062497
F,3062573
F,3062609
F,3062611
F,3062616
F,3062631
F,3062634
F,3062644
F,3062656
F,3062678
F,3062679
F,3062692
F,3062696
F,3062755
F,3062774
F,3062841
F,3062842
F,3062886
F,3062913
F,3062940
F,3063009
F,3063048
F,3063069
F,3063070
F,3063089
F,3063095
F,3063100
F,3063111
F,3063156
F,3063238
F,3063239
F,3063271
F,3063274
F,3063297
F,3063327
F,3063340
F,3063345
F,3063366
F,3063469
F,3063472
F,3063939
F,3063955
F,3063984
F,3064003
F,3064205
F,3064207
F,3064216
F,3064226
F,3064244
F,3064261
F,3064263
F,3064268
F,3064303
F,3064329
F,3064342
F,3064372
F,3064384
F,3064385
F,3064474
F,3064524
F,3064541
F,3064552
F,3064570
F,3064589
F,3064601
F,3064621
F,3064681
F,3064682
F,3064689
F,3064691
F,3064705
F,3064710
F,3064727
F,3064739
F,3065019
F,3065025
F,3065048
F,3065067
F,3065241
F,3065300
F,3065306
F,3065337
F,3065376
F,3065405
F,3065414
F,3065426
F,3065438
F,3065441
F,3065484
F,3065496
F,3065547
F,3065562
F,3065593
F,3065602
F,3065642
F,3065756
F,3065776
F,3065858
F,3065882
F,3065896
F,3066013
F,3066125
F,3066170
F,3066176
F,3066209
F,3066220
F,3066225
F,3066263
F,3066297
F,3066321
F,3066337
F,3066344
F,3066354
F,3066453
F,3066512
F,3066709
F,3066730
F,3066749
F,3066758
F,3066937
F,3066974
F,3066976
F,3067045
F,3067050
F,3067069
F,3067075
F,3067194
F,3067393
F,3067434
F,3067590
F,3067653
F,3067660
F,3067672
F,3067753
F,3067754
F,3067818
F,3067836
F,3067849
F,3067863
F,3067912
F,3067978
F,3067979
F,3067992
F,3068016
F,3068020
F,3068053
F,3068087
F,3068133
F,3068169
F,3068174
F,3068236
F,3068248
F,3068272
F,3068284
F,3068327
F,3068359
F,3068382
F,3068443
F,3068461
F,3068482
F,3068494
F,3068496
F,3068506
F,3068534
F,3068537
F,3068544
F,3068584
F,3068587
F,3068589
F,3068649
F,3068664
F,3068670
F,3068671
F,3068679
F,3068688
F,3068706
F,3068720
F,3068836
F,3068844
F,3068848
F,3068850
F,3068867
F,3068916
F,3068937
F,3068958
F,3069009
F,3069037
F,3069081
F,3069084
F,3069085
F,3069099
F,3069101
F,3069151
F,3069157
F,3069160
F,3069235
F,3069253
F,3069254
F,3069261
F,3069274
F,3069277
F,3069279
F,3069293
F,3069297
F,3069314
F,3069318
F,3069321
F,3069351
F,3069358
F,3069363
F,3069388
F,3069398
F,3069412
F,3069438
F,3069442
F,3069470
F,3069472
F,3069492
F,3069509
F,3069526
F,3069531
F,3069533
F,3069548
F,3069560
F,3069577
F,3069619
F,3069633
F,3069634
F,3069647
F,3069648
F,3069681
F,3069683
F,3069695
F,3069709
F,3069719
F,3069726
F,3069777
F,3069813
F,3069834
F,3069859
F,3069900
F,3069910
F,3069911
F,3069916
F,3069971
F,3069982
F,3069991
F,3070012
F,3070022
F,3070024
F,3070038
F,3070071
F,3070101
F,3070118
F,3070125
F,3070128
F,3070136
F,3070137
F,3070145
F,3070152
F,3070161
F,3070180
F,3070182
F,3070195
F,3070227
F,3070248
F,3070269
F,3070284
F,3070288
F,3070307
F,3070316
F,3070318
F,3070340
F,3070357
F,3070360
F,3070368
F,3070376
F,3070381
F,3070390
F,3070443
F,3070472
F,3070490
F,3070515
F,3070536
F,3070562
F,3070563
F,3070565
F,3070577
F,3070643
F,3070647
F,3070650
F,3070663
F,3070669
F,3070674
F,3070694
F,3070717
F,3070746
F,3070763
F,3070786
F,3070817
F,3070855
F,3070860
F,3070898
F,3070902
F,3070916
F,3070975
F,3070986
F,3070987
F,3071002
F,3071011
F,3071017
F,3071053
F,3071058
F,3071067
F,3071070
F,3071083
F,3071089
F,3071118
F,3071141
F,3071156
F,3071169
F,3071192
F,3071203
F,3071204
F,3071241
F,3071254
F,3071262
F,3071264
F,3071282
F,3071284
F,3071286
F,3071293
F,3071307
F,3071317
F,3071364
F,3071384
F,3071411
F,3071415
F,3071418
F,3071423
F,3071428
F,3071430
F,3071433
F,3071436
F,3071446
F,3071451
F,3071452
F,3071470
F,3071471
F,3071489
F,3071554
F,3071556
F,3071588
F,3071601
F,3071624
F,3071625
F,3071641
F,3071645
F,3071662
F,3071663
F,3071713
F,3071782
F,3071786
F,3071837
F,3071844
F,3071847
F,3071852
F,3071860
F,3071872
F,3071885
F,3071887
F,3071895
F,3071905
F,3071923
F,3071950
F,3072035
F,3072053
F,3072054
F,3072055
F,3072071
F,3072076
F,3072080
F,3072096
F,3072100
F,3072159
F,3072178
F,3072185
F,3072187
F,3072194
F,3072210
F,3072211
F,3072224
F,3072241
F,3072245
F,3072250
F,3072257
F,3072269
F,3072315
F,3072323
F,3072337
F,3072341
F,3072351
F,3072363
F,3072390
F,3072428
F,3072430
F,3072433
F,3072436
F,3072469
F,3072482
F,3072484
F,3072496
F,3072510
F,3072517
F,3072536
F,3072545
F,3072550
F,3072602
F,3072648
F,3072664
F,3072682
F,3072684
F,3072685
F,3072694
F,3072705
F,3072715
F,3072720
F,3072728
F,3072730
F,3072731
F,3072750
F,3072751
F,3072757
F,3072770
F,3072784
F,3072792
F,3072793
F,3072819
F,3072824
F,3072831
F,3072840
F,3072851
F,3072869
F,3072871
F,3072896
F,3072901
F,3072902
F,3072905
F,3072934
F,3072938
F,3073019
F,3073053
F,3073081
F,3073082
F,3073119
F,3073121
F,3073122
F,3073128
F,3073132
F,3073149
F,3073175
F,3073184
F,3073202
F,3073213
F,3073226
F,3073237
F,3073243
F,3073302
F,3073317
F,3073396
F,3073472
F,3073480
F,3073486
F,3073504
F,3073538
F,3073553
F,3073575
F,3073592
F,3073594
F,3073611
F,3073618
F,3073635
F,3073652
F,3073657
F,3073662
F,3073735
F,3073750
F,3073755
F,3073799
F,3073804
F,3073806
F,3073842
F,3073883
F,3073918
F,3073933
F,3073938
F,3073946
F,3073970
F,3074012
F,3074013
F,3074014
F,3074018
F,3074038
F,3074070
F,3074093
F,3074096
F,3074098
F,3074110
F,3074113
F,3074116
F,3074129
F,3074135
F,3074136
F,3074162
F,3074239
F,3074257
F,3074260
F,3074282
F,3074309
F,3074312
F,3074314
F,3074353
F,3074358
F,3074362
F,3074364
F,3074480
F,3074489
F,3074518
F,3074542
F,3074577
F,3074597
F,3074616
F,3074641
F,3074650
F,3074674
F,3074676
F,3074679
F,3074685
F,3074703
F,3074718
F,3074720
F,3074727
F,3074747
F,3074767
F,3074785
F,3074806
F,3074807
F,3074832
F,3074842
F,3074848
F,3074852
F,3074875
F,3074926
F,3074927
F,3074934
F,3074939
F,3074945
F,3074946
F,3074976
F,3074986
F,3074988
F,3075017
F,3075036
F,3075079
F,3075087
F,3075095
F,3075106
F,3075115
F,3075116
F,3075121
F,3075211
F,3075218
F,3075219
F,3075222
F,3075224
F,3075231
F,3075246
F,3075257
F,3075271
F,3075337
F,3075348
F,3075361
F,3075375
F,3075418
F,3075421
F,3075513
F,3075590
F,3075592
F,3075603
F,3075614
F,3075621
F,3075627
F,3075636
F,3075673
F,3075694
F,3075707
F,3075742
F,3075746
F,3075784
F,3075788
F,3075865
F,3075892
F,3075901
F,3075910
F,3075914
F,3075955
F,3075958
F,3075972
F,3075974
F,3075977
F,3075995
F,3076000
F,3076009
F,3076022
F,3076023
F,3076038
F,3076072
F,3076082
F,3076088
F,3076103
F,3076117
F,3076123
F,3076154
F,3076156
F,3076159
F,3076172
F,3076195
F,3076209
F,3076242
F,3076314
F,3076316
F,3076321
F,3076323
F,3076330
F,3076343
F,3076372
F,3076379
F,3076414
F,3076415
F,3076423
F,3076446
F,3076472
F,3076485
F,3076727
F,3076860
F,3076880
F,3076910
F,3076991
F,3077001
F,3077005
F,3077018
F,3077059
F,3077067
F,3077069
F,3077071
F,3077073
F,3077081
F,3077091
F,3077128
F,3077163
F,3077176
F,3077184
F,3077194
F,3077452
F,3077816
F,3077853
F,3077939
F,3077943
F,3078013
F,3078025
F,3078032
F,3078113
F,3078139
F,3078167
F,3078173
F,3078193
F,3078271
F,3078277
F,3078281
F,3078293
F,3078335
F,3078373
F,3078378
F,3078404
F,3078412
F,3078419
F,3078421
F,3078434
F,3078453
F,3078460
F,3078463
F,3078473
F,3078483
F,3078556
F,3078561
F,3078583
F,3078599
F,3078601
F,3078613
F,3078649
F,3078693
F,3078734
F,3078746
F,3078751
F,3078765
F,3078808
F,3078823
F,3078860
F,3078861
F,3078894
F,3078940
F,3078946
F,3078981
F,3078991
F,3079007
F,3079029
F,3079037
F,3079043
F,3079060
F,3079062
F,3079080
F,3079094
F,3079095
F,3079098
F,3079103
F,3079106
F,3079111
F,3079149
F,3079214
F,3079235
F,3079272
F,3079290
F,3079316
F,3079335
F,3079339
F,3079341
F,3079343
F,3079403
F,3079431
F,3079444
F,3079450
F,3079458
F,3079496
F,3079516
F,3079517
F,3079525
F,3079526
F,3079530
F,3079552
F,3079568
F,3079595
F,3079597
F,3079599
F,3079610
F,3079614
F,3079624
F,3079641
F,3079666
F,3079710
F,3079713
F,3079757
F,3079759
F,3079801
F,3079815
F,3079825
F,3079829
F,3079846
F,3079854
F,3079855
F,3079873
F,3079933
F,3079942
F,3079954
F,3079979
F,3079983
F,3079986
F,3079996
F,3080002
F,3080008
F,3080014
F,3080021
F,3080024
F,3080031
F,3080055
F,3080060
F,3080076
F,3080077
F,3080096
F,3080109
F,3080125
F,3080132
F,3080142
F,3080159
F,3080161
F,3080163
F,3080197
F,3080217
F,3080239
F,3080243
F,3080245
F,3080247
F,3080286
F,3080379
F,3080380
F,3080393
F,3080414
F,3080452
F,3080457
F,3080490
F,3080510
F,3080511
F,3080553
F,3080560
F,3080566
F,3080585
F,3080587
F,3080590
F,3080592
F,3080598
F,3080601
F,3080607
F,3080645
F,3080654
F,3080661
F,3080669
F,3080684
F,3080694
F,3080743
F,3080747
F,3080748
F,3080751
F,3080754
F,3080755
F,3080757
F,3080785
F,3080999
F,3081025
F,3081109
F,3081170
F,3081186
F,3081188
F,3081192
F,3081198
F,3081210
F,3081211
F,3081226
F,3081231
F,3081234
F,3081245
F,3081266
F,3081269
F,3081273
F,3081282
F,3081297
F,3081322
F,3081358
F,3081363
F,3081389
F,3081396
F,3081404
F,3081473
F,3081528
F,3081542
F,3081583
F,3081731
F,3081744
F,3081756
F,3081760
F,3081787
F,3081793
F,3081796
F,3081897
F,3082041
F,3082055
F,3082300
F,3082301
F,3082334
F,3082547
F,3082604
F,3082644
F,3082666
F,3082716
F,3082751
F,3082759
F,3082798
F,3082802
F,3082835
F,3082885
F,3082887
F,3082915
F,3082916
F,3083052
F,3083056
F,3083063
F,3083094
F,3083104
F,3083113
F,3083114
F,3083130
F,3083188
F,3083190
F,3083209
F,3083232
F,3083268
F,3083276
F,3083353
F,3083368
F,3083400
F,3083411
F,3083419
F,3083431
F,3083469
F,3083507
F,3083536
F,3083545
F,3083567
F,3083572
F,3083573
F,3083578
F,3083590
F,3083595
F,3083631
F,3083676
F,3083682
F,3083763
F,3083766
F,3083841
F,3083868
F,3083869
F,3083870
F,3083875
F,3083884
F,3083891
F,3083895
F,3083901
F,3083905
F,3083910
F,3083913
F,3083918
F,3083948
F,3083964
F,3083976
F,3083982
F,3083983
F,3083996
F,3084001
F,3084002
F,3084004
F,3084013
F,3084028
F,3084044
F,3084045
F,3084071
F,3084085
F,3084088
F,3084090
F,3084093
F,3084095
F,3084115
F,3084125
F,3084145
F,3084152
F,3084157
F,3084159
F,3084181
F,3084186
F,3084238
F,3084251
F,3084258
F,3084348
F,3084365
F,3084368
F,3084402
F,3084423
F,3084458
F,3084473
F,3084497
F,3084509
F,3084528
F,3084552
F,3084564
F,3084575
F,3084578
F,3084581
F,3084584
F,3084608
F,3084634
F,3084694
F,3084728
F,3084743
F,3084758
F,3084770
F,3084771
F,3084773
F,3084797
F,3084844
F,3084879
F,3084912
F,3084931
F,3084932
F,3084933
F,3084935
F,3084945
F,3084954
F,3084958
F,3084960
F,3084973
F,3084986
F,3084994
F,3085005
F,3085026
F,3085044
F,3085046
F,3085051
F,3085052
F,3085060
F,3085061
F,3085066
F,3085092
F,3085108
F,3085114
F,3085118
F,3085120
F,3085124
F,3085136
F,3085169
F,3085190
F,3085204
F,3085208
F,3085211
F,3085228
F,3085230
F,3085237
F,3085239
F,3085240
F,3085260
F,3085262
F,3085278
F,3085280
F,3085281
F,3085287
F,3085298
F,3085304
F,3085305
F,3085349
F,3085388
F,3085423
F,3085430
F,3085437
F,3085445
F,3085455
F,3085468
F,3085504
F,3085509
F,3085513
F,3085516
F,3085526
F,3085533
F,3085535
F,3085538
F,3085542
F,3085543
F,3085545
F,3085556
F,3085562
F,3085595
F,3085708
F,3085711
F,3085718
F,3085741
F,3085754
F,3085783
F,3085785
F,3085809
F,3085836
F,3085837
F,3085843
F,3085845
F,3085847
F,3085954
F,3085961
F,3086011
F,3086020
F,3086038
F,3086044
F,3086084
F,3086093
F,3086094
F,3086104
F,3086129
F,3086136
F,3086179
F,3086196
F,3086204
F,3086254
F,3086261
F,3086263
F,3086267
F,3086268
F,3086270
F,3086276
F,3086283
F,3086311
F,3086324
F,3086339
F,3086341
F,3086342
F,3086352
F,3086392
F,3086410
F,3086413
F,3086425
F,3086448
F,3086470
F,3086478
F,3086479
F,3086488
F,3086489
F,3086502
F,3086541
F,3086542
F,3086543
F,3086566
F,3086575
F,3086596
F,3086627
F,3086640
F,3086652
F,3086668
F,3086680
F,3086682
F,3086685
F,3086697
F,3086723
F,3086735
F,3086741
F,3086754
F,3086758
F,3086766
F,3086788
F,3086790
F,3086805
F,3086809
F,3086816
F,3086840
F,3086843
F,3086845
F,3086865
F,3086868
F,3086876
F,3086877
F,3086879
F,3086912
F,3086918
F,3086920
F,3086922
F,3086945
F,3086950
F,3086957
F,3086967
F,3086975
F,3086976
F,3086991
F,3087001
F,3087002
F,3087015
F,3087078
F,3087094
F,3087095
F,3087112
F,3087113
F,3087136
F,3087140
F,3087172
F,3087181
F,3087182
F,3087199
F,3087228
F,3087242
F,3087257
F,3087260
F,3087266
F,3087273
F,3087274
F,3087275
F,3087298
F,3087303
F,3087304
F,3087307
F,3087312
F,3087325
F,3087326
F,3087347
F,3087396
F,3087426
F,3087474
F,3087485
F,3087489
F,3087490
F,3087520
F,3087524
F,3087583
F,3087584
F,3087589
F,3087623
F,3087625
F,3087639
F,3087645
F,3087654
F,3087660
F,3087667
F,3087671
F,3087717
F,3087723
F,3087725
F,3087761
F,3087780
F,3087827
F,3087840
F,3087847
F,3087860
F,3087880
F,3087889
F,3087897
F,3087900
F,3087902
F,3087903
F,3087905
F,3087910
F,3087913
F,3087918
F,3087936
F,3087942
F,3087946
F,3087989
F,3087998
F,3088010
F,3088019
F,3088026
F,3088038
F,3088062
F,3088064
F,3088112
F,3088123
F,3088129
F,3088139
F,3088157
F,3088160
F,3088167
F,3088175
F,3088182
F,3088183
F,3088187
F,3088212
F,3088222
F,3088224
F,3088228
F,3088233
F,3088246
F,3088247
F,3088257
F,3088266
F,3088273
F,3088274
F,3088275
F,3088277
F,3088283
F,3088301
F,3088306
F,3088323
F,3088338
F,3088348
F,3088351
F,3088374
F,3088377
F,3088389
F,3088397
F,3088402
F,3088410
F,3088414
F,3088417
F,3088418
F,3088420
F,3088438
F,3088508
F,3088533
F,3088578
F,3088590
F,3088633
F,3088634
F,3088652
F,3088726
F,3088799
F,3088805
F,3088815
F,3088853
F,3088856
F,3088860
F,3088865
F,3088890
F,3088914
F,3088946
F,3089047
F,3089069
F,3089085
F,3089140
F,3089147
F,3089153
F,3089154
F,3089165
F,3089169
F,3089170
F,3089174
F,3089205
F,3089207
F,3089214
F,3089229
F,3089238
F,3089245
F,3089250
F,3089255
F,3089261
F,3089265
F,3089274
F,3089283
F,3089284
F,3089289
F,3089310
F,3089320
F,3089327
F,3089332
F,3089337
F,3089402
F,3089412
F,3089420
F,3089430
F,3089432
F,3089461
F,3089464
F,3089477
F,3089479
F,3089492
F,3089524
F,3089525
F,3089531
F,3089533
F,3089537
F,3089539
F,3089540
F,3089545
F,3089547
F,3089552
F,3089563
F,3089564
F,3089568
F,3089584
F,3089608
F,3089648
F,3089657
F,3089685
F,3089692
F,3089703
F,3089735
F,3089780
F,3089817
F,3089842
F,3090103
F,3090114
F,3090118
F,3090120
F,3090135
F,3090139
F,3090155
F,3090160
F,3090162
F,3090163
F,3090165
F,3090178
F,3090181
F,3090185
F,3090190
F,3090200
F,3090207
F,3090230
F,3090244
F,3090248
F,3090249
F,3090270
F,3090275
F,3090304
F,3090329
F,3090374
F,3090378
F,3090392
F,3090408
F,3090414
F,3090476
F,3090483
F,3090488
F,3090501
F,3090505
F,3090597
F,3090648
F,3090656
F,3090683
F,3090725
F,3090744
F,3090747
F,3090753
F,3090834
F,3090842
F,3090918
F,3090940
F,3090954
F,3090973
F,3091013
F,3091050
F,3091054
F,3091109
F,3091124
F,3091141
F,3091142
F,3091165
F,3091184
F,3091190
F,3091193
F,3091213
F,3091221
F,3091226
F,3091229
F,3091231
F,3091237
F,3091244
F,3091283
F,3091301
F,3091325
F,3091344
F,3091345
F,3091365
F,3091376
F,3091409
F,3091414
F,3091427
F,3091428
F,3091443
F,3091458
F,3091461
F,3091462
F,3091463
F,3091467
F,3091474
F,3091475
F,3091508
F,3091518
F,3091521
F,3091539
F,3091560
F,3091583
F,3091592
F,3091620
F,3091624
F,3091646
F,3091663
F,3091778
F,3091806
F,3091881
F,3091885
F,3091887
F,3091933
F,3091937
F,3091940
F,3091949
F,3091974
F,3092024
F,3092029
F,3092058
F,3092060
F,3092076
F,3092098
F,3092100
F,3092112
F,3092120
F,3092121
F,3092135
F,3092136
F,3092156
F,3092158
F,3092177
F,3092183
F,3092199
F,3092248
F,3092251
F,3092278
F,3092345
F,3092352
F,3092386
F,3092407
F,3092408
F,3092803
F,3092819
F,3092825
F,3092836
F,3092866
F,3092868
F,3092882
F,3092916
F,3092926
F,3092928
F,3092929
F,3092960
F,3092974
F,3092993
F,3093016
F,3093026
F,3093031
F,3093039
F,3093058
F,3093081
F,3093093
F,3093104
F,3093114
F,3093209
F,3093273
F,3093278
F,3093280
F,3093295
F,3093301
F,3093302
F,3093310
F,3093339
F,3093400
F,3093424
F,3093477
F,3093488
F,3093526
F,3093571
F,3093596
F,3093600
F,3093621
F,3093630
F,3093662
F,3093668
F,3093673
F,3093688
F,3093693
F,3093697
F,3093705
F,3093711
F,3093744
F,3093754
F,3093755
F,3093763
F,3093768
F,3093781
F,3093800
F,3093808
F,3093860
F,3093869
F,3093874
F,3093892
F,3093893
F,3093900
F,3093920
F,3093972
F,3093974
F,3093986
F,3093992
F,3094057
F,3094060
F,3094078
F,3094095
F,3094102
F,3094114
F,3094115
F,3094122
F,3094129
F,3094138
F,3094139
F,3094141
F,3094180
F,3094190
F,3094194
F,3094209
F,3094234
F,3094253
F,3094285
F,3094293
F,3094306
F,3094335
F,3094365
F,3094388
F,3094437
F,3094470
F,3094476
F,3094485
F,3094514
F,3094517
F,3094526
F,3094527
F,3094540
F,3094574
F,3094578
F,3094581
F,3094608
F,3094619
F,3094627
F,3094634
F,3094637
F,3094639
F,3094716
F,3094727
F,3094728
F,3094738
F,3094750
F,3094836
F,3094849
F,3094867
F,3094882
F,3094884
F,3094895
F,3094905
F,3094924
F,3094955
F,3094964
F,3094975
F,3094976
F,3094977
F,3095049
F,3095050
F,3095168
F,3095208
F,3095209
F,3095216
F,3095227
F,3095247
F,3095266
F,3095282
F,3095291
F,3095323
F,3095327
F,3095353
F,3095423
F,3095460
F,3095467
F,3095473
F,3095476
F,3095484
F,3095491
F,3095559
F,3095563
F,3095574
F,3095607
F,3095639
F,3095644
F,3095703
F,3095713
F,3095724
F,3095743
F,3095763
F,3095771
F,3095786
F,3095807
F,3095812
F,3095815
F,3095845
F,3095848
F,3095856
F,3095857
F,3095865
F,3095870
F,3095874
F,3095879
F,3095897
F,3095905
F,3095909
F,3095922
F,3095935
F,3095956
F,3095982
F,3095996
F,3096003
F,3096014
F,3096029
F,3096044
F,3096057
F,3096073
F,3096096
F,3096108
F,3096111
F,3096120
F,3096141
F,3096178
F,3096202
F,3096212
F,3096213
F,3096223
F,3096244
F,3096259
F,3096278
F,3096279
F,3096281
F,3096334
F,3096386
F,3096400
F,3096430
F,3096437
F,3096488
F,3096494
F,3096503
F,3096508
F,3096523
F,3096686
F,3096700
F,3096702
F,3096712
F,3096716
F,3096721
F,3096731
F,3096734
F,3096755
F,3096778
F,3096829
F,3096844
F,3096863
F,3096868
F,3096871
F,3096880
F,3096881
F,3096899
F,3096910
F,3096921
F,3096932
F,3096934
F,3096945
F,3097010
F,3097017
F,3097018
F,3097063
F,3097076
F,3097085
F,3097090
F,3097093
F,3097099
F,3097104
F,3097117
F,3097118
F,3097151
F,3097220
F,3097223
F,3097225
F,3097236
F,3097257
F,3097265
F,3097269
F,3097297
F,3097299
F,3097302
F,3097313
F,3097314
F,3097344
F,3097379
F,3097382
F,3097398
F,3097405
F,3097435
F,3097438
F,3097460
F,3097487
F,3097544
F,3097548
F,3097550
F,3097554
F,3097618
F,3097624
F,3097632
F,3097633
F,3097635
F,3097648
F,3097650
F,3097652
F,3097654
F,3097763
F,3098000
F,3098065
F,3098313
F,3098362
F,3098365
F,3098369
F,3098425
F,3098426
F,3098440
F,3098444
F,3098451
F,3098460
F,3098463
F,3098494
F,3098498
F,3098510
F,3098560
F,3098563
F,3098583
F,3098584
F,3098585
F,3098608
F,3098632
F,3098647
F,3098654
F,3098665
F,3098691
F,3098693
F,3098707
F,3098716
F,3098771
F,3098787
F,3098849
F,3098889
F,3098896
F,3099005
F,3099035
F,3099040
F,3099077
F,3099113
F,3099120
F,3099128
F,3099139
F,3099161
F,3099237
F,3099298
F,3099339
F,3099382
F,3099458
F,3099488
F,3099528
F,3099620
F,3099643
F,3099669
F,3099691
F,3099694
F,3099733
F,3099747
F,3099753
F,3099771
F,3099802
F,3099803
F,3099826
F,3100017
F,3100051
F,3100079
F,3100084
F,3100099
F,3100146
F,3100149
F,3100161
F,3100237
F,3100240
F,3100245
F,3100266
F,3100278
F,3100280
F,3100294
F,3100315
F,3100318
F,3100335
F,3100344
F,3100346
F,3100348
F,3100349
F,3100378
F,3100392
F,3100394
F,3100444
F,3100500
F,3100530
F,3100689
F,3100790
F,3100794
F,3100834
F,3100835
F,3100836
F,3100849
F,3100853
F,3100860
F,3100881
F,3100904
F,3100916
F,3101099
F,3101138
F,3101155
F,3101157
F,3101163
F,3101172
F,3101173
F,3101177
F,3101180
F,3101183
F,3101197
F,3101204
F,3101212
F,3101218
F,3101224
F,3101227
F,3101236
F,3101243
F,3101245
F,3101246
F,3101254
F,3101261
F,3101264
F,3101267
F,3101277
F,3101283
F,3101285
F,3101401
F,3101403
F,3101417
F,3101434
F,3101447
F,3101449
F,3101480
F,3101530
F,3101547
F,3101556
F,3101563
F,3101585
F,3101605
F,3101613
F,3101614
F,3101618
F,3101672
F,3101685
F,3101694
F,3101701
F,3101707
F,3101717
F,3101745
F,3101762
F,3101787
F,3101788
F,3101795
F,3101822
F,3101823
F,3101833
F,3101850
F,3101851
F,3101857
F,3101868
F,3101873
F,3101888
F,3101969
F,3102001
F,3102038
F,3102045
F,3102048
F,3102052
F,3102067
F,3102094
F,3102103
F,3102123
F,3102134
F,3102159
F,3102164
F,3102176
F,3102215
F,3102219
F,3102236
F,3102248
F,3102249
F,3102253
F,3102268
F,3102283
F,3102285
F,3102311
F,3102318
F,3102344
F,3102346
F,3102383
F,3102441
F,3102442
F,3102572
F,3102629
F,3102859
F,3102878
F,3102913
F,3102953
F,3102971
F,3102981
F,3102982
F,3102984
F,3102992
F,3102997
F,3103120
F,3103124
F,3103125
F,3103133
F,3103135
F,3103159
F,3103166
F,3103168
F,3103172
F,3103184
F,3103214
F,3103215
F,3103224
F,3103231
F,3103233
F,3103241
F,3103249
F,3103277
F,3103278
F,3103302
F,3103366
F,3103377
F,3103397
F,3103426
F,3103427
F,3103465
F,3103471
F,3103481
F,3103490
F,3103518
F,3103541
F,3103550
F,3103669
F,3103681
F,3103692
F,3103762
F,3103815
F,3103821
F,3103838
F,3103849
F,3103868
F,3103871
F,3103876
F,3103906
F,3103911
F,3103913
F,3103922
F,3103928
F,3103931
F,3103951
F,3103969
F,3103970
F,3103973
F,3103977
F,3103985
F,3103988
F,3104030
F,3104041
F,3104046
F,3104055
F,3104076
F,3104094
F,3104096
F,3104101
F,3104108
F,3104142
F,3104144
F,3104221
F,3104248
F,3104277
F,3104283
F,3104311
F,3104313
F,3104330
F,3104353
F,3104366
F,3104370
F,3104383
F,3104387
F,3104390
F,3104396
F,3104400
F,3104402
F,3104404
F,3104407
F,3104417
F,3104425
F,3104427
F,3104434
F,3104444
F,3104467
F,3104479
F,3104484
F,3104500
F,3104503
F,3104510
F,3104516
F,3104517
F,3104519
F,3104540
F,3104546
F,3104549
F,3104558
F,3104598
F,3104602
F,3104615
F,3104638
F,3104669
F,3104670
F,3104674
F,3104676
F,3104689
F,3104703
F,3104707
F,3104711
F,3104719
F,3104733
F,3104736
F,3104747
F,3104824
F,3104829
F,3104842
F,3104844
F,3104861
F,3104865
F,3104872
F,3104873
F,3104893
F,3104968
F,3105001
F,3105004
F,3105010
F,3105014
F,3105021
F,3105025
F,3105028
F,3105081
F,3105112
F,3105115
F,3105130
F,3105138
F,3105139
F,3105196
F,3105205
F,3105220
F,3105326
F,3105370
F,3105374
F,3105407
F,3105411
F,3105431
F,3105444
F,3105458
F,3105464
F,3105584
F,3105585
F,3105599
F,3105600
F,3105615
F,3105635
F,3105641
F,3105651
F,3105715
F,3105738
F,3105741
F,3105747
F,3105752
F,3105804
F,3105815
F,3105818
F,3105822
F,3105833
F,3105837
F,3105842
F,3105846
F,3105857
F,3105858
F,3105867
F,3105869
F,3105872
F,3105880
F,3105934
F,3105936
F,3105942
F,3105965
F,3106050
F,3106052
F,3106056
F,3106062
F,3106070
F,3106071
F,3106076
F,3106078
F,3106093
F,3106098
F,3106115
F,3106122
F,3106126
F,3106136
F,3106146
F,3106151
F,3106160
F,3106179
F,3106189
F,3106196
F,3106211
F,3106215
F,3106252
F,3106258
F,3106271
F,3106305
F,3106309
F,3106329
F,3106333
F,3106346
F,3106354
F,3106408
F,3106410
F,3106421
F,3106432
F,3106482
F,3106484
F,3106492
F,3106496
F,3106503
F,3106504
F,3106597
F,3106601
F,3106621
F,3106632
F,3106635
F,3106636
F,3106644
F,3106648
F,3106670
F,3106720
F,3106725
F,3106726
F,3106738
F,3106745
F,3106749
F,3106759
F,3106766
F,3106770
F,3106771
F,3106774
F,3106791
F,3106797
F,3106800
F,3106820
F,3106823
F,3106828
F,3106830
F,3106840
F,3106866
F,3106889
F,3106905
F,3106918
F,3106927
F,3107030
F,3107068
F,3107075
F,3107085
F,3107155
F,3107161
F,3107195
F,3107235
F,3107310
F,3107316
F,3107322
F,3107327
F,3107331
F,3107419
F,3107425
F,3107431
F,3107436
F,3107462
F,3107467
F,3107498
F,3107500
F,3107509
F,3107510
F,3107546
F,3107555
F,3107569
F,3107570
F,3107575
F,3107581
F,3107626
F,3107634
F,3107638
F,3107649
F,3107670
F,3107688
F,3107693
F,3107708
F,3108115
F,3108117
F,3108120
F,3108202
F,3108249
F,3108296
F,3108302
F,3108308
F,3108315
F,3108340
F,3108353
F,3108366
F,3108495
F,3108513
F,3108514
F,3108584
F,3108599
F,3108601
F,3108619
F,3108633
F,3108652
F,3108667
F,3108680
F,3108681
F,3108682
F,3108705
F,3108726
F,3108727
F,3108731
F,3108733
F,3108734
F,3108739
F,3108781
F,3108787
F,3108790
F,3108827
F,3108854
F,3108857
F,3108910
F,3108911
F,3108928
F,3108938
F,3108940
F,3108963
F,3108973
F,3108976
F,3108989
F,3109003
F,3109004
F,3109005
F,3109014
F,3109025
F,3109030
F,3109033
F,3109039
F,3109082
F,3109100
F,3109101
F,3109102
F,3109104
F,3109106
F,3109112
F,3109123
F,3109150
F,3109154
F,3109156
F,3109157
F,3109162
F,3109174
F,3109186
F,3109189
F,3109200
F,3109290
F,3109328
F,3109332
F,3109391
F,3109394
F,3109410
F,3109412
F,3109413
F,3109415
F,3109429
F,3109434
F,3109435
F,3109540
F,3109547
F,3109548
F,3109549
F,3109554
F,3109560
F,3109564
F,3109572
F,3109601
F,3109606
F,3109633
F,3109636
F,3109686
F,3109692
F,3109716
F,3109725
F,3109728
F,3109733
F,3109736
F,3109749
F,3109781
F,3109801
F,3109812
F,3109817
F,3109823
F,3109827
F,3109853
F,3109898
F,3109911
F,3110012
F,3110015
F,3110038
F,3110064
F,3110069
F,3110076
F,3110077
F,3110082
F,3110086
F,3110122
F,3110128
F,3110182
F,3110186
F,3110187
F,3110191
F,3110200
F,3110208
F,3110220
F,3110257
F,3110264
F,3110269
F,3110309
F,3110310
F,3110351
F,3110372
F,3110406
F,3110426
F,3110429
F,3110511
F,3110516
F,3110843
F,3110868
F,3110907
F,3110943
F,3110959
F,3111004
F,3111077
F,3111080
F,3111087
F,3111105
F,3111108
F,3111137
F,3111154
F,3111170
F,3111173
F,3111174
F,3111205
F,3111208
F,3111218
F,3111247
F,3111255
F,3111258
F,3111370
F,3111372
F,3111377
F,3111379
F,3111381
F,3111387
F,3111391
F,3111395
F,3111412
F,3111413
F,3111421
F,3111425
F,3111430
F,3111436
F,3111445
F,3111447
F,3111465
F,3111480
F,3111482
F,3111484
F,3111502
F,3111511
F,3111517
F,3111522
F,3111564
F,3111619
F,3111653
F,3111660
F,3111701
F,3111702
F,3111704
F,3111713
F,3111720
F,3111741
F,3111758
F,3111794
F,3111809
F,3111849
F,3111901
F,3111913
F,3111917
F,3111926
F,3111936
F,3111958
F,3111964
F,3111965
F,3111970
F,3111981
F,3111994
F,3112064
F,3112077
F,3112088
F,3112116
F,3112164
F,3112170
F,3112195
F,3112245
F,3112274
F,3112278
F,3112307
F,3112310
F,3112404
F,3112415
F,3112424
F,3112440
F,3112485
F,3112500
F,3112520
F,3112542
F,3112543
F,3112545
F,3112550
F,3112554
F,3112556
F,3112559
F,3112581
F,3112601
F,3112612
F,3112613
F,3112624
F,3112641
F,3112678
F,3112690
F,3112727
F,3112728
F,3112759
F,3112826
F,3112828
F,3112830
F,3112831
F,3112844
F,3112855
F,3112858
F,3112865
F,3112871
F,3112924
F,3112943
F,3112946
F,3112961
F,3112973
F,3112974
F,3112983
F,3113008
F,3113049
F,3113091
F,3113098
F,3113125
F,3113178
F,3113189
F,3113200
F,3113213
F,3113251
F,3113264
F,3113265
F,3113274
F,3113304
F,3113308
F,3113334
F,3113337
F,3113339
F,3113363
F,3113470
F,3113472
F,3113504
F,3113527
F,3113539
F,3113606
F,3113611
F,3113638
F,3113640
F,3113642
F,3113646
F,3113653
F,3113659
F,3113671
F,3113699
F,3113706
F,3113727
F,3113756
F,3113760
F,3113768
F,3113789
F,3113814
F,3113815
F,3113816
F,3113836
F,3113846
F,3113847
F,3113851
F,3113860
F,3113887
F,3113895
F,3113909
F,3113916
F,3113929
F,3113951
F,3113976
F,3113993
F,3113999
F,3114010
F,3114025
F,3114032
F,3114033
F,3114040
F,3114041
F,3114059
F,3114072
F,3114087
F,3114099
F,3114109
F,3114110
F,3114122
F,3114124
F,3114125
F,3114140
F,3114156
F,3114188
F,3114218
F,3114219
F,3114224
F,3114263
F,3114304
F,3114347
F,3114361
F,3114369
F,3114381
F,3114389
F,3114414
F,3114431
F,3114457
F,3114542
F,3114572
F,3114575
F,3114577
F,3114578
F,3114592
F,3114604
F,3114672
F,3114709
F,3114714
F,3114719
F,3114730
F,3114734
F,3114752
F,3114784
F,3114835
F,3114938
F,3114963
F,3115087
F,3115100
F,3115102
F,3115127
F,3115129
F,3115134
F,3115143
F,3115145
F,3115146
F,3115151
F,3115160
F,3115170
F,3115178
F,3115219
F,3115221
F,3115229
F,3115249
F,3115315
F,3115316
F,3115350
F,3115356
F,3115398
F,3115491
F,3115527
F,3115534
F,3115537
F,3115571
F,3115572
F,3115578
F,3115598
F,3115639
F,3115677
F,3115693
F,3115730
F,3115738
F,3115791
F,3115827
F,3115926
F,3115928
F,3115951
F,3115960
F,3115968
F,3115978
F,3116000
F,3116031
F,3116065
F,3116100
F,3116103
F,3116134
F,3116136
F,3116151
F,3116153
F,3116166
F,3116169
F,3116196
F,3116215
F,3116224
F,3116247
F,3116270
F,3116283
F,3116315
F,3116343
F,3116347
F,3116357
F,3116373
F,3116389
F,3116402
F,3116411
F,3116449
F,3116531
F,3116547
F,3116595
F,3116632
F,3116646
F,3116663
F,3116701
F,3116703
F,3116757
F,3116796
F,3116805
F,3116817
F,3116824
F,3116837
F,3116871
F,3116903
F,3116911
F,3116916
F,3116920
F,3116921
F,3116960
F,3116974
F,3117001
F,3117005
F,3117010
F,3117017
F,3117047
F,3117070
F,3117091
F,3117092
F,3117096
F,3117120
F,3117132
F,3117135
F,3117157
F,3117198
F,3117235
F,3117239
F,3117243
F,3117256
F,3117259
F,3117263
F,3117266
F,3117300
F,3117308
F,3117313
F,3117325
F,3117359
F,3117363
F,3117372
F,3117375
F,3117398
F,3117411
F,3117452
F,3117461
F,3117463
F,3117473
F,3117482
F,3117483
F,3117489
F,3117498
F,3117541
F,3117543
F,3117565
F,3117567
F,3117586
F,3117591
F,3117593
F,3117597
F,3117620
F,3117621
F,3117629
F,3117650
F,3117669
F,3117670
F,3117774
F,3117776
F,3117793
F,3117794
F,3117812
F,3117816
F,3117822
F,3117836
F,3117855
F,3117862
F,3117865
F,3117867
F,3117869
F,3117873
F,3117881
F,3117904
F,3117915
F,3117925
F,3117948
F,3117951
F,3118028
F,3118120
F,3118125
F,3118134
F,3118190
F,3118192
F,3118223
F,3118226
F,3118236
F,3118238
F,3118261
F,3118277
F,3118289
F,3118297
F,3118328
F,3118337
F,3118338
F,3118341
F,3118347
F,3118354
F,3118357
F,3118376
F,3118378
F,3118383
F,3118386
F,3118399
F,3118414
F,3118430
F,3118451
F,3118475
F,3118504
F,3118512
F,3118521
F,3118525
F,3118542
F,3118576
F,3118578
F,3118590
F,3118592
F,3118597
F,3118611
F,3118647
F,3118678
F,3118717
F,3118735
F,3118736
F,3118751
F,3118753
F,3118758
F,3118805
F,3118816
F,3118817
F,3118827
F,3118870
F,3118890
F,3118892
F,3118896
F,3118923
F,3118924
F,3118926
F,3118943
F,3118961
F,3118975
F,3118976
F,3118990
F,3119007
F,3119009
F,3119026
F,3119030
F,3119036
F,3119040
F,3119045
F,3119051
F,3119056
F,3119057
F,3119103
F,3119223
F,3119225
F,3119227
F,3119273
F,3119274
F,3119276
F,3119279
F,3119285
F,3119290
F,3119294
F,3119296
F,3119297
F,3119337
F,3119338
F,3119339
F,3119346
F,3119347
F,3119350
F,3119351
F,3119363
F,3119383
F,3119401
F,3119431
F,3119497
F,3119501
F,3119517
F,3119518
F,3119525
F,3119552
F,3119559
F,3119562
F,3119613
F,3119720
F,3119738
F,3119760
F,3119781
F,3119786
F,3119870
F,3119882
F,3119901
F,3119908
F,3119912
F,3119913
F,3119934
F,3119958
F,3119959
F,3119978
F,3120043
F,3120044
F,3120050
F,3120052
F,3120054
F,3120059
F,3120061
F,3120064
F,3120065
F,3120077
F,3120087
F,3120100
F,3120111
F,3120127
F,3120141
F,3120144
F,3120150
F,3120172
F,3120179
F,3120183
F,3120227
F,3120263
F,3120375
F,3120393
F,3120401
F,3120402
F,3120425
F,3120432
F,3120437
F,3120461
F,3120481
F,3120513
F,3120520
F,3120526
F,3120564
F,3120583
F,3120619
F,3120624
F,3120643
F,3120707
F,3120753
F,3120760
F,3120789
F,3120819
F,3120916
F,3120927
F,3120930
F,3120933
F,3120937
F,3120951
F,3120956
F,3120961
F,3120965
F,3120968
F,3120969
F,3121011
F,3121022
F,3121025
F,3121033
F,3121035
F,3121077
F,3121103
F,3121136
F,3121139
F,3121162
F,3121186
F,3121230
F,3121236
F,3121257
F,3121258
F,3121296
F,3121297
F,3121317
F,3121326
F,3121338
F,3121431
F,3121451
F,3121461
F,3121464
F,3121470
F,3121492
F,3121531
F,3121547
F,3121600
F,3121620
F,3121623
F,3121629
F,3121638
F,3121642
F,3121644
F,3121668
F,3121676
F,3121687
F,3121711
F,3121756
F,3121767
F,3121769
F,3121781
F,3121789
F,3121798
F,3121800
F,3121809
F,3121817
F,3121824
F,3121826
F,3121827
F,3121840
F,3121850
F,3121860
F,3121865
F,3121867
F,3121870
F,3121874
F,3121875
F,3121888
F,3121924
F,3121926
F,3121946
F,3121955
F,3121960
F,3122023
F,3122025
F,3122026
F,3122044
F,3122059
F,3122061
F,3122066
F,3122077
F,3122087
F,3122091
F,3122092
F,3122093
F,3122096
F,3122098
F,3122112
F,3122121
F,3122123
F,3122127
F,3122128
F,3122140
F,3122162
F,3122168
F,3122208
F,3122235
F,3122240
F,3122274
F,3122281
F,3122329
F,3122331
F,3122388
F,3122409
F,3122461
F,3122478
F,3122487
F,3122488
F,3122503
F,3122504
F,3122508
F,3122509
F,3122514
F,3122517
F,3122523
F,3122551
F,3122557
F,3122562
F,3122575
F,3122582
F,3122600
F,3122608
F,3122609
F,3122615
F,3122714
F,3122738
F,3122741
F,3122744
F,3122753
F,3122761
F,3122766
F,3122797
F,3122801
F,3122809
F,3122830
F,3122831
F,3122832
F,3122848
F,3122852
F,3122854
F,3122855
F,3122883
F,3122891
F,3122893
F,3122895
F,3122904
F,3122928
F,3122935
F,3122939
F,3122950
F,3122982
F,3122998
F,3122999
F,3123007
F,3123025
F,3123027
F,3123029
F,3123031
F,3123036
F,3123043
F,3123069
F,3123077
F,3123088
F,3123102
F,3123137
F,3123142
F,3123155
F,3123158
F,3123169
F,3123189
F,3123191
F,3123200
F,3123203
F,3123205
F,3123245
F,3123247
F,3123282
F,3123286
F,3123289
F,3123340
F,3123352
F,3123383
F,3123406
F,3123408
F,3123415
F,3123426
F,3123433
F,3123468
F,3123489
F,3123490
F,3123514
F,3123521
F,3123546
F,3123555
F,3123566
F,3123567
F,3123576
F,3123624
F,3123625
F,3123632
F,3123645
F,3123669
F,3123678
F,3123684
F,3123692
F,3123693
F,3123710
F,3123717
F,3123755
F,3123789
F,3123793
F,3123795
F,3123818
F,3123828
F,3123841
F,3123876
F,3123892
F,3123955
F,3123970
F,3124019
F,3124043
F,3124082
F,3124085
F,3124087
F,3124090
F,3124096
F,3124115
F,3124133
F,3124135
F,3124171
F,3124175
F,3124197
F,3124203
F,3124210
F,3124212
F,3124221
F,3124249
F,3124261
F,3124262
F,3124265
F,3124282
F,3124299
F,3124302
F,3124326
F,3124343
F,3124344
F,3124349
F,3124352
F,3124362
F,3124388
F,3124422
F,3124426
F,3124464
F,3124467
F,3124469
F,3124477
F,3124481
F,3124499
F,3124501
F,3124545
F,3124548
F,3124554
F,3124560
F,3124572
F,3124578
F,3124592
F,3124599
F,3124604
F,3124611
F,3124620
F,3124637
F,3124671
F,3124677
F,3124690
F,3124693
F,3124709
F,3124711
F,3124712
F,3124758
F,3124772
F,3124775
F,3124802
F,3124892
F,3124932
F,3124945
F,3124947
F,3124949
F,3124953
F,3124954
F,3125009
F,3125014
F,3125015
F,3125021
F,3125047
F,3125051
F,3125061
F,3125065
F,3125066
F,3125080
F,3125081
F,3125100
F,3125105
F,3125106
F,3125107
F,3125113
F,3125134
F,3125135
F,3125174
F,3125219
F,3125224
F,3125231
F,3125246
F,3125273
F,3125279
F,3125309
F,3125311
F,3125336
F,3125377
F,3125384
F,3125394
F,3125396
F,3125402
F,3125410
F,3125414
F,3125451
F,3125453
F,3125459
F,3125543
F,3125545
F,3125565
F,3125583
F,3125586
F,3125587
F,3125591
F,3125615
F,3125623
F,3125650
F,3125652
F,3125654
F,3125670
F,3125673
F,3125675
F,3125681
F,3125694
F,3125698
F,3125711
F,3125712
F,3125714
F,3125716
F,3125718
F,3125721
F,3125722
F,3125725
F,3125728
F,3125753
F,3125754
F,3125763
F,3125781
F,3125782
F,3125786
F,3125829
F,3125830
F,3125834
F,3125848
F,3125864
F,3125898
F,3125954
F,3125955
F,3125967
F,3126004
F,3126027
F,3126035
F,3126042
F,3126055
F,3126069
F,3126070
F,3126074
F,3126081
F,3126090
F,3126116
F,3126137
F,3126139
F,3126141
F,3126144
F,3126149
F,3126152
F,3126174
F,3126178
F,3126181
F,3126182
F,3126194
F,3126198
F,3126199
F,3126206
F,3126243
F,3126251
F,3126257
F,3126265
F,3126266
F,3126267
F,3126275
F,3126277
F,3126284
F,3126305
F,3126314
F,3126316
F,3126322
F,3126324
F,3126327
F,3126341
F,3126351
F,3126360
F,3126370
F,3126380
F,3126383
F,3126387
F,3126404
F,3126411
F,3126418
F,3126427
F,3126433
F,3126437
F,3126458
F,3126480
F,3126493
F,3126495
F,3126496
F,3126510
F,3126591
F,3126596
F,3126599
F,3126603
F,3126696
F,3126710
F,3126711
F,3126712
F,3126757
F,3126774
F,3126775
F,3126794
F,3126796
F,3126800
F,3127006
F,3127026
F,3127049
F,3127063
F,3127068
F,3127071
F,3127078
F,3127083
F,3127086
F,3127109
F,3127112
F,3127114
F,3127117
F,3127120
F,3127135
F,3127150
F,3127152
F,3127185
F,3127211
F,3127212
F,3127213
F,3127214
F,3127215
F,3127218
F,3127219
F,3127220
F,3127226
F,3127236
F,3127241
F,3127262
F,3127304
F,3127318
F,3127384
F,3127400
F,3127424
F,3127426
F,3127433
F,3127438
F,3127448
F,3127457
F,3127466
F,3127480
F,3127483
F,3127491
F,3127552
F,3127564
F,3127581
F,3127624
F,3127663
F,3127691
F,3127692
F,3127745
F,3127746
F,3127805
F,3127839
F,3127843
F,3127851
F,3127859
F,3127862
F,3127868
F,3127881
F,3127901
F,3127913
F,3127923
F,3127924
F,3127935
F,3127945
F,3127946
F,3127951
F,3127959
F,3127970
F,3127978
F,3127991
F,3128001
F,3128009
F,3128033
F,3128047
F,3128062
F,3128066
F,3128073
F,3128081
F,3128084
F,3128087
F,3128090
F,3128103
F,3128123
F,3128129
F,3128130
F,3128134
F,3128212
F,3128218
F,3128221
F,3128242
F,3128251
F,3128277
F,3128300
F,3128303
F,3128312
F,3128314
F,3128346
F,3128351
F,3128361
F,3128365
F,3128379
F,3128386
F,3128387
F,3128392
F,3128397
F,3128399
F,3128400
F,3128402
F,3128407
F,3128410
F,3128416
F,3128420
F,3128427
F,3128449
F,3128451
F,3128452
F,3128485
F,3128492
F,3128500
F,3128503
F,3128510
F,3128511
F,3128517
F,3128533
F,3128574
F,3128585
F,3128593
F,3128594
F,3128596
F,3128601
F,3128606
F,3128617
F,3128666
F,3128667
F,3128727
F,3128729
F,3128732
F,3128750
F,3128751
F,3128822
F,3128824
F,3128851
F,3129004
F,3129005
F,3129009
F,3129060
F,3129063
F,3129066
F,3129118
F,3129129
F,3129151
F,3129179
F,3129181
F,3129187
F,3129190
F,3129201
F,3129209
F,3129213
F,3129247
F,3129248
F,3129251
F,3129257
F,3129267
F,3129277
F,3129299
F,3129308
F,3129314
F,3129321
F,3129322
F,3129323
F,3129325
F,3129337
F,3129340
F,3129349
F,3129361
F,3129362
F,3129366
F,3129375
F,3129379
F,3129381
F,3129384
F,3129400
F,3129406
F,3129407
F,3129421
F,3129433
F,3129434
F,3129446
F,3129451
F,3129457
F,3129464
F,3129471
F,3129476
F,3129479
F,3129485
F,3129495
F,3129496
F,3129504
F,3129521
F,3129545
F,3129552
F,3129553
F,3129576
F,3129578
F,3129599
F,3129606
F,3129623
F,3129641
F,3129703
F,3129707
F,3129708
F,3129739
F,3129745
F,3129751
F,3129756
F,3129759
F,3129760
F,3129776
F,3129802
F,3129804
F,3129832
F,3129837
F,3129846
F,3129895
F,3129924
F,3129935
F,3129940
F,3129957
F,3129968
F,3129976
F,3129980
F,3130014
F,3130021
F,3130063
F,3130070
F,3130073
F,3130076
F,3130082
F,3130091
F,3130096
F,3130114
F,3130121
F,3130130
F,3130155
F,3130157
F,3130161
F,3130207
F,3130208
F,3130210
F,3130213
F,3130227
F,3130261
F,3130274
F,3130276
F,3130281
F,3130298
F,3130375
F,3130376
F,3130386
F,3130387
F,3130389
F,3130401
F,3130404
F,3130410
F,3130437
F,3130485
F,3130570
F,3130572
F,3130580
F,3130604
F,3130698
F,3130699
F,3130708
F,3130712
F,3130769
F,3130772
F,3130773
F,3130774
F,3130777
F,3130783
F,3130787
F,3130793
F,3130794
F,3130816
F,3130822
F,3130826
F,3130843
F,3130845
F,3130850
F,3130854
F,3130856
F,3130858
F,3130862
F,3130863
F,3130872
F,3130875
F,3130878
F,3130882
F,3130886
F,3130891
F,3130894
F,3130895
F,3130901
F,3130907
F,3130910
F,3130912
F,3130913
F,3130918
F,3130922
F,3130936
F,3130949
F,3130950
F,3130952
F,3130956
F,3130965
F,3130978
F,3130984
F,3131005
F,3131008
F,3131058
F,3131065
F,3131079
F,3131080
F,3131098
F,3131099
F,3131100
F,3131102
F,3131108
F,3131124
F,3131125
F,3131129
F,3131134
F,3131136
F,3131140
F,3131145
F,3131168
F,3131207
F,3131211
F,3131221
F,3131222
F,3131225
F,3131227
F,3131235
F,3131246
F,3131273
F,3131279
F,3131302
F,3131303
F,3131304
F,3131310
F,3131326
F,3131328
F,3131334
F,3131346
F,3131347
F,3131375
F,3131379
F,3131394
F,3131455
F,3131469
F,3131472
F,3131476
F,3131501
F,3131507
F,3131511
F,3131518
F,3131521
F,3131525
F,3131530
F,3131575
F,3131577
F,3131578
F,3131654
F,3131657
F,3131663
F,3131666
F,3131669
F,3131673
F,3131681
F,3131690
F,3131697
F,3131699
F,3131702
F,3131703
F,3131711
F,3131713
F,3131715
F,3131718
F,3131721
F,3131722
F,3131726
F,3131748
F,3131749
F,3131751
F,3131765
F,3131766
F,3131769
F,3131783
F,3131786
F,3131787
F,3131808
F,3131821
F,3131837
F,3131847
F,3131857
F,3131862
F,3131863
F,3131866
F,3131872
F,3131882
F,3131884
F,3131893
F,3131907
F,3131918
F,3131922
F,3131932
F,3131940
F,3131970
F,3131984
F,3131992
F,3131996
F,3132009
F,3132083
F,3132126
F,3132153
F,3132155
F,3132163
F,3132166
F,3132173
F,3132179
F,3132181
F,3132205
F,3132206
F,3132215
F,3132229
F,3132237
F,3132241
F,3132277
F,3132352
F,3132443
F,3132464
F,3132465
F,3132628
F,3132652
F,3132670
F,3132683
F,3132777
F,3132780
F,3132788
F,3132822
F,3132847
F,3132885
F,3132899
F,3132912
F,3132915
F,3132927
F,3132933
F,3132997
F,3133001
F,3133006
F,3133009
F,3133011
F,3133012
F,3133017
F,3133066
F,3133108
F,3133141
F,3133167
F,3133242
F,3133246
F,3133263
F,3133265
F,3133268
F,3133270
F,3133271
F,3133272
F,3133274
F,3133285
F,3133319
F,3133383
F,3133433
F,3133436
F,3133458
F,3133463
F,3133502
F,3133540
F,3133542
F,3133547
F,3133548
F,3133550
F,3133560
F,3133565
F,3133604
F,3133612
F,3133642
F,3133648
F,3133649
F,3133652
F,3133677
F,3133722
F,3133726
F,3133728
F,3133731
F,3133766
F,3133801
F,3133816
F,3133820
F,3133821
F,3133830
F,3133839
F,3133848
F,3133856
F,3133880
F,3134103
F,3134104
F,3134146
F,3134154
F,3134169
F,3134172
F,3134178
F,3134191
F,3134199
F,3134202
F,3134207
F,3134214
F,3134216
F,3134285
F,3134291
F,3134328
F,3134342
F,3134443
F,3134475
F,3134478
F,3134485
F,3134529
F,3134535
F,3134555
F,3134560
F,3134601
F,3134627
F,3134631
F,3134673
F,3134705
F,3134747
F,3134749
F,3134769
F,3134814
F,3134829
F,3134856
F,3134867
F,3134872
F,3134876
F,3134893
F,3134914
F,3134954
F,3134959
F,3134960
F,3134962
F,3134982
F,3134986
F,3135026
F,3135029
F,3135035
F,3135045
F,3135055
F,3135068
F,3135078
F,3135112
F,3135115
F,3135134
F,3135144
F,3135145
F,3135168
F,3135173
F,3135184
F,3135195
F,3135208
F,3135219
F,3135229
F,3135232
F,3135237
F,3135247
F,3135257
F,3135259
F,3135260
F,3135266
F,3135285
F,3135289
F,3135306
F,3135307
F,3135315
F,3135338
F,3135341
F,3135349
F,3135350
F,3135366
F,3135374
F,3135377
F,3135382
F,3135393
F,3135395
F,3135410
F,3135419
F,3135425
F,3135432
F,3135433
F,3135467
F,3135469
F,3135485
F,3135502
F,3135504
F,3135509
F,3135526
F,3135536
F,3135542
F,3135551
F,3135573
F,3135595
F,3135599
F,3135601
F,3135608
F,3135639
F,3135651
F,3135659
F,3135663
F,3135669
F,3135679
F,3135680
F,3135689
F,3135694
F,3135702
F,3135743
F,3135752
F,3135764
F,3135783
F,3135794
F,3135795
F,3135800
F,3135806
F,3135809
F,3135817
F,3135823
F,3135834
F,3135836
F,3135876
F,3135889
F,3135907
F,3135913
F,3135941
F,3135947
F,3135994
F,3136013
F,3136157
F,3136189
F,3136211
F,3136222
F,3136236
F,3136238
F,3136265
F,3136269
F,3136291
F,3136340
F,3136360
F,3136366
F,3136382
F,3136384
F,3136392
F,3136393
F,3136397
F,3136405
F,3136409
F,3136423
F,3136459
F,3136467
F,3136487
F,3136559
F,3136571
F,3136581
F,3136591
F,3136621
F,3136626
F,3136651
F,3136658
F,3136662
F,3136689
F,3136718
F,3136720
F,3136732
F,3136738
F,3136741
F,3136761
F,3136765
F,3136766
F,3136769
F,3136790
F,3136792
F,3136795
F,3136839
F,3136842
F,3136911
F,3136933
F,3136936
F,3136941
F,3136946
F,3136959
F,3137025
F,3137038
F,3137049
F,3137051
F,3137074
F,3137093
F,3137098
F,3137106
F,3137117
F,3137123
F,3137136
F,3137149
F,3137154
F,3137163
F,3137170
F,3137181
F,3137185
F,3137187
F,3137193
F,3137209
F,3137223
F,3137227
F,3137253
F,3137256
F,3137263
F,3137267
F,3137287
F,3137317
F,3137319
F,3137325
F,3137347
F,3137355
F,3137363
F,3137368
F,3137385
F,3137390
F,3137397
F,3137409
F,3137425
F,3137435
F,3137456
F,3137461
F,3137476
F,3137481
F,3137487
F,3137490
F,3137495
F,3137496
F,3137500
F,3137526
F,3137538
F,3137539
F,3137549
F,3137561
F,3137639
F,3137660
F,3137661
F,3137674
F,3137680
F,3137686
F,3137690
F,3137707
F,3137716
F,3137725
F,3137753
F,3137755
F,3137769
F,3137773
F,3137788
F,3137795
F,3137802
F,3137810
F,3137830
F,3137845
F,3137879
F,3137883
F,3137886
F,3137893
F,3137907
F,3137930
F,3137936
F,3137955
F,3137994
F,3137999
F,3138026
F,3138035
F,3138047
F,3138050
F,3138070
F,3138075
F,3138092
F,3138101
F,3138107
F,3138109
F,3138150
F,3138163
F,3138166
F,3138174
F,3138179
F,3138186
F,3138192
F,3138228
F,3138234
F,3138240
F,3138263
F,3138279
F,3138312
F,3138314
F,3138316
F,3138357
F,3138364
F,3138381
F,3138410
F,3138438
F,3138440
F,3138446
F,3138479
F,3138485
F,3138487
F,3138498
F,3138511
F,3138531
F,3138569
F,3138593
F,3138596
F,3138601
F,3138634
F,3138652
F,3138660
F,3138662
F,3138668
F,3138673
F,3138681
F,3138683
F,3138690
F,3138726
F,3138736
F,3138756
F,3138758
F,3138796
F,3138838
F,3138888
F,3138895
F,3138918
F,3138923
F,3138949
F,3138952
F,3138975
F,3138979
F,3138993
F,3138996
F,3138998
F,3139002
F,3139072
F,3139088
F,3139121
F,3139149
F,3139166
F,3139171
F,3139176
F,3139184
F,3139197
F,3139208
F,3139232
F,3139234
F,3139260
F,3139263
F,3139273
F,3139280
F,3139287
F,3139314
F,3139319
F,3139323
F,3139328
F,3139352
F,3139368
F,3139375
F,3139430
F,3139451
F,3139491
F,3139517
F,3139518
F,3139520
F,3139560
F,3139573
F,3139608
F,3139666
F,3139670
F,3139686
F,3139714
F,3139729
F,3139730
F,3139732
F,3139746
F,3139751
F,3139767
F,3139770
F,3139771
F,3139794
F,3139796
F,3139812
F,3139817
F,3139820
F,3139827
F,3139829
F,3139830
F,3139843
F,3139848
F,3139849
F,3139870
F,3139873
F,3139884
F,3139885
F,3139896
F,3139899
F,3139908
F,3139910
F,3139914
F,3139918
F,3139919
F,3139922
F,3139940
F,3139941
F,3139943
F,3139949
F,3139957
F,3139959
F,3139961
F,3139963
F,3139970
F,3139971
F,3139977
F,3139986
F,3139991
F,3139996
F,3139997
F,3139998
F,3140003
F,3140023
F,3140045
F,3140060
F,3140061
F,3140065
F,3140068
F,3140071
F,3140072
F,3140075
F,3140078
F,3140102
F,3140118
F,3140129
F,3140134
F,3140136
F,3140144
F,3140145
F,3140163
F,3140165
F,3140167
F,3140197
F,3140200
F,3140203
F,3140206
F,3140208
F,3140224
F,3140228
F,3140231
F,3140251
F,3140254
F,3140261
F,3140262
F,3140264
F,3140268
F,3140296
F,3140301
F,3140329
F,3140330
F,3140332
F,3140339
F,3140344
F,3140345
F,3140373
F,3140375
F,3140380
F,3140383
F,3140406
F,3140424
F,3140444
F,3140445
F,3140462
F,3140471
F,3140485
F,3140648
F,3140650
F,3140658
F,3140664
F,3140669
F,3140670
F,3140671
F,3140673
F,3140675
F,3140687
F,3140693
F,3140695
F,3140698
F,3140708
F,3140709
F,3140742
F,3140744
F,3140750
F,3140754
F,3141026
F,3141031
F,3141038
F,3141062
F,3141064
F,3141068
F,3141084
F,3141097
F,3141100
F,3141104
F,3141107
F,3141111
F,3141118
F,3141121
F,3141130
F,3141151
F,3141163
F,3141173
F,3141174
F,3141176
F,3141184
F,3141236
F,3141311
F,3141321
F,3141367
F,3141368
F,3141405
F,3141414
F,3141421
F,3141431
F,3141541
F,3141598
F,3141619
F,3141628
F,3141644
F,3141669
F,3141696
F,3141712
F,3141719
F,3141728
F,3141729
F,3141733
F,3141742
F,3141747
F,3141756
F,3141763
F,3141770
F,3141782
F,3141822
F,3141824
F,3141838
F,3141840
F,3141844
F,3141845
F,3141857
F,3141862
F,3141872
F,3141882
F,3141968
F,3142036
F,3142040
F,3142094
F,3142133
F,3142136
F,3142152
F,3142189
F,3142209
F,3142251
F,3142267
F,3142285
F,3142323
F,3142363
F,3142380
F,3142390
F,3142411
F,3142442
F,3142454
F,3142523
F,3142632
F,3142655
F,3142678
F,3142683
F,3142685
F,3142705
F,3142745
F,3142757
F,3142797
F,3142877
F,3142976
F,3143033
F,3143051
F,3143053
F,3143076
F,3143077
F,3143079
F,3143081
F,3143125
F,3143126
F,3143193
F,3143194
F,3143205
F,3143232
F,3143258
F,3143294
F,3143344
F,3143347
F,3143352
F,3143354
F,3143361
F,3143378
F,3143408
F,3143411
F,3143412
F,3143427
F,3143453
F,3143456
F,3143474
F,3143490
F,3143503
F,3143509
F,3143517
F,3143527
F,3143534
F,3143543
F,3143573
F,3143582
F,3143611
F,3143648
F,3143649
F,3143711
F,3143713
F,3143722
F,3143734
F,3143738
F,3143740
F,3143784
F,3143851
F,3143895
F,3143914
F,3143922
F,3143924
F,3143926
F,3143930
F,3143935
F,3143944
F,3143945
F,3143955
F,3143961
F,3143965
F,3143972
F,3143974
F,3143977
F,3143979
F,3143990
F,3143991
F,3143997
F,3143999
F,3144010
F,3144020
F,3144027
F,3144028
F,3144029
F,3144030
F,3144032
F,3144055
F,3144060
F,3144078
F,3144106
F,3144123
F,3144128
F,3144166
F,3144171
F,3144180
F,3144181
F,3144203
F,3144205
F,3144206
F,3144212
F,3144216
F,3144229
F,3144256
F,3144258
F,3144261
F,3144275
F,3144276
F,3144279
F,3144315
F,3144320
F,3144323
F,3144328
F,3144332
F,3144341
F,3144351
F,3144352
F,3144357
F,3144368
F,3144376
F,3144388
F,3144391
F,3144410
F,3144411
F,3144415
F,3144455
F,3144482
F,3144511
F,3144515
F,3144519
F,3144527
F,3144531
F,3144538
F,3144541
F,3144547
F,3144551
F,3144555
F,3144557
F,3144559
F,3144584
F,3144589
F,3144592
F,3144599
F,3144600
F,3144604
F,3144605
F,3144613
F,3144628
F,3144630
F,3144640
F,3144646
F,3144648
F,3144676
F,3144678
F,3144679
F,3144716
F,3144717
F,3144721
F,3144722
F,3144732
F,3144733
F,3144734
F,3144735
F,3144738
F,3144745
F,3144766
F,3144787
F,3144789
F,3144794
F,3144803
F,3144808
F,3144813
F,3144818
F,3144819
F,3144847
F,3144849
F,3144861
F,3144870
F,3144877
F,3144882
F,3144884
F,3144886
F,3144894
F,3144898
F,3144905
F,3144906
F,3144907
F,3144912
F,3144922
F,3144932
F,3144941
F,3144949
F,3144953
F,3144960
F,3144965
F,3144977
F,3144983
F,3144995
F,3144996
F,3145003
F,3145013
F,3145017
F,3145029
F,3145060
F,3145082
F,3145084
F,3145091
F,3145094
F,3145099
F,3145121
F,3145137
F,3145142
F,3145143
F,3145144
F,3145150
F,3145151
F,3145163
F,3145171
F,3145177
F,3145204
F,3145209
F,3145237
F,3145244
F,3145287
F,3145325
F,3145335
F,3145340
F,3145341
F,3145343
F,3145346
F,3145351
F,3145360
F,3145374
F,3145460
F,3145472
F,3145507
F,3145519
F,3145523
F,3145526
F,3145530
F,3145531
F,3145553
F,3145570
F,3145578
F,3145581
F,3145585
F,3145599
F,3145601
F,3145628
F,3145653
F,3145658
F,3145663
F,3145665
F,3145667
F,3145739
F,3145768
F,3145778
F,3145842
F,3145847
F,3145889
F,3145896
F,3145964
F,3145978
F,3145985
F,3146003
F,3146013
F,3146026
F,3146040
F,3146075
F,3146079
F,3146081
F,3146083
F,3146084
F,3146087
F,3146093
F,3146103
F,3146108
F,3146115
F,3146121
F,3146127
F,3146141
F,3146153
F,3146155
F,3146172
F,3146200
F,3146214
F,3146226
F,3146263
F,3146273
F,3146347
F,3146364
F,3146384
F,3146393
F,3146410
F,3146423
F,3146432
F,3146433
F,3146434
F,3146435
F,3146438
F,3146439
F,3146441
F,3146443
F,3146454
F,3146461
F,3146485
F,3146486
F,3146493
F,3146508
F,3146516
F,3146543
F,3146544
F,3146559
F,3146560
F,3146569
F,3146597
F,3146601
F,3146618
F,3146655
F,3146664
F,3146679
F,3146680
F,3146687
F,3146692
F,3146700
F,3146703
F,3146705
F,3146718
F,3146720
F,3146748
F,3146761
F,3146765
F,3146770
F,3146772
F,3146777
F,3146786
F,3146788
F,3146793
F,3146794
F,3146809
F,3146811
F,3146812
F,3146832
F,3146839
F,3146841
F,3146847
F,3146852
F,3146857
F,3146860
F,3146868
F,3146869
F,3146881
F,3146886
F,3146889
F,3146915
F,3146918
F,3146934
F,3146959
F,3146962
F,3146963
F,3146967
F,3146988
F,3146992
F,3146995
F,3146998
F,3147005
F,3147018
F,3147041
F,3147042
F,3147044
F,3147049
F,3147050
F,3147051
F,3147058
F,3147066
F,3147104
F,3147108
F,3147109
F,3147111
F,3147143
F,3147169
F,3147181
F,3147212
F,3147224
F,3147226
F,3147227
F,3147232
F,3147264
F,3147274
F,3147277
F,3147284
F,3147306
F,3147318
F,3147320
F,3147325
F,3147326
F,3147330
F,3147331
F,3147337
F,3147374
F,3147380
F,3147390
F,3147392
F,3147393
F,3147396
F,3147398
F,3147400
F,3147411
F,3147424
F,3147438
F,3147441
F,3147461
F,3147464
F,3147502
F,3147506
F,3147511
F,3147514
F,3147516
F,3147539
F,3147548
F,3147551
F,3147569
F,3147580
F,3147582
F,3147589
F,3147593
F,3147598
F,3147612
F,3147614
F,3147625
F,3147626
F,3147631
F,3147633
F,3147641
F,3147670
F,3147694
F,3147743
F,3147744
F,3147749
F,3147761
F,3147767
F,3147780
F,3147781
F,3147789
F,3147794
F,3147804
F,3147814
F,3147816
F,3147820
F,3147831
F,3147838
F,3147850
F,3147851
F,3147875
F,3147899
F,3147900
F,3147913
F,3147944
F,3147948
F,3147951
F,3147962
F,3147964
F,3147980
F,3147992
F,3147999
F,3148003
F,3148004
F,3148038
F,3148049
F,3148054
F,3148059
F,3148082
F,3148100
F,3148102
F,3148103
F,3148115
F,3148117
F,3148146
F,3148147
F,3148153
F,3148170
F,3148173
F,3148193
F,3148196
F,3148202
F,3148204
F,3148209
F,3148212
F,3148220
F,3148231
F,3148232
F,3148241
F,3148247
F,3148248
F,3148261
F,3148268
F,3148269
F,3148285
F,3148288
F,3148298
F,3148322
F,3148327
F,3148339
F,3148343
F,3148356
F,3148365
F,3148366
F,3148368
F,3148370
F,3148376
F,3148385
F,3148392
F,3148398
F,3148401
F,3148439
F,3148449
F,3148458
F,3148475
F,3148480
F,3148501
F,3148503
F,3148510
F,3148518
F,3148635
F,3148642
F,3148643
F,3148644
F,3148649
F,3148652
F,3148658
F,3148659
F,3148666
F,3148687
F,3148688
F,3148691
F,3148692
F,3148693
F,3148694
F,3148695
F,3148698
F,3148706
F,3148707
F,3148708
F,3148721
F,3148725
F,3148733
F,3148736
F,3148740
F,3148742
F,3148757
F,3148758
F,3148767
F,3148770
F,3148780
F,3148789
F,3148791
F,3148793
F,3148794
F,3148800
F,3148804
F,3148808
F,3148813
F,3148816
F,3148818
F,3148832
F,3148841
F,3148851
F,3148853
F,3148862
F,3148868
F,3148870
F,3148880
F,3148910
F,3148911
F,3148914
F,3148920
F,3148922
F,3148926
F,3148927
F,3148936
F,3148940
F,3148951
F,3148966
F,3148971
F,3148977
F,3148984
F,3149001
F,3149006
F,3149011
F,3149015
F,3149018
F,3149020
F,3149021
F,3149029
F,3149062
F,3149068
F,3149072
F,3149082
F,3149084
F,3149121
F,3149160
F,3149181
F,3149182
F,3149186
F,3149196
F,3149198
F,3149210
F,3149255
F,3149264
F,3149273
F,3149281
F,3149283
F,3149284
F,3149296
F,3149298
F,3149301
F,3149303
F,3149304
F,3149306
F,3149327
F,3149388
F,3149392
F,3149393
F,3149395
F,3149397
F,3149399
F,3149402
F,3149500
F,3149501
F,3149506
F,3149523
F,3149550
F,3149559
F,3149577
F,3149587
F,3149590
F,3149595
F,3150006
F,3150177
F,3150186
F,3150191
F,3150194
F,3150199
F,3150200
F,3150215
F,3150217
F,3150220
F,3150228
F,3150229
F,3150243
F,3150270
F,3150277
F,3150278
F,3150313
F,3150324
F,3150325
F,3150335
F,3150339
F,3150340
F,3150356
F,3150357
F,3150359
F,3150373
F,3150377
F,3150387
F,3150388
F,3150397
F,3150412
F,3150416
F,3150417
F,3150428
F,3150432
F,3150435
F,3150436
F,3150443
F,3150448
F,3150457
F,3150462
F,3150465
F,3150471
F,3150475
F,3150495
F,3150497
F,3150498
F,3150499
F,3150504
F,3150506
F,3150509
F,3150516
F,3150552
F,3150558
F,3150559
F,3150560
F,3150571
F,3150576
F,3150577
F,3150592
F,3150607
F,3150617
F,3150618
F,3150619
F,3150636
F,3150639
F,3150646
F,3150648
F,3150665
F,3150667
F,3150670
F,3150673
F,3150676
F,3150693
F,3150698
F,3150702
F,3150714
F,3150724
F,3150728
F,3150729
F,3150731
F,3150732
F,3150744
F,3150756
F,3150759
F,3150760
F,3150761
F,3150808
F,3150859
F,3150922
F,3150924
F,3150927
F,3150933
F,3150977
F,3150982
F,3151075
F,3151140
F,3151144
F,3151153
F,3151208
F,3151213
F,3151220
F,3151230
F,3151233
F,3151245
F,3151253
F,3151268
F,3151271
F,3151276
F,3151285
F,3151286
F,3151288
F,3151289
F,3151307
F,3151314
F,3151320
F,3151344
F,3151351
F,3151359
F,3151367
F,3151375
F,3151386
F,3151389
F,3151390
F,3151396
F,3151397
F,3151419
F,3151426
F,3151431
F,3151432
F,3151434
F,3151450
F,3151454
F,3151459
F,3151463
F,3151466
F,3151468
F,3151474
F,3151484
F,3151514
F,3151533
F,3151555
F,3151558
F,3151562
F,3151570
F,3151574
F,3151576
F,3151584
F,3151593
F,3151601
F,3151608
F,3151612
F,3151620
F,3151625
F,3151628
F,3151630
F,3151637
F,3151660
F,3151670
F,3151683
F,3151694
F,3151698
F,3151713
F,3151717
F,3151721
F,3151730
F,3151731
F,3151787
F,3151789
F,3151790
F,3151792
F,3151793
F,3151807
F,3151816
F,3151820
F,3151833
F,3151844
F,3151847
F,3151853
F,3151855
F,3151860
F,3151866
F,3151871
F,3151881
F,3151882
F,3151900
F,3151905
F,3151912
F,3151919
F,3151923
F,3151924
F,3151949
F,3151953
F,3152010
F,3152020
F,3152027
F,3152033
F,3152039
F,3152044
F,3152055
F,3152074
F,3152076
F,3152085
F,3152097
F,3152098
F,3152103
F,3152104
F,3152106
F,3152107
F,3152130
F,3152131
F,3152137
F,3152142
F,3152144
F,3152151
F,3152152
F,3152156
F,3152171
F,3152175
F,3152179
F,3152182
F,3152184
F,3152205
F,3152216
F,3152225
F,3152232
F,3152233
F,3152246
F,3152253
F,3152299
F,3152301
F,3152342
F,3152345
F,3152350
F,3152363
F,3152373
F,3152375
F,3152390
F,3152398
F,3152405
F,3152409
F,3152411
F,3152427
F,3152435
F,3152437
F,3152438
F,3152439
F,3152441
F,3152448
F,3152459
F,3152462
F,3152509
F,3152511
F,3152568
F,3152623
F,3152634
F,3152635
F,3152641
F,3152646
F,3152667
F,3152679
F,3152709
F,3152718
F,3152727
F,3152730
F,3152741
F,3152743
F,3152774
F,3152786
F,3152796
F,3152797
F,3152803
F,3152806
F,3152808
F,3152815
F,3152816
F,3152836
F,3152844
F,3152854
F,3152869
F,3152871
F,3152881
F,3152888
F,3152892
F,3152898
F,3152904
F,3152907
F,3152914
F,3152921
F,3152928
F,3152929
F,3152934
F,3152939
F,3152941
F,3152944
F,3152947
F,3152954
F,3152956
F,3152963
F,3152969
F,3152990
F,3152994
F,3152997
F,3152998
F,3153001
F,3153007
F,3153010
F,3153018
F,3153020
F,3153023
F,3153036
F,3153037
F,3153052
F,3153071
F,3153073
F,3153074
F,3153084
F,3153093
F,3153094
F,3153097
F,3153111
F,3153112
F,3153117
F,3153125
F,3153127
F,3153130
F,3153133
F,3153147
F,3153150
F,3153157
F,3153158
F,3153161
F,3153163
F,3153187
F,3153192
F,3153193
F,3153203
F,3153205
F,3153213
F,3153227
F,3153237
F,3153240
F,3153248
F,3153249
F,3153250
F,3153256
F,3153274
F,3153308
F,3153310
F,3153316
F,3153345
F,3153348
F,3153352
F,3153363
F,3153366
F,3153367
F,3153400
F,3153404
F,3153408
F,3153415
F,3153416
F,3153427
F,3153428
F,3153431
F,3153433
F,3153441
F,3153447
F,3153461
F,3153464
F,3153467
F,3153468
F,3153472
F,3153474
F,3153482
F,3153483
F,3153489
F,3153500
F,3153501
F,3153521
F,3153522
F,3153539
F,3153565
F,3153571
F,3153583
F,3153593
F,3153620
F,3153625
F,3153632
F,3153700
F,3153704
F,3153711
F,3153712
F,3153714
F,3153721
F,3153729
F,3153731
F,3153733
F,3153734
F,3153739
F,3153759
F,3153761
F,3153762
F,3153765
F,3153767
F,3153777
F,3153780
F,3153782
F,3153788
F,3153789
F,3153793
F,3153811
F,3153823
F,3153842
F,3153865
F,3153870
F,3153871
F,3153900
F,3153915
F,3153917
F,3153926
F,3153931
F,3153944
F,3153945
F,3153951
F,3153957
F,3153967
F,3153973
F,3153974
F,3153984
F,3153989
F,3154000
F,3154001
F,3154004
F,3154011
F,3154017
F,3154024
F,3154026
F,3154028
F,3154033
F,3154041
F,3154044
F,3154046
F,3154049
F,3154056
F,3154057
F,3154063
F,3154064
F,3154065
F,3154078
F,3154100
F,3154101
F,3154113
F,3154119
F,3154121
F,3154122
F,3154124
F,3154129
F,3154141
F,3154144
F,3154169
F,3154174
F,3154178
F,3154181
F,3154185
F,3154188
F,3154197
F,3154207
F,3154208
F,3154222
F,3154242
F,3154256
F,3154261
F,3154263
F,3154271
F,3154277
F,3154279
F,3154280
F,3154285
F,3154308
F,3154312
F,3154314
F,3154317
F,3154319
F,3154324
F,3154326
F,3154327
F,3154333
F,3154338
F,3154350
F,3154355
F,3154364
F,3154367
F,3154369
F,3154371
F,3154375
F,3154387
F,3154393
F,3154405
F,3154438
F,3154440
F,3154462
F,3154488
F,3154493
F,3154494
F,3154495
F,3154500
F,3154503
F,3154515
F,3154523
F,3154524
F,3154531
F,3154532
F,3154533
F,3154537
F,3154540
F,3154543
F,3154552
F,3154554
F,3154564
F,3154566
F,3154569
F,3154573
F,3154576
F,3154580
F,3154581
F,3154582
F,3154596
F,3154597
F,3154598
F,3154600
F,3154604
F,3154611
F,3154613
F,3154617
F,3154619
F,3154624
F,3154630
F,3154641
F,3154643
F,3154652
F,3154655
F,3154657
F,3154659
F,3154674
F,3154682
F,3154690
F,3154701
F,3154702
F,3154703
F,3154719
F,3154732
F,3154734
F,3154747
F,3154748
F,3154754
F,3154755
F,3154759
F,3154764
F,3154767
F,3154775
F,3154788
F,3154791
F,3154802
F,3154806
F,3154809
F,3154814
F,3154815
F,3154816
F,3154821
F,3154823
F,3154837
F,3154905
F,3154935
F,3154946
F,3154954
F,3154955
F,3154991
F,3155001
F,3155003
F,3155008
F,3155066
F,3155067
F,3155072
F,3155086
F,3155095
F,3155103
F,3155104
F,3155106
F,3155118
F,3155125
F,3155127
F,3155129
F,3155134
F,3155135
F,3155137
F,3155152
F,3155169
F,3155187
F,3155192
F,3155197
F,3155205
F,3155213
F,3155215
F,3155220
F,3155230
F,3155238
F,3155253
F,3155259
F,3155260
F,3155265
F,3155267
F,3155269
F,3155273
F,3155274
F,3155289
F,3155300
F,3155312
F,3155314
F,3155320
F,3155329
F,3155332
F,3155336
F,3155342
F,3155346
F,3155356
F,3155357
F,3155364
F,3155373
F,3155374
F,3155378
F,3155385
F,3155387
F,3155394
F,3155395
F,3155399
F,3155400
F,3155408
F,3155416
F,3155419
F,3155494
F,3155499
F,3155507
F,3155512
F,3155514
F,3155517
F,3155519
F,3155523
F,3155531
F,3155538
F,3155543
F,3155547
F,3155553
F,3155560
F,3155561
F,3155564
F,3155565
F,3155566
F,3155580
F,3155582
F,3155585
F,3155590
F,3155594
F,3155602
F,3155603
F,3155604
F,3155608
F,3155613
F,3155615
F,3155616
F,3155617
F,3155619
F,3155621
F,3155628
F,3155638
F,3155642
F,3155645
F,3155648
F,3155657
F,3155660
F,3155665
F,3155690
F,3155691
F,3155692
F,3155694
F,3155701
F,3155702
F,3155723
F,3155724
F,3155727
F,3155734
F,3155748
F,3155749
F,3155760
F,3155761
F,3155778
F,3155782
F,3155791
F,3155801
F,3155805
F,3155811
F,3155812
F,3155813
F,3155814
F,3155820
F,3155842
F,3155846
F,3155856
F,3155859
F,3155862
F,3155869
F,3155924
F,3155937
F,3155947
F,3155958
F,3155987
F,3156011
F,3156012
F,3156025
F,3156038
F,3156047
F,3156063
F,3156078
F,3156088
F,3156090
F,3156091
F,3156094
F,3156096
F,3156097
F,3156101
F,3156115
F,3156128
F,3156132
F,3156136
F,3156137
F,3156153
F,3156171
F,3156182
F,3156189
F,3156194
F,3156267
F,3156277
F,3156282
F,3156300
F,3156307
F,3156313
F,3156314
F,3156327
F,3156328
F,3156340
F,3156354
F,3156429
F,3156433
F,3156437
F,3156445
F,3156471
F,3156481
F,3156506
F,3156515
F,3156521
F,3156526
F,3156530
F,3156533
F,3156535
F,3156553
F,3156555
F,3156574
F,3156578
F,3156595
F,3156601
F,3156602
F,3156633
F,3156638
F,3156657
F,3156666
F,3156678
F,3156686
F,3156697
F,3156700
F,3156701
F,3156707
F,3156730
F,3156742
F,3156745
F,3156754
F,3156758
F,3156782
F,3156845
F,3156851
F,3156855
F,3156860
F,3156892
F,3156901
F,3156940
F,3156987
F,3156988
F,3156996
F,3157003
F,3157046
F,3157077
F,3157092
F,3157093
F,3157094
F,3157107
F,3157108
F,3157125
F,3157129
F,3157143
F,3157194
F,3157202
F,3157242
F,3157244
F,3157246
F,3157248
F,3157249
F,3157265
F,3157269
F,3157284
F,3157286
F,3157295
F,3157301
F,3157341
F,3157348
F,3157354
F,3157398
F,3157426
F,3157431
F,3157433
F,3157566
F,3157567
F,3157588
F,3157631
F,3157635
F,3157653
F,3157725
F,3157727
F,3157762
F,3157764
F,3157773
F,3157775
F,3157778
F,3157780
F,3157786
F,3157788
F,3157789
F,3157796
F,3157800
F,3157802
F,3157805
F,3157809
F,3157810
F,3157826
F,3157864
F,3157865
F,3157866
F,3157879
F,3157881
F,3157895
F,3157900
F,3157908
F,3157916
F,3157918
F,3158139
F,3158140
F,3158195
F,3158218
F,3158284
F,3158297
F,3158313
F,3158315
F,3158329
F,3158458
F,3158459
F,3158472
F,3158520
F,3158528
F,3158540
F,3158552
F,3158566
F,3158579
F,3158591
F,3158614
F,3158625
F,3158632
F,3158639
F,3158640
F,3158655
F,3158671
F,3158747
F,3158770
F,3158804
F,3158814
F,3158825
F,3158831
F,3158894
F,3158906
F,3158912
F,3158916
F,3158955
F,3158958
F,3158962
F,3158975
F,3158983
F,3158993
F,3159025
F,3159027
F,3159032
F,3159041
F,3159047
F,3159116
F,3159136
F,3159192
F,3159266
F,3159295
F,3159300
F,3159303
F,3159308
F,3159322
F,3159327
F,3159363
F,3159364
F,3159368
F,3159371
F,3159384
F,3159396
F,3159408
F,3159428
F,3159452
F,3159462
F,3159467
F,3159472
F,3159475
F,3159486
F,3159512
F,3159513
F,3159515
F,3159519
F,3159523
F,3159569
F,3159661
F,3159666
F,3159669
F,3159708
F,3159731
F,3159752
F,3159801
F,3159815
F,3159841
F,3159849
F,3159861
F,3159877
F,3159899
F,3159903
F,3159914
F,3159916
F,3159937
F,3159948
F,3159952
F,3159963
F,3159964
F,3159967
F,3159970
F,3159972
F,3159975
F,3159991
F,3159992
F,3160001
F,3160016
F,3160019
F,3160034
F,3160038
F,3160043
F,3160064
F,3160078
F,3160096
F,3160102
F,3160123
F,3160164
F,3160186
F,3160195
F,3160210
F,3160239
F,3160300
F,3160318
F,3160321
F,3160337
F,3160347
F,3160348
F,3160349
F,3160357
F,3160361
F,3160378
F,3160390
F,3160420
F,3160421
F,3160435
F,3160526
F,3160548
F,3160550
F,3160554
F,3160571
F,3160605
F,3160624
F,3160629
F,3160642
F,3160647
F,3160649
F,3160670
F,3160681
F,3160720
F,3160724
F,3160727
F,3160731
F,3160754
F,3160758
F,3160790
F,3160827
F,3160873
F,3160880
F,3160891
F,3160907
F,3160915
F,3160984
F,3161043
F,3161076
F,3161206
F,3161235
F,3161248
F,3161255
F,3161258
F,3161320
F,3161365
F,3161396
F,3161406
F,3161409
F,3161415
F,3161433
F,3161456
F,3161466
F,3161480
F,3161481
F,3161510
F,3161521
F,3161522
F,3161523
F,3161529
F,3161540
F,3161565
F,3161582
F,3161593
F,3161620
F,3161631
F,3161636
F,3161637
F,3161641
F,3161663
F,3161664
F,3161673
F,3161674
F,3161689
F,3161691
F,3161700
F,3161718
F,3161719
F,3161729
F,3161731
F,3161743
F,3161748
F,3161760
F,3161774
F,3161788
F,3161817
F,3161822
F,3161823
F,3161836
F,3161849
F,3161856
F,3161857
F,3161858
F,3161861
F,3161869
F,3161904
F,3161912
F,3161913
F,3161918
F,3161942
F,3162020
F,3162048
F,3162067
F,3162074
F,3162081
F,3162098
F,3162102
F,3162103
F,3162116
F,3162126
F,3162141
F,3162188
F,3162194
F,3162196
F,3162201
F,3162202
F,3162214
F,3162227
F,3162230
F,3162234
F,3162245
F,3162305
F,3162316
F,3162318
F,3162331
F,3162346
F,3162374
F,3162385
F,3162386
F,3162396
F,3162400
F,3162407
F,3162411
F,3162435
F,3162443
F,3162465
F,3162472
F,3162516
F,3162519
F,3162520
F,3162540
F,3162575
F,3162586
F,3162600
F,3162609
F,3162624
F,3162629
F,3162651
F,3162660
F,3162690
F,3162697
F,3162698
F,3162703
F,3162716
F,3162731
F,3162744
F,3162747
F,3162765
F,3162779
F,3162788
F,3162822
F,3162855
F,3162869
F,3162885
F,3162893
F,3162916
F,3162918
F,3162928
F,3162932
F,3162935
F,3162941
F,3162942
F,3162948
F,3162956
F,3162969
F,3162971
F,3162989
F,3162995
F,3163018
F,3163032
F,3163053
F,3163072
F,3163082
F,3163104
F,3163166
F,3163171
F,3163176
F,3163182
F,3163189
F,3163204
F,3163221
F,3163283
F,3163289
F,3163293
F,3163297
F,3163300
F,3163313
F,3163344
F,3163375
F,3163378
F,3163408
F,3163412
F,3163416
F,3163417
F,3163428
F,3163432
F,3163453
F,3163485
F,3163494
F,3163505
F,3163507
F,3163514
F,3163540
F,3163544
F,3163553
F,3163558
F,3163559
F,3163579
F,3163624
F,3163626
F,3163628
F,3163635
F,3163644
F,3163663
F,3163688
F,3163703
F,3163706
F,3163714
F,3163721
F,3163729
F,3163739
F,3163758
F,3163764
F,3163785
F,3163787
F,3163790
F,3163797
F,3163809
F,3163825
F,3163827
F,3163844
F,3163846
F,3163847
F,3163863
F,3163867
F,3163868
F,3163911
F,3163912
F,3163918
F,3163920
F,3163929
F,3163946
F,3163986
F,3163988
F,3163997
F,3164017
F,3164036
F,3164039
F,3164073
F,3164077
F,3164090
F,3164104
F,3164124
F,3164129
F,3164155
F,3164184
F,3164221
F,3164242
F,3164255
F,3164261
F,3164272
F,3164299
F,3164303
F,3164322
F,3164323
F,3164324
F,3164349
F,3164351
F,3164355
F,3164376
F,3164381
F,3164393
F,3164400
F,3164406
F,3164409
F,3164419
F,3164424
F,3164441
F,3164463
F,3164478
F,3164481
F,3164482
F,3164498
F,3164519
F,3164521
F,3164522
F,3164525
F,3164527
F,3164535
F,3164564
F,3164567
F,3164595
F,3164608
F,3164609
F,3164618
F,3164638
F,3164643
F,3164655
F,3164669
F,3164670
F,3164694
F,3164706
F,3164720
F,3164727
F,3164730
F,3164732
F,3164735
F,3164736
F,3164743
F,3164748
F,3164749
F,3164756
F,3164766
F,3164773
F,3164774
F,3164780
F,3164785
F,3164795
F,3164802
F,3164824
F,3164846
F,3164848
F,3164849
F,3164851
F,3164872
F,3164874
F,3164880
F,3164887
F,3164901
F,3164914
F,3164920
F,3164926
F,3164928
F,3164936
F,3164939
F,3164940
F,3164945
F,3164946
F,3164947
F,3164948
F,3164970
F,3164971
F,3164973
F,3164985
F,3164998
F,3165004
F,3165008
F,3165030
F,3165034
F,3165037
F,3165044
F,3165060
F,3165062
F,3165063
F,3165071
F,3165074
F,3165078
F,3165080
F,3165088
F,3165093
F,3165104
F,3165106
F,3165111
F,3165133
F,3165158
F,3165159
F,3165186
F,3165196
F,3165205
F,3165215
F,3165228
F,3165237
F,3165238
F,3165239
F,3165248
F,3165263
F,3165266
F,3165270
F,3165282
F,3165285
F,3165291
F,3165306
F,3165341
F,3165350
F,3165353
F,3165356
F,3165357
F,3165358
F,3165371
F,3165374
F,3165379
F,3165412
F,3165427
F,3165429
F,3165439
F,3165441
F,3165442
F,3165449
F,3165467
F,3165480
F,3165481
F,3165482
F,3165502
F,3165503
F,3165511
F,3165517
F,3165520
F,3165523
F,3165539
F,3165541
F,3165543
F,3165545
F,3165560
F,3165567
F,3165576
F,3165579
F,3165586
F,3165614
F,3165615
F,3165631
F,3165670
F,3165688
F,3165706
F,3165713
F,3165748
F,3165756
F,3165763
F,3165764
F,3165773
F,3165805
F,3165815
F,3165821
F,3165830
F,3165836
F,3165898
F,3165904
F,3165907
F,3165908
F,3165912
F,3165914
F,3165918
F,3165921
F,3165933
F,3165934
F,3165939
F,3165944
F,3165950
F,3165956
F,3165963
F,3165965
F,3165968
F,3165974
F,3165993
F,3165994
F,3165996
F,3166003
F,3166004
F,3166006
F,3166009
F,3166016
F,3166027
F,3166041
F,3166049
F,3166058
F,3166064
F,3166071
F,3166086
F,3166128
F,3166129
F,3166147
F,3166165
F,3166189
F,3166203
F,3166227
F,3166239
F,3166251
F,3166257
F,3166274
F,3166286
F,3166302
F,3166309
F,3166323
F,3166347
F,3166349
F,3166376
F,3166414
F,3166437
F,3166439
F,3166446
F,3166459
F,3166475
F,3166480
F,3166514
F,3166521
F,3166531
F,3166585
F,3166602
F,3166690
F,3166713
F,3166726
F,3166809
F,3166869
F,3166873
F,3166921
F,3166933
F,3166947
F,3167083
F,3167087
F,3167097
F,3167166
F,3167195
F,3167210
F,3167227
F,3167267
F,3167316
F,3167317
F,3167321
F,3167352
F,3167409
F,3167417
F,3167440
F,3167458
F,3167474
F,3167494
F,3167499
F,3167505
F,3167523
F,3167534
F,3167572
F,3167584
F,3167592
F,3167610
F,3167619
F,3167647
F,3167748
F,3167764
F,3167780
F,3167788
F,3167792
F,3167810
F,3167818
F,3167828
F,3167835
F,3167847
F,3167848
F,3167851
F,3167854
F,3167855
F,3167865
F,3167875
F,3167878
F,3167888
F,3167890
F,3167899
F,3167906
F,3167918
F,3167926
F,3167927
F,3167930
F,3167941
F,3167945
F,3167947
F,3167951
F,3167968
F,3167969
F,3167971
F,3167976
F,3167994
F,3167995
F,3168009
F,3168012
F,3168014
F,3168021
F,3168029
F,3168033
F,3168068
F,3168070
F,3168084
F,3168090
F,3168104
F,3168124
F,3168129
F,3168130
F,3168143
F,3168149
F,3168152
F,3168157
F,3168158
F,3168161
F,3168163
F,3168192
F,3168195
F,3168206
F,3168210
F,3168232
F,3168252
F,3168259
F,3168263
F,3168283
F,3168287
F,3168293
F,3168313
F,3168328
F,3168336
F,3168341
F,3168350
F,3168359
F,3168366
F,3168398
F,3168412
F,3168420
F,3168491
F,3168492
F,3168495
F,3168517
F,3168520
F,3168524
F,3168530
F,3168538
F,3168548
F,3168549
F,3168558
F,3168560
F,3168561
F,3168577
F,3168580
F,3168582
F,3168584
F,3168586
F,3168631
F,3168641
F,3168642
F,3168692
F,3168704
F,3168709
F,3168716
F,3168727
F,3168732
F,3168733
F,3168736
F,3168740
F,3168741
F,3168749
F,3168755
F,3168760
F,3168766
F,3168768
F,3168773
F,3168774
F,3168780
F,3168781
F,3168788
F,3168804
F,3168808
F,3168812
F,3168815
F,3168818
F,3168822
F,3168837
F,3168839
F,3168859
F,3168861
F,3168864
F,3168867
F,3168891
F,3168894
F,3168897
F,3168900
F,3168909
F,3168913
F,3168918
F,3168925
F,3168943
F,3168944
F,3168965
F,3168983
F,3168984
F,3169005
F,3169007
F,3169012
F,3169022
F,3169025
F,3169029
F,3169030
F,3169033
F,3169054
F,3169098
F,3169111
F,3169118
F,3169129
F,3169130
F,3169159
F,3169162
F,3169174
F,3169192
F,3169203
F,3169215
F,3169235
F,3169238
F,3169242
F,3169251
F,3169264
F,3169272
F,3169300
F,3169303
F,3169331
F,3169353
F,3169354
F,3169380
F,3169381
F,3169403
F,3169456
F,3169464
F,3169484
F,3169485
F,3169486
F,3169487
F,3169489
F,3169491
F,3169505
F,3169506
F,3169518
F,3169524
F,3169530
F,3169537
F,3169589
F,3169640
F,3169643
F,3169653
F,3169702
F,3169724
F,3169758
F,3169772
F,3169803
F,3169813
F,3169822
F,3169828
F,3169829
F,3169832
F,3169847
F,3169854
F,3169863
F,3169882
F,3169887
F,3169889
F,3169896
F,3169903
F,3169921
F,3169923
F,3169927
F,3169944
F,3169952
F,3169955
F,3169966
F,3169971
F,3169979
F,3169984
F,3169989
F,3170000
F,3170003
F,3170006
F,3170025
F,3170040
F,3170041
F,3170045
F,3170055
F,3170062
F,3170091
F,3170098
F,3170103
F,3170114
F,3170119
F,3170123
F,3170128
F,3170140
F,3170143
F,3170145
F,3170151
F,3170155
F,3170157
F,3170162
F,3170171
F,3170175
F,3170178
F,3170184
F,3170224
F,3170233
F,3170239
F,3170251
F,3170270
F,3170272
F,3170277
F,3170284
F,3170289
F,3170295
F,3170302
F,3170305
F,3170308
F,3170316
F,3170320
F,3170323
F,3170325
F,3170327
F,3170350
F,3170360
F,3170368
F,3170377
F,3170383
F,3170388
F,3170390
F,3170398
F,3170402
F,3170404
F,3170405
F,3170407
F,3170409
F,3170416
F,3170442
F,3170450
F,3170451
F,3170458
F,3170465
F,3170466
F,3170474
F,3170484
F,3170501
F,3170505
F,3170513
F,3170517
F,3170541
F,3170549
F,3170550
F,3170551
F,3170560
F,3170562
F,3170566
F,3170572
F,3170582
F,3170585
F,3170592
F,3170599
F,3170602
F,3170614
F,3170623
F,3170627
F,3170633
F,3170644
F,3170645
F,3170655
F,3170658
F,3170673
F,3170678
F,3170685
F,3170688
F,3170691
F,3170696
F,3170699
F,3170702
F,3170711
F,3170720
F,3170723
F,3170727
F,3170736
F,3170738
F,3170741
F,3170745
F,3170779
F,3170794
F,3170795
F,3170846
F,3170851
F,3170852
F,3170861
F,3170937
F,3170939
F,3170944
F,3170957
F,3170958
F,3170972
F,3170973
F,3170978
F,3170979
F,3170989
F,3170990
F,3170992
F,3170994
F,3171001
F,3171004
F,3171026
F,3171029
F,3171031
F,3171042
F,3171045
F,3171052
F,3171070
F,3171088
F,3171089
F,3171109
F,3171118
F,3171122
F,3171123
F,3171133
F,3171140
F,3171143
F,3171173
F,3171183
F,3171187
F,3171209
F,3171213
F,3171245
F,3171258
F,3171264
F,3171266
F,3171276
F,3171278
F,3171283
F,3171291
F,3171298
F,3171302
F,3171307
F,3171316
F,3171317
F,3171340
F,3171361
F,3171367
F,3171371
F,3171384
F,3171388
F,3171392
F,3171398
F,3171403
F,3171413
F,3171463
F,3171591
F,3171634
F,3171663
F,3171667
F,3171675
F,3171686
F,3171687
F,3171698
F,3171704
F,3171705
F,3171735
F,3171744
F,3171765
F,3171771
F,3171773
F,3171780
F,3171791
F,3171820
F,3171858
F,3171859
F,3171889
F,3171916
F,3171932
F,3171935
F,3171954
F,3171955
F,3171960
F,3171961
F,3171965
F,3171973
F,3171987
F,3171995
F,3171998
F,3172028
F,3172044
F,3172052
F,3172056
F,3172109
F,3172113
F,3172117
F,3172121
F,3172122
F,3172138
F,3172141
F,3172145
F,3172154
F,3172167
F,3172172
F,3172175
F,3172176
F,3172186
F,3172193
F,3172202
F,3172204
F,3172208
F,3172231
F,3172237
F,3172243
F,3172253
F,3172256
F,3172276
F,3172282
F,3172287
F,3172288
F,3172294
F,3172302
F,3172303
F,3172306
F,3172317
F,3172325
F,3172331
F,3172336
F,3172346
F,3172347
F,3172348
F,3172359
F,3172361
F,3172373
F,3172374
F,3172390
F,3172391
F,3172392
F,3172397
F,3172399
F,3172402
F,3172403
F,3172404
F,3172410
F,3172418
F,3172421
F,3172429
F,3172436
F,3172444
F,3172445
F,3172465
F,3172473
F,3172477
F,3172478
F,3172480
F,3172482
F,3172487
F,3172492
F,3172493
F,3172499
F,3172509
F,3172510
F,3172511
F,3172512
F,3172513
F,3172526
F,3172529
F,3172531
F,3172534
F,3172540
F,3172551
F,3172554
F,3172558
F,3172562
F,3172566
F,3172569
F,3172586
F,3172587
F,3172590
F,3172591
F,3172603
F,3172606
F,3172610
F,3172614
F,3172616
F,3172631
F,3172634
F,3172637
F,3172640
F,3172644
F,3172649
F,3172662
F,3172667
F,3172677
F,3172702
F,3172717
F,3172719
F,3172731
F,3172734
F,3172752
F,3172763
F,3172771
F,3172779
F,3172783
F,3172802
F,3172807
F,3172812
F,3172825
F,3172831
F,3172882
F,3172886
F,3172895
F,3172896
F,3172902
F,3172904
F,3172909
F,3172931
F,3172935
F,3172937
F,3172949
F,3172962
F,3172966
F,3172967
F,3172972
F,3172988
F,3173001
F,3173006
F,3173010
F,3173017
F,3173028
F,3173039
F,3173068
F,3173070
F,3173112
F,3173113
F,3173136
F,3173138
F,3173155
F,3173172
F,3173193
F,3173229
F,3173232
F,3173233
F,3173248
F,3173259
F,3173266
F,3173273
F,3173275
F,3173277
F,3173284
F,3173288
F,3173305
F,3173309
F,3173313
F,3173316
F,3173319
F,3173333
F,3173337
F,3173378
F,3173379
F,3173402
F,3173423
F,3173428
F,3173450
F,3173460
F,3173481
F,3173482
F,3173484
F,3173513
F,3173515
F,3173516
F,3173524
F,3173526
F,3173528
F,3173563
F,3173574
F,3173580
F,3173582
F,3173584
F,3173596
F,3173602
F,3173609
F,3173625
F,3173643
F,3173676
F,3173680
F,3173708
F,3173741
F,3173801
F,3173805
F,3173809
F,3173811
F,3173812
F,3173814
F,3173815
F,3173826
F,3173835
F,3173836
F,3173841
F,3173848
F,3173849
F,3173854
F,3173856
F,3173857
F,3173859
F,3173871
F,3173874
F,3173875
F,3173878
F,3173891
F,3173903
F,3173906
F,3173910
F,3173920
F,3173921
F,3173923
F,3173929
F,3173930
F,3173944
F,3173949
F,3173950
F,3173952
F,3173953
F,3173957
F,3173963
F,3173970
F,3173972
F,3173985
F,3173986
F,3174011
F,3174014
F,3174019
F,3174025
F,3174027
F,3174036
F,3174037
F,3174046
F,3174051
F,3174052
F,3174055
F,3174057
F,3174087
F,3174094
F,3174105
F,3174108
F,3174110
F,3174111
F,3174114
F,3174121
F,3174122
F,3174124
F,3174133
F,3174136
F,3174144
F,3174156
F,3174157
F,3174161
F,3174169
F,3174186
F,3174189
F,3174200
F,3174216
F,3174218
F,3174221
F,3174223
F,3174261
F,3174265
F,3174267
F,3174270
F,3174277
F,3174278
F,3174279
F,3174284
F,3174291
F,3174305
F,3174310
F,3174317
F,3174318
F,3174323
F,3174325
F,3174356
F,3174357
F,3174361
F,3174364
F,3174368
F,3174375
F,3174378
F,3174379
F,3174389
F,3174391
F,3174392
F,3174393
F,3174395
F,3174412
F,3174424
F,3174435
F,3174438
F,3174449
F,3174466
F,3174467
F,3174469
F,3174476
F,3174480
F,3174490
F,3174493
F,3174494
F,3174508
F,3174509
F,3174512
F,3174546
F,3174547
F,3174559
F,3174560
F,3174562
F,3174568
F,3174569
F,3174570
F,3174575
F,3174578
F,3174579
F,3174630
F,3174634
F,3174637
F,3174647
F,3174649
F,3174655
F,3174657
F,3174662
F,3174667
F,3174673
F,3174716
F,3174718
F,3174722
F,3174735
F,3174740
F,3174744
F,3174746
F,3174748
F,3174749
F,3174751
F,3174752
F,3174753
F,3174754
F,3174755
F,3174758
F,3174764
F,3174765
F,3174769
F,3174770
F,3174775
F,3174781
F,3174799
F,3174804
F,3174814
F,3174820
F,3174826
F,3174843
F,3174848
F,3174879
F,3174885
F,3174888
F,3174889
F,3174894
F,3174909
F,3174964
F,3174965
F,3174970
F,3174980
F,3174991
F,3175002
F,3175016
F,3175019
F,3175028
F,3175033
F,3175062
F,3175077
F,3175082
F,3175105
F,3175111
F,3175117
F,3175220
F,3175239
F,3175275
F,3175277
F,3175279
F,3175281
F,3175283
F,3175286
F,3175291
F,3175292
F,3175302
F,3175303
F,3175315
F,3175326
F,3175329
F,3175338
F,3175340
F,3175343
F,3175344
F,3175372
F,3175389
F,3175394
F,3175407
F,3175411
F,3175412
F,3175413
F,3175415
F,3175419
F,3175420
F,3175421
F,3175425
F,3175434
F,3175453
F,3175457
F,3175468
F,3175471
F,3175476
F,3175484
F,3175489
F,3175491
F,3175507
F,3175550
F,3175554
F,3175560
F,3175563
F,3175621
F,3175672
F,3175676
F,3175684
F,3175688
F,3175689
F,3175695
F,3175697
F,3175706
F,3175709
F,3175731
F,3175739
F,3175747
F,3175756
F,3175762
F,3175777
F,3175787
F,3175814
F,3175818
F,3175828
F,3175838
F,3175841
F,3175850
F,3175860
F,3175866
F,3175870
F,3175876
F,3175886
F,3175904
F,3175906
F,3175907
F,3175910
F,3175913
F,3175929
F,3175937
F,3175940
F,3175992
F,3175998
F,3175999
F,3176004
F,3176006
F,3176016
F,3176017
F,3176018
F,3176019
F,3176036
F,3176058
F,3176059
F,3176062
F,3176063
F,3176067
F,3176071
F,3176077
F,3176081
F,3176083
F,3176086
F,3176090
F,3176095
F,3176100
F,3176102
F,3176106
F,3176110
F,3176113
F,3176115
F,3176120
F,3176133
F,3176134
F,3176169
F,3176170
F,3176171
F,3176185
F,3176189
F,3176194
F,3176232
F,3176273
F,3176280
F,3176302
F,3176303
F,3176308
F,3176311
F,3176314
F,3176315
F,3176320
F,3176330
F,3176334
F,3176335
F,3176343
F,3176353
F,3176356
F,3176365
F,3176370
F,3176377
F,3176378
F,3176388
F,3176539
F,3176540
F,3176590
F,3176595
F,3176604
F,3176629
F,3176637
F,3176644
F,3176665
F,3176672
F,3176674
F,3176691
F,3176692
F,3176694
F,3176699
F,3176700
F,3176705
F,3176720
F,3176722
F,3176734
F,3176740
F,3176743
F,3176747
F,3176753
F,3176758
F,3176759
F,3176763
F,3176771
F,3176774
F,3176775
F,3176776
F,3176780
F,3176792
F,3176806
F,3176807
F,3176809
F,3176810
F,3176815
F,3176841
F,3176849
F,3176874
F,3176896
F,3176908
F,3176915
F,3176925
F,3176927
F,3176937
F,3176938
F,3176943
F,3176946
F,3176959
F,3176963
F,3176965
F,3176967
F,3176972
F,3176976
F,3176977
F,3176985
F,3176989
F,3177014
F,3177031
F,3177041
F,3177074
F,3177077
F,3177079
F,3177083
F,3177085
F,3177086
F,3177095
F,3177096
F,3177112
F,3177114
F,3177129
F,3177144
F,3177151
F,3177160
F,3177162
F,3177164
F,3177169
F,3177187
F,3177189
F,3177213
F,3177224
F,3177228
F,3177230
F,3177236
F,3177241
F,3177276
F,3177281
F,3177287
F,3177309
F,3177315
F,3177344
F,3177368
F,3177378
F,3177383
F,3177391
F,3177403
F,3177405
F,3177413
F,3177414
F,3177415
F,3177419
F,3177421
F,3177423
F,3177427
F,3177435
F,3177436
F,3177446
F,3177455
F,3177458
F,3177469
F,3177492
F,3177495
F,3177504
F,3177514
F,3177517
F,3177556
F,3177557
F,3177564
F,3177584
F,3177594
F,3177601
F,3177605
F,3177612
F,3177631
F,3177654
F,3177668
F,3177669
F,3177670
F,3177676
F,3177678
F,3177680
F,3177694
F,3177700
F,3177706
F,3177708
F,3177719
F,3177720
F,3177723
F,3177728
F,3177730
F,3177736
F,3177738
F,3177745
F,3177746
F,3177752
F,3177761
F,3177763
F,3177765
F,3177771
F,3177774
F,3177779
F,3177784
F,3177804
F,3177838
F,3177846
F,3177860
F,3177871
F,3177886
F,3177895
F,3177897
F,3177899
F,3177905
F,3177927
F,3177930
F,3177970
F,3177971
F,3177976
F,3178040
F,3178045
F,3178054
F,3178061
F,3178075
F,3178078
F,3178081
F,3178085
F,3178086
F,3178087
F,3178089
F,3178107
F,3178123
F,3178127
F,3178128
F,3178132
F,3178141
F,3178143
F,3178162
F,3178181
F,3178184
F,3178186
F,3178188
F,3178194
F,3178214
F,3178219
F,3178220
F,3178227
F,3178230
F,3178268
F,3178279
F,3178288
F,3178294
F,3178298
F,3178328
F,3178332
F,3178355
F,3178359
F,3178362
F,3178378
F,3178392
F,3178399
F,3178408
F,3178410
F,3178415
F,3178437
F,3178448
F,3178456
F,3178492
F,3178536
F,3178547
F,3178553
F,3178592
F,3178603
F,3178604
F,3178647
F,3178656
F,3178658
F,3178667
F,3178678
F,3178691
F,3178714
F,3178717
F,3178723
F,3178738
F,3178765
F,3178766
F,3178767
F,3178770
F,3178776
F,3178779
F,3178781
F,3178785
F,3178792
F,3178804
F,3178806
F,3178820
F,3178827
F,3178876
F,3178898
F,3178899
F,3178903
F,3178928
F,3178934
F,3178944
F,3178953
F,3178980
F,3178990
F,3178991
F,3179025
F,3179036
F,3179041
F,3179056
F,3179063
F,3179070
F,3179074
F,3179084
F,3179096
F,3179125
F,3179131
F,3179136
F,3179144
F,3179145
F,3179158
F,3179167
F,3179174
F,3179175
F,3179177
F,3179179
F,3179183
F,3179188
F,3179198
F,3179202
F,3179206
F,3179219
F,3179224
F,3179231
F,3179239
F,3179246
F,3179253
F,3179259
F,3179273
F,3179291
F,3179322
F,3179333
F,3179356
F,3179364
F,3179377
F,3179384
F,3179391
F,3179393
F,3179396
F,3179407
F,3179414
F,3179418
F,3179422
F,3179426
F,3179431
F,3179455
F,3179456
F,3179464
F,3179498
F,3179505
F,3179515
F,3179523
F,3179534
F,3179541
F,3179557
F,3179570
F,3179583
F,3179652
F,3179660
F,3179692
F,3179702
F,3179726
F,3179732
F,3179735
F,3179745
F,3179750
F,3179753
F,3179754
F,3179756
F,3179769
F,3179772
F,3179785
F,3179796
F,3179807
F,3179812
F,3179820
F,3179825
F,3179837
F,3179846
F,3179847
F,3179851
F,3179908
F,3179920
F,3179927
F,3179933
F,3179945
F,3179977
F,3179982
F,3179983
F,3179993
F,3180000
F,3180003
F,3180007
F,3180008
F,3180023
F,3180024
F,3180025
F,3180026
F,3180030
F,3180031
F,3180036
F,3180039
F,3180041
F,3180044
F,3180050
F,3180052
F,3180108
F,3180125
F,3180129
F,3180154
F,3180221
F,3180232
F,3180241
F,3180254
F,3180259
F,3180265
F,3180275
F,3180303
F,3180331
F,3180342
F,3180344
F,3180359
F,3180409
F,3180427
F,3180428
F,3180458
F,3180460
F,3180461
F,3180485
F,3180492
F,3180506
F,3180508
F,3180521
F,3180537
F,3180554
F,3180569
F,3180573
F,3180580
F,3180607
F,3180610
F,3180632
F,3180655
F,3180673
F,3180675
F,3180708
F,3180726
F,3180734
F,3180798
F,3180801
F,3180813
F,3180865
F,3180874
F,3180891
F,3180905
F,3180936
F,3180937
F,3180941
F,3180947
F,3180952
F,3180957
F,3180960
F,3180964
F,3180965
F,3180987
F,3181020
F,3181025
F,3181032
F,3181049
F,3181061
F,3181099
F,3181101
F,3181102
F,3181107
F,3181112
F,3181135
F,3181137
F,3181175
F,3181233
F,3181242
F,3181251
F,3181252
F,3181284
F,3181286
F,3181300
F,3181311
F,3181364
F,3181375
F,3181382
F,3181384
F,3181391
F,3181396
F,3181417
F,3181450
F,3181461
F,3181478
F,3181499
F,3181530
F,3181543
F,3181562
F,3181571
F,3181586
F,3181613
F,3181618
F,3181628
F,3181631
F,3181653
F,3181658
F,3181668
F,3181693
F,3181699
F,3181704
F,3181707
F,3181726
F,3181743
F,3181758
F,3181777
F,3181786
F,3181788
F,3181789
F,3181800
F,3181914
F,3181922
F,3181935
F,3181940
F,3181944
F,3181954
F,3181961
F,3182015
F,3182040
F,3182057
F,3182059
F,3182132
F,3182133
F,3182154
F,3182162
F,3182165
F,3182186
F,3182209
F,3182210
F,3182226
F,3182228
F,3182233
F,3182245
F,3182251
F,3182254
F,3182256
F,3182260
F,3182271
F,3182281
F,3182282
F,3182287
F,3182288
F,3182294
F,3182296
F,3182300
F,3182305
F,3182311
F,3182312
F,3182329
F,3182344
F,3182354
F,3182357
F,3182386
F,3182402
F,3182403
F,3182492
F,3182531
F,3182549
F,3182552
F,3182557
F,3182582
F,3182584
F,3182600
F,3182603
F,3182624
F,3182631
F,3182643
F,3182663
F,3182666
F,3182667
F,3182686
F,3182691
F,3182715
F,3182736
F,3182748
F,3182768
F,3182772
F,3182779
F,3182837
F,3182858
F,3182865
F,3182883
F,3182891
F,3182899
F,3182907
F,3182915
F,3182932
F,3182941
F,3182977
F,3182996
F,3182997
F,3183025
F,3183038
F,3183039
F,3183055
F,3183057
F,3183080
F,3183104
F,3183117
F,3183122
F,3183165
F,3183189
F,3183200
F,3183203
F,3183208
F,3183217
F,3183230
F,3183234
F,3183252
F,3183280
F,3183297
F,3183305
F,3183325
F,3183353
F,3183368
F,3183369
F,3183384
F,3183402
F,3183411
F,3183413
F,3183417
F,3183458
F,3183459
F,3183462
F,3183486
F,3183488
F,3183517
F,3183518
F,3183539
F,3183568
F,3183617
F,3183627
F,3183677
F,3183750
F,3183802
F,3183804
F,3183809
F,3183811
F,3183820
F,3183826
F,3183837
F,3183856
F,3183877
F,3183912
F,3183920
F,3183923
F,3183926
F,3183959
F,3183981
F,3184021
F,3184035
F,3184055
F,3184080
F,3184091
F,3184103
F,3184155
F,3184172
F,3184173
F,3184212
F,3184218
F,3184243
F,3184248
F,3184257
F,3184276
F,3184290
F,3184292
F,3184304
F,3184318
F,3184323
F,3184361
F,3184374
F,3184391
F,3184413
F,3184456
F,3184486
F,3184488
F,3184503
F,3184518
F,3184528
F,3184538
F,3184565
F,3184583
F,3184601
F,3184656
F,3184659
F,3184733
F,3184735
F,3184751
F,3184773
F,3184781
F,3184791
F,3184792
F,3184802
F,3184803
F,3184806
F,3184818
F,3184842
F,3184843
F,3184853
F,3184855
F,3184863
F,3184878
F,3184884
F,3184887
F,3184894
F,3184895
F,3184903
F,3184907
F,3184908
F,3184911
F,3184918
F,3184923
F,3184926
F,3184929
F,3184947
F,3184948
F,3184949
F,3184951
F,3184958
F,3184964
F,3184970
F,3184971
F,3184975
F,3184979
F,3184993
F,3185003
F,3185014
F,3185026
F,3185037
F,3185057
F,3185068
F,3185083
F,3185099
F,3185106
F,3185109
F,3185113
F,3185119
F,3185122
F,3185125
F,3185130
F,3185132
F,3185150
F,3185159
F,3185172
F,3185186
F,3185189
F,3185196
F,3185201
F,3185203
F,3185208
F,3185211
F,3185215
F,3185237
F,3185260
F,3185271
F,3185276
F,3185292
F,3185296
F,3185354
F,3185358
F,3185391
F,3185423
F,3185438
F,3185441
F,3185453
F,3185460
F,3185468
F,3185472
F,3185473
F,3185481
F,3185485
F,3185499
F,3185501
F,3185502
F,3185518
F,3185519
F,3185528
F,3185529
F,3185538
F,3185543
F,3185548
F,3185553
F,3185563
F,3185597
F,3185631
F,3185637
F,3185654
F,3185667
F,3185670
F,3185672
F,3185706
F,3185707
F,3185708
F,3185710
F,3185713
F,3185716
F,3185723
F,3185730
F,3185733
F,3185737
F,3185753
F,3185766
F,3185770
F,3185772
F,3185785
F,3185786
F,3185788
F,3185792
F,3185813
F,3185821
F,3185833
F,3185836
F,3185837
F,3185841
F,3185883
F,3185899
F,3185911
F,3185921
F,3185924
F,3185926
F,3185929
F,3185938
F,3185941
F,3185977
F,3185978
F,3186024
F,3186091
F,3186095
F,3186101
F,3186106
F,3186111
F,3186113
F,3186114
F,3186146
F,3186147
F,3186162
F,3186210
F,3186225
F,3186226
F,3186259
F,3186274
F,3186287
F,3186290
F,3186303
F,3186311
F,3186314
F,3186315
F,3186323
F,3186333
F,3186340
F,3186353
F,3186354
F,3186356
F,3186357
F,3186364
F,3186368
F,3186369
F,3186371
F,3186385
F,3186388
F,3186393
F,3186408
F,3186415
F,3186419
F,3186438
F,3186448
F,3186490
F,3186501
F,3186507
F,3186523
F,3186530
F,3186544
F,3186550
F,3186553
F,3186556
F,3186563
F,3186574
F,3186600
F,3186620
F,3186629
F,3186648
F,3186672
F,3186697
F,3186700
F,3186707
F,3186727
F,3186758
F,3186767
F,3186770
F,3186794
F,3186838
F,3186856
F,3186860
F,3186869
F,3186876
F,3186884
F,3186885
F,3186893
F,3186922
F,3186955
F,3186972
F,3186974
F,3186981
F,3186991
F,3186996
F,3187034
F,3187048
F,3187055
F,3187108
F,3187115
F,3187122
F,3187128
F,3187167
F,3187171
F,3187176
F,3187177
F,3187178
F,3187188
F,3187199
F,3187387
F,3187406
F,3187411
F,3187430
F,3187518
F,3187559
F,3187583
F,3187626
F,3187651
F,3187654
F,3187660
F,3187699
F,3187712
F,3187886
F,3187930
F,3187961
F,3188016
F,3188036
F,3188044
F,3188099
F,3188100
F,3188104
F,3188134
F,3188143
F,3188150
F,3188152
F,3188164
F,3188184
F,3188196
F,3188202
F,3188209
F,3188210
F,3188216
F,3188237
F,3188241
F,3188249
F,3188261
F,3188284
F,3188288
F,3188291
F,3188301
F,3188302
F,3188312
F,3188325
F,3188329
F,3188345
F,3188361
F,3188394
F,3188396
F,3188398
F,3188403
F,3188404
F,3188406
F,3188418
F,3188435
F,3188443
F,3188465
F,3188467
F,3188500
F,3188528
F,3188532
F,3188538
F,3188545
F,3188581
F,3188585
F,3188610
F,3188612
F,3188614
F,3188615
F,3188619
F,3188626
F,3188669
F,3188705
F,3188743
F,3188750
F,3188752
F,3188758
F,3188774
F,3188778
F,3188786
F,3188787
F,3188789
F,3188790
F,3188814
F,3188819
F,3188897
F,3188906
F,3188907
F,3188908
F,3188916
F,3188926
F,3188936
F,3188946
F,3188949
F,3188960
F,3188984
F,3188993
F,3189027
F,3189035
F,3189037
F,3189039
F,3189043
F,3189048
F,3189066
F,3189069
F,3189082
F,3189094
F,3189096
F,3189099
F,3189103
F,3189112
F,3189120
F,3189126
F,3189142
F,3189144
F,3189158
F,3189159
F,3189172
F,3189185
F,3189189
F,3189197
F,3189198
F,3189248
F,3189250
F,3189253
F,3189260
F,3189274
F,3189287
F,3189289
F,3189305
F,3189315
F,3189320
F,3189324
F,3189342
F,3189355
F,3189379
F,3189399
F,3189434
F,3189435
F,3189462
F,3189488
F,3189496
F,3189501
F,3189519
F,3189559
F,3189566
F,3189589
F,3189604
F,3189614
F,3189615
F,3189616
F,3189621
F,3189649
F,3189655
F,3189679
F,3189687
F,3189717
F,3189738
F,3189770
F,3189775
F,3189838
F,3189848
F,3189880
F,3189883
F,3189884
F,3189885
F,3189916
F,3189924
F,3189927
F,3189945
F,3189957
F,3190004
F,3190053
F,3190073
F,3190074
F,3190075
F,3190099
F,3190107
F,3190120
F,3190121
F,3190131
F,3190137
F,3190138
F,3190145
F,3190159
F,3190161
F,3190162
F,3190182
F,3190191
F,3190193
F,3190203
F,3190204
F,3190205
F,3190207
F,3190212
F,3190219
F,3190233
F,3190243
F,3190245
F,3190248
F,3190259
F,3190276
F,3190279
F,3190280
F,3190288
F,3190299
F,3190309
F,3190332
F,3190337
F,3190401
F,3190403
F,3190408
F,3190424
F,3190430
F,3190434
F,3190453
F,3190460
F,3190463
F,3190464
F,3190478
F,3190576
F,3190598
F,3190600
F,3190604
F,3190610
F,3190617
F,3190625
F,3190629
F,3190630
F,3190643
F,3190653
F,3190664
F,3190665
F,3190666
F,3190668
F,3190693
F,3190700
F,3190739
F,3190752
F,3190786
F,3190809
F,3190823
F,3190825
F,3190829
F,3190839
F,3190843
F,3190878
F,3190881
F,3190888
F,3190893
F,3190906
F,3190917
F,3190918
F,3190925
F,3190926
F,3190931
F,3190969
F,3190993
F,3190997
F,3191008
F,3191009
F,3191029
F,3191048
F,3191049
F,3191056
F,3191058
F,3191093
F,3191097
F,3191107
F,3191118
F,3191137
F,3191205
F,3191207
F,3191234
F,3191240
F,3191296
F,3191307
F,3191339
F,3191358
F,3191374
F,3191376
F,3191379
F,3191395
F,3191401
F,3191402
F,3191428
F,3191432
F,3191442
F,3191443
F,3191453
F,3191460
F,3191463
F,3191477
F,3191495
F,3191498
F,3191551
F,3191559
F,3191560
F,3191561
F,3191619
F,3191621
F,3191641
F,3191657
F,3191674
F,3191675
F,3191680
F,3191691
F,3191692
F,3191702
F,3191705
F,3191706
F,3191711
F,3191714
F,3191722
F,3191736
F,3191746
F,3191801
F,3191817
F,3191838
F,3191840
F,3191895
F,3191900
F,3191906
F,3191911
F,3191941
F,3191952
F,3191966
F,3191979
F,3191982
F,3191993
F,3191996
F,3192018
F,3192028
F,3192041
F,3192061
F,3192067
F,3192068
F,3192073
F,3192091
F,3192105
F,3192119
F,3192129
F,3192133
F,3192140
F,3192150
F,3192164
F,3192184
F,3192185
F,3192191
F,3192212
F,3192215
F,3192225
F,3192247
F,3192260
F,3192314
F,3192315
F,3192322
F,3192366
F,3192397
F,3192398
F,3192399
F,3192420
F,3192421
F,3192463
F,3192466
F,3192471
F,3192555
F,3192557
F,3192565
F,3192568
F,3192572
F,3192587
F,3192588
F,3192591
F,3192594
F,3192595
F,3192596
F,3192601
F,3192607
F,3192615
F,3192625
F,3192634
F,3192639
F,3192645
F,3192649
F,3192651
F,3192661
F,3192667
F,3192675
F,3192677
F,3192684
F,3192685
F,3192691
F,3192692
F,3192706
F,3192710
F,3192714
F,3192715
F,3192720
F,3192721
F,3192723
F,3192743
F,3192762
F,3192774
F,3192777
F,3192784
F,3192798
F,3192800
F,3192801
F,3192804
F,3192806
F,3192807
F,3192811
F,3192817
F,3192818
F,3192860
F,3192891
F,3192931
F,3192977
F,3192984
F,3192990
F,3193037
F,3193079
F,3193107
F,3193109
F,3193133
F,3193155
F,3193217
F,3193218
F,3193237
F,3193241
F,3193247
F,3193278
F,3193333
F,3193338
F,3193349
F,3193379
F,3193383
F,3193403
F,3193406
F,3193426
F,3193450
F,3193451
F,3193472
F,3193482
F,3193514
F,3193515
F,3193591
F,3193614
F,3193617
F,3193621
F,3193626
F,3193641
F,3193650
F,3193674
F,3193676
F,3193678
F,3193685
F,3193687
F,3193688
F,3193698
F,3193701
F,3193706
F,3193709
F,3193717
F,3193727
F,3193728
F,3193746
F,3193760
F,3193780
F,3193790
F,3193799
F,3193803
F,3193816
F,3193824
F,3193848
F,3193850
F,3193855
F,3193861
F,3193866
F,3193873
F,3193874
F,3193879
F,3193892
F,3193894
F,3193902
F,3193903
F,3193904
F,3193911
F,3193915
F,3193919
F,3193921
F,3193931
F,3193933
F,3193935
F,3193937
F,3193964
F,3193975
F,3193981
F,3193984
F,3193985
F,3193987
F,3194026
F,3194052
F,3194055
F,3194073
F,3194077
F,3194078
F,3194091
F,3194093
F,3194095
F,3194096
F,3194102
F,3194115
F,3194116
F,3194125
F,3194126
F,3194135
F,3194138
F,3194139
F,3194147
F,3194167
F,3194174
F,3194294
F,3194296
F,3194307
F,3194309
F,3194327
F,3194348
F,3194364
F,3194383
F,3194394
F,3194406
F,3194415
F,3194423
F,3194426
F,3194444
F,3194458
F,3194466
F,3194470
F,3194474
F,3194478
F,3194488
F,3194492
F,3194502
F,3194505
F,3194509
F,3194510
F,3194513
F,3194521
F,3194522
F,3194525
F,3194544
F,3194558
F,3194560
F,3194561
F,3194565
F,3194570
F,3194571
F,3194573
F,3194574
F,3194590
F,3194594
F,3194606
F,3194615
F,3194624
F,3194635
F,3194642
F,3194649
F,3194652
F,3194653
F,3194656
F,3194684
F,3194688
F,3194692
F,3194693
F,3194702
F,3194704
F,3194711
F,3194712
F,3194722
F,3194724
F,3194775
F,3194832
F,3194847
F,3194852
F,3194861
F,3194862
F,3194869
F,3194874
F,3194878
F,3194883
F,3194884
F,3194893
F,3194894
F,3194898
F,3194899
F,3194901
F,3194917
F,3194928
F,3194930
F,3194939
F,3194940
F,3194942
F,3194946
F,3194948
F,3194952
F,3194968
F,3194979
F,3194992
F,3195004
F,3195006
F,3195022
F,3195032
F,3195035
F,3195038
F,3195044
F,3195046
F,3195048
F,3195117
F,3195118
F,3195120
F,3195128
F,3195132
F,3195134
F,3195137
F,3195139
F,3195142
F,3195175
F,3195197
F,3195204
F,3195208
F,3195216
F,3195234
F,3195252
F,3195268
F,3195270
F,3195272
F,3195275
F,3195278
F,3195281
F,3195282
F,3195283
F,3195284
F,3195286
F,3195296
F,3195297
F,3195306
F,3195318
F,3195325
F,3195326
F,3195368
F,3195393
F,3195408
F,3195412
F,3195416
F,3195417
F,3195422
F,3195460
F,3195463
F,3195469
F,3195478
F,3195487
F,3195506
F,3195516
F,3195523
F,3195534
F,3195543
F,3195549
F,3195569
F,3195573
F,3195581
F,3195584
F,3195611
F,3195614
F,3195618
F,3195657
F,3195667
F,3195670
F,3195685
F,3195693
F,3195708
F,3195713
F,3195715
F,3195730
F,3195739
F,3195742
F,3195752
F,3195785
F,3195809
F,3195814
F,3195824
F,3195834
F,3195837
F,3195857
F,3195858
F,3195865
F,3195871
F,3195876
F,3195877
F,3195887
F,3195888
F,3195894
F,3195895
F,3195897
F,3195913
F,3195914
F,3195915
F,3195919
F,3195920
F,3195922
F,3195923
F,3195925
F,3195929
F,3195932
F,3195941
F,3195950
F,3195953
F,3195958
F,3195959
F,3195963
F,3195968
F,3195971
F,3195984
F,3195988
F,3196001
F,3196025
F,3196035
F,3196050
F,3196072
F,3196077
F,3196102
F,3196115
F,3196125
F,3196136
F,3196137
F,3196152
F,3196160
F,3196166
F,3196167
F,3196172
F,3196175
F,3196181
F,3196188
F,3196189
F,3196207
F,3196209
F,3196222
F,3196224
F,3196225
F,3196227
F,3196229
F,3196232
F,3196243
F,3196258
F,3196264
F,3196265
F,3196267
F,3196269
F,3196275
F,3196278
F,3196281
F,3196286
F,3196290
F,3196294
F,3196296
F,3196299
F,3196313
F,3196326
F,3196327
F,3196330
F,3196332
F,3196333
F,3196343
F,3196349
F,3196350
F,3196359
F,3196363
F,3196369
F,3196371
F,3196375
F,3196401
F,3196444
F,3196445
F,3196447
F,3196450
F,3196457
F,3196462
F,3196463
F,3196467
F,3196469
F,3196471
F,3196475
F,3196479
F,3196481
F,3196488
F,3196491
F,3196506
F,3196508
F,3196510
F,3196526
F,3196548
F,3196558
F,3196560
F,3196561
F,3196595
F,3196600
F,3196602
F,3196651
F,3196667
F,3196670
F,3196675
F,3196698
F,3196723
F,3196726
F,3196729
F,3196733
F,3196746
F,3196757
F,3196759
F,3196780
F,3196783
F,3196814
F,3196815
F,3196822
F,3196826
F,3196830
F,3196844
F,3196860
F,3196865
F,3196872
F,3196917
F,3196919
F,3196951
F,3196966
F,3197008
F,3197009
F,3197012
F,3197057
F,3197078
F,3197087
F,3197094
F,3197134
F,3197138
F,3197150
F,3197161
F,3197162
F,3197167
F,3197168
F,3197179
F,3197182
F,3197185
F,3197193
F,3197197
F,3197200
F,3197203
F,3197205
F,3197208
F,3197212
F,3197214
F,3197218
F,3197222
F,3197228
F,3197230
F,3197234
F,3197245
F,3197249
F,3197260
F,3197287
F,3197294
F,3197297
F,3197299
F,3197309
F,3197314
F,3197317
F,3197318
F,3197320
F,3197327
F,3197330
F,3197331
F,3197333
F,3197336
F,3197358
F,3197360
F,3197375
F,3197376
F,3197385
F,3197388
F,3197389
F,3197397
F,3197421
F,3197441
F,3197442
F,3197461
F,3197472
F,3197480
F,3197483
F,3197487
F,3197491
F,3197534
F,3197538
F,3197543
F,3197544
F,3197549
F,3197551
F,3197561
F,3197567
F,3197570
F,3197578
F,3197579
F,3197586
F,3197590
F,3197591
F,3197593
F,3197594
F,3197596
F,3197599
F,3197608
F,3197620
F,3197655
F,3197656
F,3197662
F,3197665
F,3197669
F,3197703
F,3197705
F,3197717
F,3197718
F,3197721
F,3197723
F,3197726
F,3197735
F,3197737
F,3197741
F,3197755
F,3197758
F,3197774
F,3197778
F,3197785
F,3197788
F,3197822
F,3197835
F,3197836
F,3197872
F,3197876
F,3197889
F,3197896
F,3197900
F,3197904
F,3197907
F,3197923
F,3197926
F,3197928
F,3197949
F,3197951
F,3197952
F,3197957
F,3197958
F,3197968
F,3197980
F,3197991
F,3198006
F,3198011
F,3198012
F,3198019
F,3198020
F,3198037
F,3198043
F,3198045
F,3198052
F,3198077
F,3198103
F,3198109
F,3198121
F,3198148
F,3198163
F,3198179
F,3198186
F,3198236
F,3198261
F,3198284
F,3198332
F,3198333
F,3198348
F,3198403
F,3198427
F,3198441
F,3198466
F,3198472
F,3198475
F,3198492
F,3198499
F,3198506
F,3198511
F,3198518
F,3198519
F,3198523
F,3198536
F,3198582
F,3198589
F,3198596
F,3198683
F,3198690
F,3198693
F,3198719
F,3198754
F,3198755
F,3198760
F,3198761
F,3198780
F,3198781
F,3198788
F,3198791
F,3198809
F,3198814
F,3198837
F,3198861
F,3198862
F,3198876
F,3198880
F,3198888
F,3198897
F,3198914
F,3198918
F,3198945
F,3198956
F,3198963
F,3198970
F,3198975
F,3198986
F,3198991
F,3199007
F,3199024
F,3199060
F,3199088
F,3199110
F,3199146
F,3199156
F,3199183
F,3199186
F,3199200
F,3199207
F,3199215
F,3199232
F,3199261
F,3199385
F,3199428
F,3199437
F,3199442
F,3199488
F,3199499
F,3199512
F,3199543
F,3199585
F,3199592
F,3199593
F,3199594
F,3199615
F,3199629
F,3199640
F,3199643
F,3199662
F,3199672
F,3199679
F,3199692
F,3199693
F,3199694
F,3199698
F,3199708
F,3199713
F,3199714
F,3199743
F,3199748
F,3199780
F,3199796
F,3199797
F,3199805
F,3199826
F,3199828
F,3199840
F,3199848
F,3199878
F,3199881
F,3199940
F,3199948
F,3199949
F,3199950
F,3199951
F,3199955
F,3199989
F,3199990
F,3200000
F,3200035
F,3200039
F,3200045
F,3200067
F,3200095
F,3200111
F,3200117
F,3200118
F,3200166
F,3200199
F,3200207
F,3200217
F,3200218
F,3200252
F,3200263
F,3200271
F,3200283
F,3200294
F,3200308
F,3200321
F,3200329
F,3200330
F,3200341
F,3200350
F,3200396
F,3200397
F,3200410
F,3200422
F,3200426
F,3200463
F,3200501
F,3200535
F,3200536
F,3200537
F,3200584
F,3200585
F,3200604
F,3200610
F,3200623
F,3200635
F,3200639
F,3200643
F,3200703
F,3200704
F,3200789
F,3200826
F,3200828
F,3200868
F,3200869
F,3200892
F,3200959
F,3200993
F,3201019
F,3201031
F,3201042
F,3201061
F,3201084
F,3201094
F,3201108
F,3201121
F,3201127
F,3201138
F,3201175
F,3201181
F,3201211
F,3201215
F,3201220
F,3201222
F,3201230
F,3201268
F,3201277
F,3201279
F,3201289
F,3201292
F,3201297
F,3201309
F,3201311
F,3201380
F,3201382
F,3201406
F,3201419
F,3201424
F,3201442
F,3201459
F,3201461
F,3201462
F,3201468
F,3201514
F,3201551
F,3201605
F,3201608
F,3201618
F,3201619
F,3201623
F,3201629
F,3201639
F,3201666
F,3201767
F,3201781
F,3201811
F,3201820
F,3201822
F,3201863
F,3201902
F,3201926
F,3201937
F,3201949
F,3201976
F,3202034
F,3202054
F,3202083
F,3202095
F,3202128
F,3202135
F,3202141
F,3202145
F,3202149
F,3202150
F,3202163
F,3202166
F,3202184
F,3202186
F,3202193
F,3202208
F,3202210
F,3202211
F,3202213
F,3202231
F,3202248
F,3202254
F,3202275
F,3202276
F,3202280
F,3202290
F,3202294
F,3202355
F,3202382
F,3202418
F,3202420
F,3202421
F,3202462
F,3202520
F,3202549
F,3202559
F,3202580
F,3202587
F,3202593
F,3202626
F,3202647
F,3202688
F,3202702
F,3202703
F,3202709
F,3202724
F,3202725
F,3202734
F,3202750
F,3202753
F,3202757
F,3202780
F,3202786
F,3202797
F,3202820
F,3202830
F,3202895
F,3202898
F,3202905
F,3202938
F,3202948
F,3202985
F,3203024
F,3203031
F,3203032
F,3203055
F,3203056
F,3203066
F,3203072
F,3203076
F,3203080
F,3203103
F,3203109
F,3203151
F,3203155
F,3203193
F,3203201
F,3203202
F,3203206
F,3203210
F,3203211
F,3203213
F,3203221
F,3203223
F,3203240
F,3203245
F,3203250
F,3203262
F,3203280
F,3203296
F,3203300
F,3203304
F,3203333
F,3203358
F,3203365
F,3203371
F,3203372
F,3203392
F,3203416
F,3203441
F,3203457
F,3203480
F,3203487
F,3203491
F,3203541
F,3203550
F,3203574
F,3203590
F,3203592
F,3203651
F,3203659
F,3203664
F,3203666
F,3203691
F,3203733
F,3203741
F,3203784
F,3203789
F,3203793
F,3203817
F,3203834
F,3203849
F,3203853
F,3203868
F,3203875
F,3203902
F,3203933
F,3203956
F,3204047
F,3204070
F,3204077
F,3204100
F,3204117
F,3204125
F,3204149
F,3204196
F,3204307
F,3204320
F,3204333
F,3204354
F,3204365
F,3204387
F,3204411
F,3204458
F,3204459
F,3204487
F,3204514
F,3204526
F,3204552
F,3204583
F,3204592
F,3204593
F,3204626
F,3204669
F,3204732
F,3204762
F,3204764
F,3204781
F,3204817
F,3204851
F,3204854
F,3204866
F,3204871
F,3204877
F,3204893
F,3204905
F,3204909
F,3204933
F,3205019
F,3205020
F,3205021
F,3205033
F,3205034
F,3205039
F,3205048
F,3205134
F,3205168
F,3205229
F,3205237
F,3205262
F,3205267
F,3205320
F,3205324
F,3205331
F,3205345
F,3205347
F,3205373
F,3205378
F,3205380
F,3205382
F,3205391
F,3205395
F,3205408
F,3205412
F,3205414
F,3205420
F,3205423
F,3205424
F,3205425
F,3205442
F,3205463
F,3205504
F,3205551
F,3205563
F,3205591
F,3205634
F,3205643
F,3205656
F,3205657
F,3205660
F,3205662
F,3205666
F,3205677
F,3205685
F,3205692
F,3205695
F,3205700
F,3205701
F,3205703
F,3205706
F,3205707
F,3205713
F,3205719
F,3205720
F,3205732
F,3205733
F,3205734
F,3205735
F,3205741
F,3205744
F,3205748
F,3205751
F,3205756
F,3205757
F,3205762
F,3205771
F,3205779
F,3205780
F,3205782
F,3205799
F,3205815
F,3205821
F,3205828
F,3205832
F,3205842
F,3205873
F,3205898
F,3205921
F,3205941
F,3205948
F,3205966
F,3205971
F,3205984
F,3205990
F,3206053
F,3206058
F,3206076
F,3206089
F,3206090
F,3206091
F,3206097
F,3206098
F,3206099
F,3206105
F,3206108
F,3206141
F,3206154
F,3206165
F,3206182
F,3206193
F,3206196
F,3206226
F,3206266
F,3206267
F,3206270
F,3206271
F,3206272
F,3206289
F,3206291
F,3206297
F,3206298
F,3206315
F,3206329
F,3206354
F,3206355
F,3206357
F,3206375
F,3206409
F,3206417
F,3206426
F,3206469
F,3206538
F,3206539
F,3206730
F,3206733
F,3206741
F,3206746
F,3206750
F,3206767
F,3206785
F,3206790
F,3206795
F,3206821
F,3206833
F,3206835
F,3206838
F,3206858
F,3206859
F,3206876
F,3206890
F,3206947
F,3206955
F,3206964
F,3206970
F,3207026
F,3207034
F,3207050
F,3207053
F,3207075
F,3207090
F,3207102
F,3207105
F,3207123
F,3207134
F,3207162
F,3207182
F,3207183
F,3207208
F,3207216
F,3207220
F,3207225
F,3207234
F,3207239
F,3207257
F,3207278
F,3207339
F,3207376
F,3207382
F,3207399
F,3207402
F,3207405
F,3207407
F,3207415
F,3207432
F,3207449
F,3207452
F,3207472
F,3207476
F,3207478
F,3207485
F,3207498
F,3207506
F,3207508
F,3207528
F,3207551
F,3207609
F,3207702
F,3207712
F,3207714
F,3207737
F,3207742
F,3207751
F,3207759
F,3207772
F,3207776
F,3207791
F,3207793
F,3207839
F,3207857
F,3207915
F,3207926
F,3207975
F,3207983
F,3207985
F,3208014
F,3208022
F,3208063
F,3208077
F,3208166
F,3208195
F,3208247
F,3208273
F,3208284
F,3208293
F,3208306
F,3208316
F,3208317
F,3208323
F,3208327
F,3208328
F,3208395
F,3208400
F,3208403
F,3208431
F,3208462
F,3208479
F,3208545
F,3208552
F,3208573
F,3208574
F,3208618
F,3208644
F,3208692
F,3208716
F,3208751
F,3208757
F,3208759
F,3208777
F,3208821
F,3208834
F,3208835
F,3208837
F,3208856
F,3208900
F,3208944
F,3208953
F,3208965
F,3208970
F,3208985
F,3209005
F,3209020
F,3209022
F,3209048
F,3209051
F,3209054
F,3209055
F,3209059
F,3209063
F,3209067
F,3209076
F,3209085
F,3209097
F,3209098
F,3209103
F,3209132
F,3209135
F,3209138
F,3209150
F,3209160
F,3209168
F,3209175
F,3209185
F,3209193
F,3209195
F,3209198
F,3209200
F,3209201
F,3209206
F,3209209
F,3209210
F,3209218
F,3209220
F,3209226
F,3209239
F,3209247
F,3209262
F,3209268
F,3209279
F,3209283
F,3209295
F,3209321
F,3209341
F,3209347
F,3209356
F,3209361
F,3209362
F,3209369
F,3209370
F,3209373
F,3209380
F,3209383
F,3209385
F,3209386
F,3209397
F,3209398
F,3209403
F,3209405
F,3209409
F,3209410
F,3209414
F,3209428
F,3209432
F,3209439
F,3209443
F,3209452
F,3209459
F,3209460
F,3209463
F,3209468
F,3209475
F,3209481
F,3209503
F,3209514
F,3209524
F,3209528
F,3209536
F,3209542
F,3209550
F,3209561
F,3209580
F,3209600
F,3209652
F,3209678
F,3209681
F,3209702
F,3209703
F,3209705
F,3209720
F,3209724
F,3209732
F,3209738
F,3209739
F,3209745
F,3209749
F,3209763
F,3209766
F,3209774
F,3209777
F,3209778
F,3209790
F,3209791
F,3209804
F,3209812
F,3209821
F,3209832
F,3209837
F,3209841
F,3209842
F,3209850
F,3209853
F,3209865
F,3209870
F,3209872
F,3209879
F,3209880
F,3209893
F,3209896
F,3209932
F,3209935
F,3209950
F,3209956
F,3209959
F,3209962
F,3209965
F,3209975
F,3209992
F,3210005
F,3210008
F,3210012
F,3210038
F,3210046
F,3210061
F,3210072
F,3210073
F,3210081
F,3210090
F,3210099
F,3210122
F,3210132
F,3210206
F,3210209
F,3210214
F,3210217
F,3210218
F,3210234
F,3210240
F,3210244
F,3210245
F,3210246
F,3210258
F,3210260
F,3210280
F,3210281
F,3210286
F,3210287
F,3210299
F,3210316
F,3210318
F,3210345
F,3210348
F,3210372
F,3210374
F,3210383
F,3210406
F,3210441
F,3210498
F,3210505
F,3210509
F,3210516
F,3210520
F,3210521
F,3210524
F,3210540
F,3210546
F,3210560
F,3210570
F,3210575
F,3210595
F,3210598
F,3210603
F,3210607
F,3210610
F,3210618
F,3210623
F,3210669
F,3210683
F,3210692
F,3210717
F,3210721
F,3210734
F,3210742
F,3210752
F,3210768
F,3210796
F,3210801
F,3210811
F,3210816
F,3210820
F,3210842
F,3210869
F,3210891
F,3210893
F,3210894
F,3210902
F,3210912
F,3210917
F,3210923
F,3210937
F,3210940
F,3210949
F,3210963
F,3210969
F,3210975
F,3210978
F,3210980
F,3210984
F,3210999
F,3211003
F,3211015
F,3211025
F,3211044
F,3211057
F,3211060
F,3211064
F,3211066
F,3211069
F,3211070
F,3211082
F,3211109
F,3211115
F,3211126
F,3211127
F,3211135
F,3211181
F,3211199
F,3211227
F,3211235
F,3211278
F,3211286
F,3211287
F,3211297
F,3211298
F,3211303
F,3211305
F,3211306
F,3211309
F,3211312
F,3211318
F,3211321
F,3211322
F,3211336
F,3211340
F,3211343
F,3211345
F,3211347
F,3211367
F,3211372
F,3211424
F,3211433
F,3211440
F,3211442
F,3211457
F,3211458
F,3211460
F,3211497
F,3211499
F,3211505
F,3211526
F,3211528
F,3211533
F,3211537
F,3211544
F,3211554
F,3211559
F,3211590
F,3211599
F,3211603
F,3211608
F,3211609
F,3211613
F,3211623
F,3211641
F,3211642
F,3211647
F,3211652
F,3211662
F,3211667
F,3211675
F,3211684
F,3211685
F,3211693
F,3211698
F,3211717
F,3211720
F,3211722
F,3211737
F,3211778
F,3211803
F,3211820
F,3211830
F,3211837
F,3211862
F,3211864
F,3211866
F,3211870
F,3211874
F,3211891
F,3211892
F,3211903
F,3211924
F,3211929
F,3211930
F,3211932
F,3211933
F,3211937
F,3211955
F,3211956
F,3211957
F,3211965
F,3211967
F,3211968
F,3211980
F,3211992
F,3212002
F,3212003
F,3212014
F,3212023
F,3212031
F,3212033
F,3212039
F,3212043
F,3212059
F,3212077
F,3212080
F,3212089
F,3212108
F,3212122
F,3212156
F,3212162
F,3212170
F,3212174
F,3212185
F,3212186
F,3212235
F,3212247
F,3212255
F,3212261
F,3212350
F,3212361
F,3212384
F,3212403
F,3212420
F,3212424
F,3212429
F,3212433
F,3212470
F,3212477
F,3212500
F,3212506
F,3212509
F,3212518
F,3212524
F,3212610
F,3212646
F,3212652
F,3212736
F,3212740
F,3212772
F,3212782
F,3212784
F,3212785
F,3212788
F,3212793
F,3212802
F,3212829
F,3212837
F,3212865
F,3212866
F,3212867
F,3212869
F,3212882
F,3212891
F,3212897
F,3212900
F,3212904
F,3212911
F,3212920
F,3212921
F,3212964
F,3212975
F,3212977
F,3212987
F,3212993
F,3212999
F,3213008
F,3213016
F,3213023
F,3213061
F,3213116
F,3213127
F,3213128
F,3213129
F,3213131
F,3213144
F,3213157
F,3213161
F,3213174
F,3213229
F,3213239
F,3213241
F,3213260
F,3213266
F,3213275
F,3213281
F,3213294
F,3213303
F,3213305
F,3213313
F,3213319
F,3213324
F,3213327
F,3213334
F,3213344
F,3213348
F,3213351
F,3213359
F,3213361
F,3213373
F,3213379
F,3213382
F,3213388
F,3213397
F,3213401
F,3213410
F,3213412
F,3213420
F,3213421
F,3213433
F,3213446
F,3213447
F,3213450
F,3213460
F,3213467
F,3213492
F,3213498
F,3213501
F,3213516
F,3213571
F,3213579
F,3213581
F,3213582
F,3213602
F,3213609
F,3213611
F,3213615
F,3213625
F,3213628
F,3213640
F,3213649
F,3213653
F,3213655
F,3213660
F,3213661
F,3213668
F,3213678
F,3213689
F,3213714
F,3213733
F,3213734
F,3213765
F,3213773
F,3213774
F,3213776
F,3213791
F,3213808
F,3213818
F,3213820
F,3213844
F,3213879
F,3213903
F,3213909
F,3213941
F,3213946
F,3213960
F,3213965
F,3213971
F,3213974
F,3213984
F,3213986
F,3213999
F,3214014
F,3214020
F,3214030
F,3214034
F,3214036
F,3214048
F,3214049
F,3214052
F,3214060
F,3214067
F,3214083
F,3214085
F,3214090
F,3214105
F,3214117
F,3214130
F,3214139
F,3214141
F,3214147
F,3214150
F,3214162
F,3214173
F,3214183
F,3214196
F,3214204
F,3214208
F,3214218
F,3214219
F,3214228
F,3214229
F,3214232
F,3214237
F,3214246
F,3214250
F,3214254
F,3214259
F,3214260
F,3214275
F,3214280
F,3214289
F,3214291
F,3214296
F,3214302
F,3214339
F,3214340
F,3214342
F,3214360
F,3214374
F,3214379
F,3214390
F,3214395
F,3214427
F,3214429
F,3214431
F,3214446
F,3214450
F,3214470
F,3214471
F,3214502
F,3214537
F,3214538
F,3214553
F,3214554
F,3214568
F,3214569
F,3214578
F,3214618
F,3214643
F,3214672
F,3214675
F,3214676
F,3214683
F,3214689
F,3214690
F,3214692
F,3214705
F,3214706
F,3214707
F,3214729
F,3214730
F,3214733
F,3214736
F,3214753
F,3214757
F,3214760
F,3214783
F,3214796
F,3214801
F,3214810
F,3214824
F,3214831
F,3214836
F,3214838
F,3214840
F,3214844
F,3214846
F,3214864
F,3214866
F,3214870
F,3214879
F,3214883
F,3214886
F,3214888
F,3214893
F,3214918
F,3214920
F,3214921
F,3214923
F,3214934
F,3214936
F,3214939
F,3214942
F,3214951
F,3214959
F,3214962
F,3214965
F,3214966
F,3214982
F,3215000
F,3215004
F,3215009
F,3215020
F,3215021
F,3215029
F,3215046
F,3215060
F,3215068
F,3215076
F,3215079
F,3215098
F,3215100
F,3215103
F,3215113
F,3215118
F,3215132
F,3215149
F,3215159
F,3215170
F,3215176
F,3215181
F,3215185
F,3215195
F,3215201
F,3215216
F,3215226
F,3215234
F,3215248
F,3215257
F,3215259
F,3215265
F,3215285
F,3215312
F,3215313
F,3215327
F,3215328
F,3215331
F,3215338
F,3215340
F,3215345
F,3215351
F,3215370
F,3215378
F,3215408
F,3215414
F,3215421
F,3215431
F,3215442
F,3215448
F,3215450
F,3215452
F,3215453
F,3215464
F,3215477
F,3215482
F,3215485
F,3215487
F,3215493
F,3215503
F,3215505
F,3215512
F,3215516
F,3215521
F,3215525
F,3215537
F,3215544
F,3215547
F,3215548
F,3215557
F,3215563
F,3215564
F,3215589
F,3215590
F,3215595
F,3215599
F,3215603
F,3215610
F,3215614
F,3215630
F,3215644
F,3215657
F,3215667
F,3215690
F,3215691
F,3215693
F,3215694
F,3215697
F,3215699
F,3215714
F,3215724
F,3215726
F,3215772
F,3215774
F,3215786
F,3215813
F,3215831
F,3215840
F,3215866
F,3215869
F,3215878
F,3215881
F,3215888
F,3215890
F,3215898
F,3215902
F,3215907
F,3215909
F,3215921
F,3215928
F,3215939
F,3215948
F,3215955
F,3215956
F,3215969
F,3215978
F,3215995
F,3216018
F,3216024
F,3216036
F,3216048
F,3216078
F,3216092
F,3216106
F,3216110
F,3216113
F,3216114
F,3216133
F,3216142
F,3216162
F,3216170
F,3216171
F,3216184
F,3216191
F,3216206
F,3216236
F,3216241
F,3216270
F,3216295
F,3216296
F,3216324
F,3216325
F,3216333
F,3216339
F,3216345
F,3216350
F,3216354
F,3216355
F,3216361
F,3216375
F,3216378
F,3216389
F,3216396
F,3216413
F,3216414
F,3216418
F,3216419
F,3216420
F,3216422
F,3216434
F,3216438
F,3216439
F,3216469
F,3216472
F,3216473
F,3216477
F,3216486
F,3216505
F,3216518
F,3216526
F,3216554
F,3216555
F,3216556
F,3216560
F,3216564
F,3216580
F,3216584
F,3216592
F,3216596
F,3216599
F,3216602
F,3216603
F,3216607
F,3216616
F,3216625
F,3216627
F,3216631
F,3216647
F,3216651
F,3216654
F,3216657
F,3216658
F,3216667
F,3216671
F,3216678
F,3216687
F,3216699
F,3216701
F,3216707
F,3216715
F,3216738
F,3216749
F,3216763
F,3216771
F,3216803
F,3216818
F,3216836
F,3216847
F,3216848
F,3216856
F,3216872
F,3216882
F,3216927
F,3216934
F,3216941
F,3216943
F,3216949
F,3216951
F,3216955
F,3216958
F,3216979
F,3216997
F,3216998
F,3217002
F,3217008
F,3217025
F,3217037
F,3217038
F,3217044
F,3217078
F,3217111
F,3217120
F,3217126
F,3217136
F,3217141
F,3217147
F,3217152
F,3217153
F,3217154
F,3217166
F,3217192
F,3217197
F,3217198
F,3217200
F,3217210
F,3217213
F,3217218
F,3217219
F,3217233
F,3217238
F,3217243
F,3217246
F,3217252
F,3217258
F,3217269
F,3217272
F,3217286
F,3217287
F,3217290
F,3217327
F,3217329
F,3217333
F,3217334
F,3217335
F,3217348
F,3217354
F,3217360
F,3217375
F,3217386
F,3217412
F,3217418
F,3217423
F,3217424
F,3217429
F,3217434
F,3217459
F,3217475
F,3217488
F,3217489
F,3217495
F,3217499
F,3217508
F,3217553
F,3217557
F,3217569
F,3217574
F,3217602
F,3217612
F,3217639
F,3217651
F,3217691
F,3217695
F,3217696
F,3217706
F,3217714
F,3217731
F,3217753
F,3217766
F,3217783
F,3217845
F,3217863
F,3217880
F,3217897
F,3217900
F,3217907
F,3217908
F,3217920
F,3217932
F,3217953
F,3217975
F,3217999
F,3218000
F,3218028
F,3218059
F,3218068
F,3218075
F,3218085
F,3218109
F,3218127
F,3218142
F,3218152
F,3218154
F,3218174
F,3218175
F,3218180
F,3218181
F,3218183
F,3218193
F,3218196
F,3218220
F,3218222
F,3218241
F,3218247
F,3218252
F,3218272
F,3218308
F,3218309
F,3218312
F,3218329
F,3218330
F,3218333
F,3218359
F,3218360
F,3218365
F,3218366
F,3218373
F,3218374
F,3218377
F,3218391
F,3218398
F,3218403
F,3218458
F,3218469
F,3218486
F,3218513
F,3218521
F,3218541
F,3218557
F,3218575
F,3218585
F,3218601
F,3218664
F,3218669
F,3218673
F,3218675
F,3218682
F,3218684
F,3218696
F,3218700
F,3218704
F,3218708
F,3218724
F,3218732
F,3218733
F,3218737
F,3218738
F,3218740
F,3218741
F,3218748
F,3218752
F,3218768
F,3218770
F,3218771
F,3218784
F,3218806
F,3218827
F,3218829
F,3218835
F,3218850
F,3218877
F,3218880
F,3218885
F,3218894
F,3218908
F,3218918
F,3218925
F,3218936
F,3218940
F,3218946
F,3218952
F,3218954
F,3218962
F,3218974
F,3218978
F,3219003
F,3219024
F,3219052
F,3219071
F,3219081
F,3219082
F,3219090
F,3219107
F,3219170
F,3219183
F,3219204
F,3219211
F,3219223
F,3219289
F,3219324
F,3219357
F,3219386
F,3219396
F,3219420
F,3219438
F,3219441
F,3219447
F,3219452
F,3219460
F,3219465
F,3219470
F,3219472
F,3219485
F,3219488
F,3219490
F,3219505
F,3219522
F,3219532
F,3219536
F,3219543
F,3219557
F,3219558
F,3219594
F,3219597
F,3219697
F,3219711
F,3219733
F,3219739
F,3219740
F,3219805
F,3219806
F,3219823
F,3219833
F,3219842
F,3219862
F,3219865
F,3219866
F,3219867
F,3219870
F,3219885
F,3219913
F,3219934
F,3219970
F,3219986
F,3219992
F,3220035
F,3220054
F,3220061
F,3220063
F,3220092
F,3220112
F,3220118
F,3220156
F,3220159
F,3220163
F,3220165
F,3220168
F,3220173
F,3220193
F,3220197
F,3220210
F,3220235
F,3220260
F,3220266
F,3220284
F,3220302
F,3220308
F,3220345
F,3220412
F,3220433
F,3220461
F,3220487
F,3220536
F,3220537
F,3220563
F,3220576
F,3220578
F,3220597
F,3220617
F,3220622
F,3220625
F,3220628
F,3220630
F,3220645
F,3220648
F,3220661
F,3220663
F,3220689
F,3220707
F,3220794
F,3220802
F,3220811
F,3220828
F,3220836
F,3220847
F,3220859
F,3220863
F,3220868
F,3220904
F,3220908
F,3220911
F,3220925
F,3220929
F,3220931
F,3220941
F,3220944
F,3220953
F,3220959
F,3220977
F,3220983
F,3220991
F,3220999
F,3221003
F,3221019
F,3221022
F,3221035
F,3221077
F,3221082
F,3221122
F,3221138
F,3221142
F,3221162
F,3221176
F,3221201
F,3221205
F,3221227
F,3221233
F,3221244
F,3221263
F,3221291
F,3221351
F,3221358
F,3221441
F,3221458
F,3221465
F,3221476
F,3221484
F,3221485
F,3221499
F,3221534
F,3221552
F,3221603
F,3221614
F,3221625
F,3221652
F,3221664
F,3221681
F,3221704
F,3221716
F,3221788
F,3221794
F,3221799
F,3221802
F,3221808
F,3221854
F,3221858
F,3221867
F,3221875
F,3221885
F,3221890
F,3221912
F,3221942
F,3221959
F,3221961
F,3221964
F,3221976
F,3221982
F,3221983
F,3221994
F,3221995
F,3222033
F,3222054
F,3222074
F,3222086
F,3222118
F,3222172
F,3222262
F,3222280
F,3222295
F,3222305
F,3222339
F,3222345
F,3222378
F,3222381
F,3222394
F,3222407
F,3222428
F,3222440
F,3222479
F,3222494
F,3222497
F,3222520
F,3222538
F,3222566
F,3222572
F,3222576
F,3222591
F,3222603
F,3222611
F,3222622
F,3222634
F,3222641
F,3222657
F,3222687
F,3222691
F,3222694
F,3222695
F,3222713
F,3222727
F,3222749
F,3222770
F,3222785
F,3222787
F,3222789
F,3222816
F,3222817
F,3222823
F,3222837
F,3222867
F,3222887
F,3222892
F,3222898
F,3222912
F,3222931
F,3223046
F,3223064
F,3223066
F,3223083
F,3223093
F,3223122
F,3223136
F,3223146
F,3223148
F,3223182
F,3223218
F,3223236
F,3223296
F,3223317
F,3223368
F,3223389
F,3223461
F,3223472
F,3223484
F,3223494
F,3223501
F,3223520
F,3223527
F,3223532
F,3223537
F,3223556
F,3223570
F,3223578
F,3223590
F,3223598
F,3223599
F,3223602
F,3223610
F,3223611
F,3223613
F,3223624
F,3223641
F,3223658
F,3223672
F,3223674
F,3223701
F,3223703
F,3223704
F,3223705
F,3223718
F,3223724
F,3223750
F,3223768
F,3223783
F,3223786
F,3223790
F,3223801
F,3223811
F,3223877
F,3223914
F,3223942
F,3223956
F,3223964
F,3223986
F,3223994
F,3224034
F,3224040
F,3224044
F,3224056
F,3224078
F,3224087
F,3224088
F,3224100
F,3224105
F,3224115
F,3224119
F,3224172
F,3224178
F,3224192
F,3224208
F,3224248
F,3224302
F,3224305
F,3224314
F,3224329
F,3224334
F,3224368
F,3224412
F,3224425
F,3224436
F,3224445
F,3224448
F,3224462
F,3224473
F,3224492
F,3224496
F,3224520
F,3224527
F,3224543
F,3224545
F,3224555
F,3224559
F,3224583
F,3224601
F,3224633
F,3224639
F,3224659
F,3224678
F,3224712
F,3224721
F,3224739
F,3224761
F,3224762
F,3224771
F,3224787
F,3224821
F,3224829
F,3224848
F,3224888
F,3224890
F,3224930
F,3224949
F,3224969
F,3224993
F,3224998
F,3225002
F,3225027
F,3225030
F,3225059
F,3225068
F,3225077
F,3225115
F,3225132
F,3225136
F,3225167
F,3225194
F,3225200
F,3225221
F,3225225
F,3225241
F,3225251
F,3225258
F,3225268
F,3225286
F,3225291
F,3225292
F,3225300
F,3225368
F,3225382
F,3225401
F,3225421
F,3225426
F,3225455
F,3225480
F,3225503
F,3225505
F,3225521
F,3225525
F,3225546
F,3225578
F,3225593
F,3225603
F,3225644
F,3225664
F,3225695
F,3225708
F,3225718
F,3225739
F,3225779
F,3225795
F,3225798
F,3225811
F,3225814
F,3225828
F,3225853
F,3225888
F,3225894
F,3225896
F,3225909
F,3225920
F,3225940
F,3226019
F,3226023
F,3226028
F,3226046
F,3226060
F,3226061
F,3226072
F,3226074
F,3226193
F,3226194
F,3226211
F,3226230
F,3226245
F,3226253
F,3226269
F,3226283
F,3226293
F,3226306
F,3226347
F,3226359
F,3226363
F,3226391
F,3226398
F,3226403
F,3226415
F,3226429
F,3226434
F,3226443
F,3226444
F,3226462
F,3226472
F,3226483
F,3226490
F,3226493
F,3226501
F,3226511
F,3226526
F,3226527
F,3226532
F,3226535
F,3226547
F,3226551
F,3226556
F,3226557
F,3226566
F,3226568
F,3226569
F,3226581
F,3226635
F,3226638
F,3226640
F,3226665
F,3226670
F,3226677
F,3226692
F,3226720
F,3226730
F,3226734
F,3226742
F,3226744
F,3226754
F,3226770
F,3226774
F,3226800
F,3226802
F,3226808
F,3226814
F,3226818
F,3226829
F,3226845
F,3226865
F,3226867
F,3226868
F,3226869
F,3226879
F,3226881
F,3226896
F,3226898
F,3226899
F,3226901
F,3226910
F,3226941
F,3226945
F,3226970
F,3227002
F,3227005
F,3227014
F,3227035
F,3227064
F,3227074
F,3227084
F,3227089
F,3227108
F,3227110
F,3227117
F,3227131
F,3227162
F,3227168
F,3227179
F,3227208
F,3227225
F,3227229
F,3227243
F,3227249
F,3227255
F,3227280
F,3227285
F,3227310
F,3227314
F,3227322
F,3227340
F,3227376
F,3227379
F,3227401
F,3227404
F,3227405
F,3227422
F,3227430
F,3227477
F,3227508
F,3227510
F,3227614
F,3227628
F,3227632
F,3227656
F,3227666
F,3227673
F,3227683
F,3227684
F,3227733
F,3227749
F,3227753
F,3227821
F,3227824
F,3227828
F,3227843
F,3227852
F,3227854
F,3227855
F,3227858
F,3227873
F,3227876
F,3227881
F,3227884
F,3227895
F,3227896
F,3227911
F,3227914
F,3227916
F,3227927
F,3227960
F,3228011
F,3228055
F,3228059
F,3228087
F,3228108
F,3228109
F,3228118
F,3228129
F,3228140
F,3228142
F,3228152
F,3228177
F,3228183
F,3228186
F,3228204
F,3228242
F,3228249
F,3228273
F,3228288
F,3228317
F,3228318
F,3228327
F,3228332
F,3228359
F,3228387
F,3228427
F,3228431
F,3228453
F,3228470
F,3228482
F,3228522
F,3228545
F,3228730
F,3228739
F,3228753
F,3228780
F,3228784
F,3228787
F,3228788
F,3228792
F,3228804
F,3228868
F,3228900
F,3228999
F,3229035
F,3229112
F,3229120
F,3229132
F,3229198
F,3229201
F,3229204
F,3229227
F,3229248
F,3229255
F,3229269
F,3229304
F,3229330
F,3229353
F,3229360
F,3229382
F,3229395
F,3229413
F,3229433
F,3229467
F,3229484
F,3229509
F,3229543
F,3229552
F,3229553
F,3229556
F,3229596
F,3229612
F,3229633
F,3229649
F,3229656
F,3229660
F,3229661
F,3229676
F,3229678
F,3229682
F,3229692
F,3229758
F,3229835
F,3229845
F,3229918
F,3229929
F,3229933
F,3229955
F,3229990
F,3230011
F,3230014
F,3230017
F,3230036
F,3230066
F,3230130
F,3230135
F,3230136
F,3230167
F,3230169
F,3230181
F,3230194
F,3230198
F,3230203
F,3230213
F,3230240
F,3230245
F,3230251
F,3230258
F,3230259
F,3230261
F,3230266
F,3230269
F,3230273
F,3230275
F,3230277
F,3230284
F,3230285
F,3230289
F,3230293
F,3230305
F,3230307
F,3230316
F,3230337
F,3230352
F,3230359
F,3230366
F,3230368
F,3230370
F,3230371
F,3230372
F,3230373
F,3230386
F,3230393
F,3230397
F,3230406
F,3230423
F,3230429
F,3230436
F,3230442
F,3230452
F,3230456
F,3230464
F,3230468
F,3230469
F,3230494
F,3230511
F,3230516
F,3230523
F,3230534
F,3230576
F,3230587
F,3230596
F,3230601
F,3230603
F,3230641
F,3230651
F,3230660
F,3230704
F,3230762
F,3230786
F,3230795
F,3230797
F,3230800
F,3230802
F,3230815
F,3230816
F,3230826
F,3230830
F,3230846
F,3230847
F,3230850
F,3230851
F,3230865
F,3230872
F,3230887
F,3230894
F,3230901
F,3230932
F,3230939
F,3230943
F,3230951
F,3230953
F,3230960
F,3230977
F,3231007
F,3231010
F,3231027
F,3231059
F,3231060
F,3231075
F,3231152
F,3231154
F,3231155
F,3231158
F,3231169
F,3231170
F,3231181
F,3231194
F,3231203
F,3231208
F,3231229
F,3231233
F,3231236
F,3231237
F,3231241
F,3231243
F,3231251
F,3231265
F,3231271
F,3231317
F,3231319
F,3231324
F,3231325
F,3231338
F,3231346
F,3231352
F,3231358
F,3231363
F,3231368
F,3231373
F,3231386
F,3231389
F,3231393
F,3231408
F,3231417
F,3231434
F,3231435
F,3231459
F,3231462
F,3231469
F,3231470
F,3231532
F,3231541
F,3231564
F,3231566
F,3231573
F,3231585
F,3231612
F,3231644
F,3231646
F,3231651
F,3231671
F,3231676
F,3231685
F,3231700
F,3231716
F,3231727
F,3231740
F,3231741
F,3231742
F,3231744
F,3231767
F,3231789
F,3231794
F,3231797
F,3231798
F,3231804
F,3231812
F,3231813
F,3231814
F,3231818
F,3231821
F,3231822
F,3231823
F,3231833
F,3231841
F,3231849
F,3231859
F,3231878
F,3231879
F,3231900
F,3231945
F,3231974
F,3231984
F,3231987
F,3231988
F,3231990
F,3232015
F,3232016
F,3232020
F,3232033
F,3232078
F,3232086
F,3232110
F,3232130
F,3232132
F,3232143
F,3232165
F,3232176
F,3232198
F,3232217
F,3232221
F,3232227
F,3232316
F,3232323
F,3232333
F,3232337
F,3232345
F,3232353
F,3232362
F,3232372
F,3232373
F,3232380
F,3232402
F,3232405
F,3232413
F,3232418
F,3232426
F,3232435
F,3232438
F,3232449
F,3232467
F,3232478
F,3232483
F,3232486
F,3232489
F,3232499
F,3232509
F,3232559
F,3232562
F,3232567
F,3232590
F,3232649
F,3232680
F,3232694
F,3232755
F,3232766
F,3232769
F,3232823
F,3232838
F,3232843
F,3232851
F,3232856
F,3232871
F,3232878
F,3232879
F,3232882
F,3232888
F,3232893
F,3232934
F,3232960
F,3232965
F,3232968
F,3232976
F,3233006
F,3233007
F,3233010
F,3233015
F,3233026
F,3233040
F,3233051
F,3233077
F,3233089
F,3233091
F,3233098
F,3233114
F,3233172
F,3233191
F,3233199
F,3233211
F,3233215
F,3233217
F,3233218
F,3233220
F,3233229
F,3233235
F,3233249
F,3233251
F,3233254
F,3233265
F,3233277
F,3233280
F,3233282
F,3233287
F,3233309
F,3233319
F,3233324
F,3233331
F,3233334
F,3233337
F,3233338
F,3233347
F,3233409
F,3233447
F,3233451
F,3233460
F,3233461
F,3233462
F,3233467
F,3233480
F,3233482
F,3233503
F,3233505
F,3233519
F,3233537
F,3233540
F,3233543
F,3233556
F,3233560
F,3233565
F,3233580
F,3233587
F,3233592
F,3233599
F,3233623
F,3233627
F,3233636
F,3233650
F,3233659
F,3233660
F,3233666
F,3233671
F,3233677
F,3233685
F,3233690
F,3233740
F,3233744
F,3233767
F,3233776
F,3233782
F,3233799
F,3233808
F,3233813
F,3233817
F,3233818
F,3233825
F,3233835
F,3233839
F,3233845
F,3233848
F,3233851
F,3233860
F,3233878
F,3233879
F,3233880
F,3233885
F,3233892
F,3233893
F,3233901
F,3233903
F,3233906
F,3233909
F,3233912
F,3233923
F,3233943
F,3233959
F,3233976
F,3233977
F,3233982
F,3233986
F,3233990
F,3233994
F,3233997
F,3234002
F,3234003
F,3234005
F,3234016
F,3234048
F,3234049
F,3234050
F,3234052
F,3234053
F,3234054
F,3234055
F,3234067
F,3234071
F,3234076
F,3234085
F,3234092
F,3234100
F,3234107
F,3234116
F,3234118
F,3234133
F,3234135
F,3234143
F,3234158
F,3234165
F,3234187
F,3234192
F,3234210
F,3234268
F,3234271
F,3234277
F,3234298
F,3234310
F,3234313
F,3234315
F,3234317
F,3234318
F,3234321
F,3234323
F,3234337
F,3234343
F,3234398
F,3234419
F,3234434
F,3234446
F,3234448
F,3234455
F,3234457
F,3234458
F,3234463
F,3234466
F,3234467
F,3234470
F,3234535
F,3234540
F,3234556
F,3234581
F,3234590
F,3234592
F,3234595
F,3234604
F,3234631
F,3234663
F,3234687
F,3234699
F,3234705
F,3234716
F,3234721
F,3234738
F,3234756
F,3234767
F,3234803
F,3234813
F,3234823
F,3234827
F,3234831
F,3234834
F,3234837
F,3234839
F,3234841
F,3234850
F,3234855
F,3234869
F,3234949
F,3234952
F,3234954
F,3234967
F,3234990
F,3234998
F,3235021
F,3235053
F,3235067
F,3235071
F,3235093
F,3235095
F,3235098
F,3235121
F,3235128
F,3235140
F,3235141
F,3235144
F,3235158
F,3235161
F,3235176
F,3235186
F,3235188
F,3235190
F,3235192
F,3235208
F,3235217
F,3235247
F,3235252
F,3235260
F,3235265
F,3235289
F,3235292
F,3235315
F,3235327
F,3235365
F,3235383
F,3235389
F,3235402
F,3235428
F,3235430
F,3235436
F,3235443
F,3235445
F,3235453
F,3235466
F,3235474
F,3235475
F,3235477
F,3235483
F,3235486
F,3235487
F,3235496
F,3235497
F,3235498
F,3235542
F,3235548
F,3235549
F,3235552
F,3235559
F,3235562
F,3235567
F,3235572
F,3235586
F,3235588
F,3235591
F,3235605
F,3235617
F,3235621
F,3235629
F,3235658
F,3235669
F,3235679
F,3235683
F,3235691
F,3235692
F,3235702
F,3235740
F,3235742
F,3235750
F,3235761
F,3235778
F,3235781
F,3235798
F,3235799
F,3235824
F,3235832
F,3235845
F,3235852
F,3235853
F,3235857
F,3235870
F,3235873
F,3235892
F,3235896
F,3235899
F,3235904
F,3235918
F,3235935
F,3235943
F,3235946
F,3235970
F,3235982
F,3236028
F,3236032
F,3236035
F,3236066
F,3236096
F,3236108
F,3236111
F,3236114
F,3236117
F,3236121
F,3236128
F,3236129
F,3236132
F,3236139
F,3236140
F,3236166
F,3236185
F,3236198
F,3236199
F,3236205
F,3236215
F,3236233
F,3236246
F,3236248
F,3236249
F,3236266
F,3236271
F,3236303
F,3236305
F,3236311
F,3236345
F,3236373
F,3236384
F,3236391
F,3236392
F,3236394
F,3236411
F,3236414
F,3236417
F,3236418
F,3236422
F,3236425
F,3236431
F,3236445
F,3236453
F,3236463
F,3236467
F,3236473
F,3236499
F,3236514
F,3236542
F,3236543
F,3236544
F,3236549
F,3236552
F,3236553
F,3236578
F,3236596
F,3236597
F,3236624
F,3236626
F,3236640
F,3236652
F,3236653
F,3236654
F,3236660
F,3236671
F,3236707
F,3236730
F,3236746
F,3236757
F,3236768
F,3236773
F,3236775
F,3236779
F,3236842
F,3236963
F,3236973
F,3236975
F,3236978
F,3236980
F,3237000
F,3237001
F,3237006
F,3237009
F,3237010
F,3237012
F,3237023
F,3237032
F,3237041
F,3237043
F,3237078
F,3237083
F,3237095
F,3237102
F,3237104
F,3237106
F,3237110
F,3237114
F,3237160
F,3237166
F,3237183
F,3237188
F,3237195
F,3237198
F,3237201
F,3237204
F,3237219
F,3237221
F,3237223
F,3237226
F,3237234
F,3237247
F,3237255
F,3237256
F,3237265
F,3237270
F,3237285
F,3237297
F,3237299
F,3237305
F,3237327
F,3237372
F,3237377
F,3237378
F,3237384
F,3237392
F,3237397
F,3237398
F,3237399
F,3237406
F,3237415
F,3237420
F,3237423
F,3237430
F,3237431
F,3237434
F,3237437
F,3237438
F,3237447
F,3237452
F,3237453
F,3237454
F,3237458
F,3237464
F,3237472
F,3237474
F,3237484
F,3237491
F,3237495
F,3237498
F,3237512
F,3237524
F,3237530
F,3237532
F,3237534
F,3237562
F,3237570
F,3237572
F,3237575
F,3237579
F,3237581
F,3237583
F,3237586
F,3237587
F,3237594
F,3237598
F,3237599
F,3237602
F,3237629
F,3237630
F,3237633
F,3237634
F,3237651
F,3237665
F,3237681
F,3237698
F,3237702
F,3237733
F,3237737
F,3237755
F,3237772
F,3237786
F,3237791
F,3237798
F,3237800
F,3237806
F,3237820
F,3237821
F,3237830
F,3237833
F,3237839
F,3237840
F,3237843
F,3237864
F,3237877
F,3237879
F,3237893
F,3237899
F,3237911
F,3237923
F,3237927
F,3237940
F,3237950
F,3238001
F,3238009
F,3238013
F,3238018
F,3238034
F,3238038
F,3238039
F,3238040
F,3238060
F,3238064
F,3238075
F,3238094
F,3238107
F,3238126
F,3238134
F,3238165
F,3238166
F,3238191
F,3238222
F,3238228
F,3238233
F,3238263
F,3238270
F,3238272
F,3238283
F,3238284
F,3238286
F,3238297
F,3238308
F,3238319
F,3238324
F,3238326
F,3238330
F,3238332
F,3238334
F,3238359
F,3238367
F,3238377
F,3238380
F,3238381
F,3238388
F,3238390
F,3238391
F,3238418
F,3238427
F,3238434
F,3238438
F,3238444
F,3238459
F,3238475
F,3238485
F,3238503
F,3238541
F,3238551
F,3238553
F,3238558
F,3238593
F,3238595
F,3238598
F,3238599
F,3238615
F,3238616
F,3238619
F,3238625
F,3238626
F,3238633
F,3238644
F,3238651
F,3238657
F,3238671
F,3238673
F,3238675
F,3238679
F,3238697
F,3238698
F,3238704
F,3238720
F,3238731
F,3238745
F,3238750
F,3238752
F,3238788
F,3238792
F,3238799
F,3238804
F,3238812
F,3238815
F,3238823
F,3238832
F,3238859
F,3238864
F,3238867
F,3238875
F,3238889
F,3238899
F,3238909
F,3238946
F,3238952
F,3238988
F,3238993
F,3239015
F,3239019
F,3239021
F,3239031
F,3239039
F,3239041
F,3239051
F,3239055
F,3239061
F,3239073
F,3239090
F,3239101
F,3239104
F,3239128
F,3239133
F,3239136
F,3239140
F,3239145
F,3239172
F,3239173
F,3239180
F,3239189
F,3239193
F,3239204
F,3239216
F,3239230
F,3239262
F,3239266
F,3239296
F,3239297
F,3239305
F,3239309
F,3239310
F,3239358
F,3239362
F,3239393
F,3239394
F,3239407
F,3239453
F,3239457
F,3239500
F,3239519
F,3239529
F,3239545
F,3239546
F,3239567
F,3239605
F,3239609
F,3239617
F,3239618
F,3239674
F,3239681
F,3239700
F,3239702
F,3239717
F,3239728
F,3239739
F,3239743
F,3239746
F,3239752
F,3239754
F,3239758
F,3239762
F,3239764
F,3239788
F,3239799
F,3239803
F,3239818
F,3239825
F,3239826
F,3239828
F,3239836
F,3239840
F,3239842
F,3239871
F,3239889
F,3239900
F,3239907
F,3239909
F,3239915
F,3239936
F,3239938
F,3239941
F,3239946
F,3239950
F,3239958
F,3239971
F,3239976
F,3239980
F,3239986
F,3239996
F,3240001
F,3240007
F,3240028
F,3240035
F,3240036
F,3240088
F,3240093
F,3240095
F,3240103
F,3240119
F,3240124
F,3240131
F,3240132
F,3240133
F,3240157
F,3240199
F,3240212
F,3240217
F,3240219
F,3240220
F,3240228
F,3240238
F,3240255
F,3240265
F,3240267
F,3240273
F,3240289
F,3240296
F,3240297
F,3240298
F,3240307
F,3240317
F,3240328
F,3240337
F,3240352
F,3240355
F,3240358
F,3240359
F,3240379
F,3240395
F,3240400
F,3240404
F,3240407
F,3240410
F,3240412
F,3240420
F,3240421
F,3240426
F,3240435
F,3240437
F,3240457
F,3240461
F,3240468
F,3240495
F,3240496
F,3240497
F,3240498
F,3240516
F,3240523
F,3240524
F,3240525
F,3240545
F,3240559
F,3240563
F,3240595
F,3240605
F,3240611
F,3240616
F,3240639
F,3240675
F,3240685
F,3240689
F,3240696
F,3240704
F,3240722
F,3240727
F,3240733
F,3240735
F,3240736
F,3240738
F,3240739
F,3240741
F,3240742
F,3240750
F,3240760
F,3240765
F,3240776
F,3240777
F,3240780
F,3240802
F,3240805
F,3240812
F,3240817
F,3240819
F,3240823
F,3240843
F,3240854
F,3240862
F,3240863
F,3240869
F,3240879
F,3240883
F,3240892
F,3240893
F,3240900
F,3240923
F,3240929
F,3240930
F,3240936
F,3240943
F,3240959
F,3240969
F,3240970
F,3240973
F,3240985
F,3240990
F,3241010
F,3241011
F,3241013
F,3241028
F,3241064
F,3241065
F,3241069
F,3241072
F,3241183
F,3241191
F,3241195
F,3241202
F,3241218
F,3241265
F,3241268
F,3241274
F,3241281
F,3241285
F,3241301
F,3241304
F,3241311
F,3241316
F,3241345
F,3241350
F,3241357
F,3241395
F,3241410
F,3241415
F,3241417
F,3241427
F,3241448
F,3241449
F,3241464
F,3241494
F,3241496
F,3241501
F,3241503
F,3241509
F,3241510
F,3241545
F,3241546
F,3241560
F,3241561
F,3241570
F,3241576
F,3241577
F,3241581
F,3241591
F,3241607
F,3241609
F,3241628
F,3241644
F,3241658
F,3241670
F,3241671
F,3241672
F,3241675
F,3241730
F,3241756
F,3241777
F,3241798
F,3241806
F,3241807
F,3241809
F,3241822
F,3241836
F,3241858
F,3241866
F,3241906
F,3241907
F,3241911
F,3241936
F,3241942
F,3241948
F,3241949
F,3241960
F,3241990
F,3242040
F,3242055
F,3242086
F,3242098
F,3242099
F,3242111
F,3242116
F,3242157
F,3242183
F,3242186
F,3242196
F,3242208
F,3242213
F,3242214
F,3242229
F,3242247
F,3242249
F,3242270
F,3242281
F,3242282
F,3242301
F,3242305
F,3242314
F,3242325
F,3242359
F,3242377
F,3242437
F,3242442
F,3242448
F,3242496
F,3242534
F,3242547
F,3242586
F,3242590
F,3242595
F,3242600
F,3242611
F,3242612
F,3242621
F,3242626
F,3242636
F,3242639
F,3242642
F,3242648
F,3242652
F,3242672
F,3242675
F,3242737
F,3242750
F,3242752
F,3242758
F,3242759
F,3242799
F,3242807
F,3242808
F,3242852
F,3242853
F,3242855
F,3242856
F,3242860
F,3242876
F,3242890
F,3242894
F,3242895
F,3242896
F,3242910
F,3242928
F,3242951
F,3242952
F,3242957
F,3242987
F,3242995
F,3243007
F,3243027
F,3243031
F,3243032
F,3243062
F,3243063
F,3243071
F,3243112
F,3243119
F,3243121
F,3243142
F,3243152
F,3243154
F,3243155
F,3243157
F,3243181
F,3243193
F,3243207
F,3243217
F,3243252
F,3243257
F,3243258
F,3243269
F,3243281
F,3243283
F,3243289
F,3243308
F,3243310
F,3243330
F,3243336
F,3243341
F,3243346
F,3243372
F,3243378
F,3243381
F,3243404
F,3243411
F,3243432
F,3243438
F,3243448
F,3243449
F,3243453
F,3243470
F,3243476
F,3243486
F,3243499
F,3243539
F,3243586
F,3243589
F,3243597
F,3243600
F,3243602
F,3243657
F,3243660
F,3243669
F,3243681
F,3243687
F,3243703
F,3243710
F,3243716
F,3243750
F,3243754
F,3243755
F,3243759
F,3243789
F,3243827
F,3243838
F,3243854
F,3243867
F,3243901
F,3243966
F,3243974
F,3243984
F,3244004
F,3244012
F,3244013
F,3244014
F,3244056
F,3244097
F,3244103
F,3244107
F,3244115
F,3244123
F,3244130
F,3244172
F,3244178
F,3244190
F,3244196
F,3244215
F,3244229
F,3244235
F,3244251
F,3244258
F,3244264
F,3244271
F,3244287
F,3244288
F,3244301
F,3244307
F,3244316
F,3244322
F,3244324
F,3244328
F,3244350
F,3244362
F,3244363
F,3244367
F,3244369
F,3244392
F,3244412
F,3244429
F,3244437
F,3244490
F,3244504
F,3244512
F,3244515
F,3244551
F,3244559
F,3244560
F,3244605
F,3244616
F,3244617
F,3244622
F,3244625
F,3244626
F,3244631
F,3244636
F,3244637
F,3244644
F,3244648
F,3244659
F,3244679
F,3244737
F,3244759
F,3244791
F,3244804
F,3244834
F,3244841
F,3244868
F,3244883
F,3244895
F,3244900
F,3244905
F,3244914
F,3244954
F,3244960
F,3244970
F,3245009
F,3245016
F,3245018
F,3245041
F,3245043
F,3245045
F,3245072
F,3245079
F,3245169
F,3245203
F,3245245
F,3245251
F,3245264
F,3245269
F,3245275
F,3245306
F,3245315
F,3245323
F,3245356
F,3245362
F,3245377
F,3245416
F,3245439
F,3245463
F,3245471
F,3245483
F,3245487
F,3245490
F,3245503
F,3245552
F,3245561
F,3245579
F,3245585
F,3245590
F,3245601
F,3245603
F,3245638
F,3245647
F,3245654
F,3245674
F,3245679
F,3245681
F,3245703
F,3245718
F,3245729
F,3245735
F,3245736
F,3245748
F,3245776
F,3245793
F,3245798
F,3245806
F,3245818
F,3245819
F,3245820
F,3245878
F,3245881
F,3245901
F,3245926
F,3245927
F,3245981
F,3245994
F,3246008
F,3246016
F,3246056
F,3246064
F,3246069
F,3246076
F,3246111
F,3246117
F,3246119
F,3246138
F,3246140
F,3246168
F,3246186
F,3246196
F,3246197
F,3246241
F,3246250
F,3246279
F,3246289
F,3246299
F,3246302
F,3246308
F,3246329
F,3246331
F,3246337
F,3246362
F,3246375
F,3246384
F,3246404
F,3246407
F,3246429
F,3246442
F,3246486
F,3246572
F,3246586
F,3246587
F,3246595
F,3246643
F,3246657
F,3246661
F,3246673
F,3246675
F,3246681
F,3246683
F,3246721
F,3246734
F,3246735
F,3246755
F,3246757
F,3246808
F,3246811
F,3246818
F,3246820
F,3246832
F,3246838
F,3246860
F,3246867
F,3246873
F,3246897
F,3246938
F,3246946
F,3246986
F,3247003
F,3247006
F,3247015
F,3247037
F,3247039
F,3247057
F,3247058
F,3247060
F,3247067
F,3247082
F,3247117
F,3247143
F,3247223
F,3247240
F,3247243
F,3247244
F,3247276
F,3247303
F,3247316
F,3247334
F,3247355
F,3247405
F,3247425
F,3247426
F,3247443
F,3247457
F,3247479
F,3247483
F,3247497
F,3247503
F,3247515
F,3247540
F,3247573
F,3247595
F,3247605
F,3247629
F,3247638
F,3247647
F,3247667
F,3247694
F,3247726
F,3247750
F,3247790
F,3247827
F,3247828
F,3247845
F,3247852
F,3247869
F,3247889
F,3247911
F,3247929
F,3247944
F,3247954
F,3248000
F,3248004
F,3248021
F,3248074
F,3248077
F,3248149
F,3248150
F,3248161
F,3248203
F,3248209
F,3248239
F,3248249
F,3248251
F,3248301
F,3248309
F,3248343
F,3248362
F,3248364
F,3248366
F,3248377
F,3248383
F,3248393
F,3248410
F,3248435
F,3248483
F,3248500
F,3248519
F,3248522
F,3248540
F,3248549
F,3248574
F,3248577
F,3248620
F,3248676
F,3248688
F,3248692
F,3248707
F,3248723
F,3248737
F,3248757
F,3248772
F,3248800
F,3248848
F,3248869
F,3248870
F,3248910
F,3248965
F,3249038
F,3249048
F,3249049
F,3249053
F,3249063
F,3249115
F,3249132
F,3249134
F,3249140
F,3249152
F,3249153
F,3249203
F,3249232
F,3249235
F,3249237
F,3249250
F,3249251
F,3249259
F,3249261
F,3249267
F,3249273
F,3249279
F,3249282
F,3249283
F,3249286
F,3249289
F,3249293
F,3249295
F,3249314
F,3249337
F,3249351
F,3249352
F,3249361
F,3249382
F,3249389
F,3249401
F,3249415
F,3249424
F,3249449
F,3249456
F,3249459
F,3249464
F,3249473
F,3249476
F,3249479
F,3249481
F,3249485
F,3249489
F,3249500
F,3249539
F,3249558
F,3249593
F,3249594
F,3249625
F,3249629
F,3249649
F,3249663
F,3249695
F,3249704
F,3249720
F,3249722
F,3249736
F,3249739
F,3249749
F,3249750
F,3249761
F,3249776
F,3249777
F,3249787
F,3249817
F,3249837
F,3249855
F,3249859
F,3249868
F,3249875
F,3249880
F,3249883
F,3249894
F,3249900
F,3249913
F,3249915
F,3249916
F,3249918
F,3249928
F,3249932
F,3249945
F,3249950
F,3249952
F,3249969
F,3249973
F,3249980
F,3249984
F,3250004
F,3250013
F,3250018
F,3250031
F,3250042
F,3250100
F,3250104
F,3250108
F,3250127
F,3250158
F,3250159
F,3250165
F,3250182
F,3250190
F,3250191
F,3250192
F,3250202
F,3250221
F,3250230
F,3250238
F,3250247
F,3250250
F,3250257
F,3250261
F,3250264
F,3250266
F,3250277
F,3250283
F,3250347
F,3250383
F,3250385
F,3250394
F,3250400
F,3250409
F,3250410
F,3250412
F,3250466
F,3250479
F,3250518
F,3250595
F,3250596
F,3250603
F,3250614
F,3250620
F,3250623
F,3250624
F,3250633
F,3250650
F,3250680
F,3250683
F,3250687
F,3250703
F,3250718
F,3250733
F,3250735
F,3250759
F,3250760
F,3250769
F,3250796
F,3250798
F,3250805
F,3250807
F,3250809
F,3250810
F,3250823
F,3250826
F,3250829
F,3250830
F,3250848
F,3250862
F,3250871
F,3250876
F,3250880
F,3250883
F,3250886
F,3250890
F,3250899
F,3250902
F,3250915
F,3250935
F,3250956
F,3250981
F,3250985
F,3250986
F,3250990
F,3251014
F,3251028
F,3251042
F,3251044
F,3251057
F,3251069
F,3251072
F,3251073
F,3251078
F,3251085
F,3251095
F,3251096
F,3251097
F,3251108
F,3251113
F,3251127
F,3251134
F,3251141
F,3251180
F,3251199
F,3251214
F,3251220
F,3251233
F,3251261
F,3251266
F,3251289
F,3251302
F,3251320
F,3251331
F,3251337
F,3251345
F,3251375
F,3251381
F,3251386
F,3251388
F,3251391
F,3251393
F,3251418
F,3251426
F,3251436
F,3251468
F,3251662
F,3251675
F,3251695
F,3251707
F,3251708
F,3251739
F,3251754
F,3251758
F,3251808
F,3251873
F,3251908
F,3251916
F,3251950
F,3251967
F,3252001
F,3252024
F,3252163
F,3252187
F,3252207
F,3252433
F,3252537
F,3252556
F,3252597
F,3252604
F,3252624
F,3252630
F,3252697
F,3252699
F,3252729
F,3252803
F,3252811
F,3252835
F,3252843
F,3252865
F,3252875
F,3252900
F,3252954
F,3252969
F,3252976
F,3252989
F,3252999
F,3253062
F,3253074
F,3253105
F,3253110
F,3253111
F,3253115
F,3253131
F,3253136
F,3253147
F,3253193
F,3253218
F,3253224
F,3253228
F,3253256
F,3253258
F,3253279
F,3253315
F,3253338
F,3253340
F,3253341
F,3253362
F,3253366
F,3253368
F,3253369
F,3253371
F,3253380
F,3253388
F,3253408
F,3253411
F,3253412
F,3253414
F,3253421
F,3253427
F,3253432
F,3253443
F,3253450
F,3253452
F,3253453
F,3253459
F,3253464
F,3253476
F,3253479
F,3253486
F,3253497
F,3253509
F,3253510
F,3253521
F,3253523
F,3253525
F,3253541
F,3253555
F,3253565
F,3253571
F,3253576
F,3253588
F,3253592
F,3253611
F,3253637
F,3253652
F,3253653
F,3253660
F,3253712
F,3253713
F,3253724
F,3253734
F,3253756
F,3253764
F,3253767
F,3253768
F,3253782
F,3253793
F,3253829
F,3253830
F,3253832
F,3253835
F,3253848
F,3253879
F,3253898
F,3253957
F,3253971
F,3253990
F,3254006
F,3254023
F,3254027
F,3254053
F,3254054
F,3254062
F,3254063
F,3254070
F,3254073
F,3254074
F,3254076
F,3254077
F,3254093
F,3254122
F,3254124
F,3254132
F,3254153
F,3254155
F,3254156
F,3254161
F,3254167
F,3254176
F,3254184
F,3254196
F,3254197
F,3254201
F,3254203
F,3254245
F,3254252
F,3254253
F,3254262
F,3254264
F,3254271
F,3254272
F,3254289
F,3254296
F,3254299
F,3254302
F,3254308
F,3254320
F,3254322
F,3254383
F,3254397
F,3254422
F,3254423
F,3254428
F,3254429
F,3254430
F,3254441
F,3254450
F,3254456
F,3254465
F,3254466
F,3254469
F,3254470
F,3254473
F,3254490
F,3254519
F,3254524
F,3254525
F,3254530
F,3254539
F,3254552
F,3254559
F,3254563
F,3254564
F,3254567
F,3254573
F,3254575
F,3254582
F,3254595
F,3254601
F,3254630
F,3254638
F,3254639
F,3254650
F,3254664
F,3254695
F,3254699
F,3254743
F,3254747
F,3254761
F,3254765
F,3254780
F,3254784
F,3254814
F,3254838
F,3254893
F,3254897
F,3254898
F,3254920
F,3254948
F,3255003
F,3255005
F,3255006
F,3255007
F,3255009
F,3255016
F,3255025
F,3255035
F,3255064
F,3255118
F,3255134
F,3255152
F,3255153
F,3255187
F,3255209
F,3255219
F,3255226
F,3255228
F,3255231
F,3255248
F,3255251
F,3255260
F,3255296
F,3255300
F,3255333
F,3255354
F,3255358
F,3255369
F,3255397
F,3255403
F,3255412
F,3255521
F,3255532
F,3255566
F,3255580
F,3255583
F,3255586
F,3255605
F,3255610
F,3255618
F,3255660
F,3255666
F,3255673
F,3255675
F,3255676
F,3255683
F,3255696
F,3255701
F,3255713
F,3255724
F,3255728
F,3255730
F,3255732
F,3255737
F,3255738
F,3255754
F,3255763
F,3255859
F,3255865
F,3255866
F,3255873
F,3255905
F,3255959
F,3255976
F,3255980
F,3255991
F,3255995
F,3256010
F,3256019
F,3256021
F,3256102
F,3256140
F,3256149
F,3256150
F,3256161
F,3256162
F,3256167
F,3256181
F,3256189
F,3256194
F,3256197
F,3256199
F,3256200
F,3256203
F,3256206
F,3256207
F,3256210
F,3256215
F,3256220
F,3256222
F,3256251
F,3256253
F,3256270
F,3256286
F,3256289
F,3256296
F,3256298
F,3256322
F,3256324
F,3256338
F,3256388
F,3256404
F,3256407
F,3256423
F,3256426
F,3256440
F,3256501
F,3256507
F,3256512
F,3256517
F,3256523
F,3256524
F,3256558
F,3256564
F,3256566
F,3256576
F,3256623
F,3256627
F,3256629
F,3256641
F,3256656
F,3256660
F,3256680
F,3256683
F,3256684
F,3256687
F,3256691
F,3256709
F,3256713
F,3256718
F,3256721
F,3256731
F,3256774
F,3256802
F,3256843
F,3256872
F,3256874
F,3256876
F,3256891
F,3256897
F,3256918
F,3256935
F,3256944
F,3256961
F,3256979
F,3257000
F,3257087
F,3257127
F,3257158
F,3257159
F,3257212
F,3257231
F,3257234
F,3257237
F,3257243
F,3257248
F,3257260
F,3257264
F,3257270
F,3257272
F,3257284
F,3257290
F,3257291
F,3257300
F,3257305
F,3257311
F,3257317
F,3257323
F,3257332
F,3257336
F,3257341
F,3257358
F,3257374
F,3257385
F,3257425
F,3257431
F,3257438
F,3257440
F,3257447
F,3257450
F,3257465
F,3257483
F,3257499
F,3257502
F,3257528
F,3257530
F,3257537
F,3257540
F,3257545
F,3257547
F,3257554
F,3257582
F,3257591
F,3257599
F,3257631
F,3257636
F,3257643
F,3257656
F,3257668
F,3257675
F,3257676
F,3257678
F,3257683
F,3257696
F,3257698
F,3257704
F,3257713
F,3257716
F,3257718
F,3257721
F,3257732
F,3257738
F,3257749
F,3257756
F,3257758
F,3257765
F,3257774
F,3257780
F,3257781
F,3257788
F,3257797
F,3257803
F,3257804
F,3257813
F,3257817
F,3257861
F,3257863
F,3257877
